Order_ID,Supplier_ID,Supplier_Name,Supplier_City,Product_ID,Product_Name,Category,Warehouse_ID,Warehouse_Name,Order_Date,Shipping_Date,Expected_Delivery_Date,Actual_Delivery_Date,Quantity,Unit_Cost,Total_Order_Value,Transportation_Cost,Lead_Time_Days,Delivery_Delay_Days,Delivery_Status,Inventory_Level,Reorder_Level,Inventory_Status,Monthly_Demand_Estimate,Supplier_Performance_Pct
ORD100001,SUP007,Omega Components,Delhi,P012,Oil Filter,Maintenance,WH004,Pune Logistics Hub,2025-10-05,2025-10-08,2025-10-10,2025-10-10,206,310,63860,1962.92,2,0,On Time,581,359,Healthy,316,100.0
ORD100002,SUP004,Delta Auto Parts,Pune,P007,Steel Gear,Mechanical,WH002,Coimbatore Distribution Center,2025-09-06,2025-09-08,2025-09-14,2025-09-14,374,1650,617100,3218.88,6,0,On Time,736,251,Overstocked,435,100.0
ORD100003,SUP007,Omega Components,Delhi,P014,Industrial Fan,Electrical,WH005,Hyderabad Warehouse,2025-02-09,2025-02-10,2025-02-13,2025-02-13,53,3900,206700,1232.29,3,0,On Time,1353,132,Overstocked,34,100.0
ORD100004,SUP006,Zeta Industrial Corp,Mumbai,P009,Motor Coupling,Electrical,WH002,Coimbatore Distribution Center,2025-03-06,2025-03-08,2025-03-13,2025-03-13,452,980,442960,2637.66,5,0,On Time,775,250,Overstocked,373,100.0
ORD100005,SUP001,Alpha Industrial Supplies,Chennai,P002,Brake Pad Set,Automotive,WH003,Bengaluru Warehouse,2025-11-22,2025-11-25,2025-11-29,2025-11-29,263,780,205140,3196.79,4,0,On Time,731,408,Healthy,446,100.0
ORD100006,SUP008,Prime Mechanical Works,Salem,P013,Air Filter,Maintenance,WH001,Chennai Central Warehouse,2025-11-07,2025-11-08,2025-11-11,2025-11-11,303,260,78780,2961.54,3,0,On Time,1112,382,Overstocked,411,100.0
ORD100007,SUP006,Zeta Industrial Corp,Mumbai,P007,Steel Gear,Mechanical,WH003,Bengaluru Warehouse,2025-10-30,2025-10-31,2025-11-04,2025-11-04,102,1650,168300,1204.2,4,0,On Time,1089,328,Overstocked,129,100.0
ORD100008,SUP007,Omega Components,Delhi,P002,Brake Pad Set,Automotive,WH001,Chennai Central Warehouse,2025-03-27,2025-03-29,2025-04-02,2025-04-02,269,780,209820,2939.24,4,0,On Time,955,295,Overstocked,358,100.0
ORD100009,SUP002,Beta Components Ltd,Coimbatore,P002,Brake Pad Set,Automotive,WH001,Chennai Central Warehouse,2025-10-06,2025-10-08,2025-10-11,2025-10-11,11,780,8580,802.67,3,0,On Time,395,321,Healthy,16,100.0
ORD100010,SUP004,Delta Auto Parts,Pune,P010,Pressure Sensor,Electrical,WH003,Bengaluru Warehouse,2025-02-03,2025-02-05,2025-02-07,2025-02-17,447,1450,648150,3302.64,2,10,Delayed,649,198,Overstocked,354,16.67
ORD100011,SUP003,Gamma Manufacturing,Bengaluru,P001,Brake Disc,Automotive,WH002,Coimbatore Distribution Center,2025-03-20,2025-03-22,2025-03-26,2025-03-26,377,1250,471250,3251.47,4,0,On Time,694,251,Overstocked,506,100.0
ORD100012,SUP008,Prime Mechanical Works,Salem,P004,Drive Shaft,Automotive,WH001,Chennai Central Warehouse,2025-09-30,2025-10-02,2025-10-05,2025-10-05,233,3200,745600,2652.73,3,0,On Time,1332,179,Overstocked,223,100.0
ORD100013,SUP005,Epsilon Engineering,Hyderabad,P002,Brake Pad Set,Automotive,WH005,Hyderabad Warehouse,2025-12-03,2025-12-04,2025-12-09,2025-12-09,420,780,327600,4976.5,5,0,On Time,565,278,Healthy,634,100.0
ORD100014,SUP007,Omega Components,Delhi,P007,Steel Gear,Mechanical,WH001,Chennai Central Warehouse,2025-12-24,2025-12-25,2025-12-30,2026-01-06,408,1650,673200,2777.75,5,7,Delayed,624,326,Healthy,477,41.67
ORD100015,SUP004,Delta Auto Parts,Pune,P006,Control Valve,Hydraulics,WH003,Bengaluru Warehouse,2026-06-21,2026-06-24,2026-06-30,2026-07-07,68,2150,146200,1277.7,6,7,Delayed,1306,270,Overstocked,69,46.15
ORD100016,SUP002,Beta Components Ltd,Coimbatore,P008,Timing Belt,Automotive,WH003,Bengaluru Warehouse,2026-04-12,2026-04-14,2026-04-19,2026-04-19,36,620,22320,1043.72,5,0,On Time,883,295,Overstocked,49,100.0
ORD100017,SUP005,Epsilon Engineering,Hyderabad,P004,Drive Shaft,Automotive,WH002,Coimbatore Distribution Center,2025-07-27,2025-07-30,2025-08-03,2025-08-03,134,3200,428800,2051.93,4,0,On Time,1365,199,Overstocked,113,100.0
ORD100018,SUP001,Alpha Industrial Supplies,Chennai,P001,Brake Disc,Automotive,WH002,Coimbatore Distribution Center,2026-03-04,2026-03-06,2026-03-11,2026-03-11,10,1250,12500,755.75,5,0,On Time,553,351,Healthy,13,100.0
ORD100019,SUP007,Omega Components,Delhi,P009,Motor Coupling,Electrical,WH001,Chennai Central Warehouse,2025-02-22,2025-02-23,2025-02-25,2025-02-25,291,980,285180,2537.84,2,0,On Time,783,167,Overstocked,235,100.0
ORD100020,SUP005,Epsilon Engineering,Hyderabad,P006,Control Valve,Hydraulics,WH004,Pune Logistics Hub,2026-04-14,2026-04-16,2026-04-20,2026-04-20,269,2150,578350,3445.07,4,0,On Time,1049,230,Overstocked,244,100.0
ORD100021,SUP006,Zeta Industrial Corp,Mumbai,P009,Motor Coupling,Electrical,WH001,Chennai Central Warehouse,2025-07-31,2025-08-03,2025-08-09,2025-08-09,274,980,268520,1689.18,6,0,On Time,863,253,Overstocked,251,100.0
ORD100022,SUP003,Gamma Manufacturing,Bengaluru,P002,Brake Pad Set,Automotive,WH001,Chennai Central Warehouse,2026-02-19,2026-02-22,2026-02-25,2026-02-25,46,780,35880,998.92,3,0,On Time,566,289,Healthy,58,100.0
ORD100023,SUP008,Prime Mechanical Works,Salem,P001,Brake Disc,Automotive,WH002,Coimbatore Distribution Center,2026-06-14,2026-06-15,2026-06-21,2026-06-27,460,1250,575000,3962.62,6,6,Delayed,453,331,Healthy,604,50.0
ORD100024,SUP007,Omega Components,Delhi,P003,Bearing Assembly,Mechanical,WH005,Hyderabad Warehouse,2026-01-19,2026-01-22,2026-01-25,2026-01-25,489,540,264060,4303.97,3,0,On Time,618,222,Overstocked,476,100.0
ORD100025,SUP007,Omega Components,Delhi,P007,Steel Gear,Mechanical,WH004,Pune Logistics Hub,2026-05-18,2026-05-20,2026-05-26,2026-05-27,299,1650,493350,3436.27,6,1,Delayed,931,333,Overstocked,302,85.71
ORD100026,SUP002,Beta Components Ltd,Coimbatore,P006,Control Valve,Hydraulics,WH005,Hyderabad Warehouse,2025-01-06,2025-01-07,2025-01-14,2025-01-16,12,2150,25800,815.86,7,2,Delayed,432,211,Healthy,11,77.78
ORD100027,SUP004,Delta Auto Parts,Pune,P012,Oil Filter,Maintenance,WH003,Bengaluru Warehouse,2025-04-04,2025-04-06,2025-04-12,2025-04-18,204,310,63240,2462.38,6,6,Delayed,789,391,Healthy,261,50.0
ORD100028,SUP001,Alpha Industrial Supplies,Chennai,P006,Control Valve,Hydraulics,WH004,Pune Logistics Hub,2025-12-08,2025-12-09,2025-12-13,2025-12-19,362,2150,778300,2924.81,4,6,Delayed,612,300,Healthy,418,40.0
ORD100029,SUP002,Beta Components Ltd,Coimbatore,P008,Timing Belt,Automotive,WH003,Bengaluru Warehouse,2025-10-23,2025-10-24,2025-10-29,2025-10-29,377,620,233740,4038.92,5,0,On Time,670,396,Healthy,467,100.0
ORD100030,SUP006,Zeta Industrial Corp,Mumbai,P008,Timing Belt,Automotive,WH005,Hyderabad Warehouse,2025-03-07,2025-03-10,2025-03-13,2025-03-13,129,620,79980,1580.3,3,0,On Time,659,223,Overstocked,141,100.0
ORD100031,SUP006,Zeta Industrial Corp,Mumbai,P001,Brake Disc,Automotive,WH003,Bengaluru Warehouse,2026-01-28,2026-01-31,2026-02-03,2026-02-03,413,1250,516250,2420.92,3,0,On Time,631,286,Healthy,426,100.0
ORD100032,SUP008,Prime Mechanical Works,Salem,P008,Timing Belt,Automotive,WH002,Coimbatore Distribution Center,2025-02-02,2025-02-04,2025-02-10,2025-02-10,485,620,300700,5200.83,6,0,On Time,621,235,Overstocked,454,100.0
ORD100033,SUP003,Gamma Manufacturing,Bengaluru,P005,Hydraulic Pump,Hydraulics,WH003,Bengaluru Warehouse,2026-06-25,2026-06-28,2026-07-01,2026-07-01,259,4800,1243200,3010.7,3,0,On Time,967,183,Overstocked,238,100.0
ORD100034,SUP003,Gamma Manufacturing,Bengaluru,P006,Control Valve,Hydraulics,WH003,Bengaluru Warehouse,2025-03-27,2025-03-30,2025-04-02,2025-04-02,197,2150,423550,1914.8,3,0,On Time,726,207,Overstocked,210,100.0
ORD100035,SUP004,Delta Auto Parts,Pune,P002,Brake Pad Set,Automotive,WH001,Chennai Central Warehouse,2025-09-01,2025-09-03,2025-09-09,2025-09-09,268,780,209040,2048.73,6,0,On Time,1016,305,Overstocked,382,100.0
ORD100036,SUP002,Beta Components Ltd,Coimbatore,P011,Clutch Plate,Automotive,WH002,Coimbatore Distribution Center,2026-03-26,2026-03-27,2026-03-28,2026-03-28,23,2750,63250,971.41,1,0,On Time,816,234,Overstocked,26,100.0
ORD100037,SUP002,Beta Components Ltd,Coimbatore,P014,Industrial Fan,Electrical,WH002,Coimbatore Distribution Center,2025-10-08,2025-10-10,2025-10-14,2025-10-14,267,3900,1041300,3244.44,4,0,On Time,1194,199,Overstocked,179,100.0
ORD100038,SUP004,Delta Auto Parts,Pune,P001,Brake Disc,Automotive,WH005,Hyderabad Warehouse,2026-02-11,2026-02-12,2026-02-17,2026-02-17,23,1250,28750,852.06,5,0,On Time,515,254,Healthy,30,100.0
ORD100039,SUP002,Beta Components Ltd,Coimbatore,P009,Motor Coupling,Electrical,WH002,Coimbatore Distribution Center,2026-01-20,2026-01-23,2026-01-28,2026-01-28,27,980,26460,981.47,5,0,On Time,779,187,Overstocked,23,100.0
ORD100040,SUP006,Zeta Industrial Corp,Mumbai,P011,Clutch Plate,Automotive,WH004,Pune Logistics Hub,2026-06-03,2026-06-05,2026-06-11,2026-06-11,281,2750,772750,2531.83,6,0,On Time,599,255,Healthy,340,100.0
ORD100041,SUP004,Delta Auto Parts,Pune,P004,Drive Shaft,Automotive,WH002,Coimbatore Distribution Center,2025-09-11,2025-09-14,2025-09-20,2025-09-20,260,3200,832000,2771.65,6,0,On Time,1267,233,Overstocked,237,100.0
ORD100042,SUP007,Omega Components,Delhi,P011,Clutch Plate,Automotive,WH004,Pune Logistics Hub,2026-06-19,2026-06-22,2026-06-26,2026-06-26,494,2750,1358500,4068.59,4,0,On Time,571,210,Overstocked,528,100.0
ORD100043,SUP006,Zeta Industrial Corp,Mumbai,P009,Motor Coupling,Electrical,WH001,Chennai Central Warehouse,2025-10-10,2025-10-12,2025-10-15,2025-10-23,259,980,253820,1757.95,3,8,Delayed,246,288,Low,256,27.27
ORD100044,SUP003,Gamma Manufacturing,Bengaluru,P013,Air Filter,Maintenance,WH005,Hyderabad Warehouse,2026-05-03,2026-05-06,2026-05-10,2026-05-10,491,260,127660,5589.49,4,0,On Time,724,280,Overstocked,540,100.0
ORD100045,SUP007,Omega Components,Delhi,P015,Pneumatic Cylinder,Pneumatics,WH003,Bengaluru Warehouse,2026-02-05,2026-02-08,2026-02-12,2026-02-12,406,1850,751100,2730.91,4,0,On Time,908,197,Overstocked,309,100.0
ORD100046,SUP007,Omega Components,Delhi,P001,Brake Disc,Automotive,WH002,Coimbatore Distribution Center,2025-03-14,2025-03-17,2025-03-22,2025-03-22,175,1250,218750,2338.38,5,0,On Time,523,341,Healthy,218,100.0
ORD100047,SUP003,Gamma Manufacturing,Bengaluru,P007,Steel Gear,Mechanical,WH002,Coimbatore Distribution Center,2025-12-18,2025-12-19,2025-12-25,2025-12-25,464,1650,765600,2724.81,6,0,On Time,1002,296,Overstocked,641,100.0
ORD100048,SUP003,Gamma Manufacturing,Bengaluru,P008,Timing Belt,Automotive,WH002,Coimbatore Distribution Center,2026-04-25,2026-04-27,2026-04-28,2026-04-28,247,620,153140,1999.34,1,0,On Time,68,323,Critical,264,100.0
ORD100049,SUP006,Zeta Industrial Corp,Mumbai,P002,Brake Pad Set,Automotive,WH002,Coimbatore Distribution Center,2025-03-12,2025-03-15,2025-03-19,2025-03-19,302,780,235560,3442.33,4,0,On Time,1025,349,Overstocked,372,100.0
ORD100050,SUP002,Beta Components Ltd,Coimbatore,P005,Hydraulic Pump,Hydraulics,WH004,Pune Logistics Hub,2026-04-03,2026-04-06,2026-04-09,2026-04-12,59,4800,283200,1376.94,3,3,Delayed,1363,150,Overstocked,47,50.0
ORD100051,SUP002,Beta Components Ltd,Coimbatore,P015,Pneumatic Cylinder,Pneumatics,WH005,Hyderabad Warehouse,2025-02-27,2025-03-01,2025-03-05,2025-03-05,114,1850,210900,1360.39,4,0,On Time,763,177,Overstocked,76,100.0
ORD100052,SUP001,Alpha Industrial Supplies,Chennai,P001,Brake Disc,Automotive,WH004,Pune Logistics Hub,2026-04-21,2026-04-22,2026-04-26,2026-04-26,266,1250,332500,2871.12,4,0,On Time,517,383,Healthy,331,100.0
ORD100053,SUP007,Omega Components,Delhi,P007,Steel Gear,Mechanical,WH003,Bengaluru Warehouse,2026-03-07,2026-03-08,2026-03-11,2026-03-11,143,1650,235950,1457.66,3,0,On Time,944,296,Overstocked,147,100.0
ORD100054,SUP006,Zeta Industrial Corp,Mumbai,P012,Oil Filter,Maintenance,WH002,Coimbatore Distribution Center,2025-03-24,2025-03-26,2025-04-01,2025-04-01,304,310,94240,3362.02,6,0,On Time,732,334,Healthy,395,100.0
ORD100055,SUP006,Zeta Industrial Corp,Mumbai,P005,Hydraulic Pump,Hydraulics,WH004,Pune Logistics Hub,2026-02-01,2026-02-03,2026-02-06,2026-02-11,49,4800,235200,1105.72,3,5,Delayed,801,147,Overstocked,31,37.5
ORD100056,SUP007,Omega Components,Delhi,P007,Steel Gear,Mechanical,WH005,Hyderabad Warehouse,2025-03-05,2025-03-08,2025-03-10,2025-03-10,133,1650,219450,1710.53,2,0,On Time,364,236,Healthy,120,100.0
ORD100057,SUP004,Delta Auto Parts,Pune,P015,Pneumatic Cylinder,Pneumatics,WH002,Coimbatore Distribution Center,2025-11-07,2025-11-08,2025-11-12,2025-11-12,336,1850,621600,2120.11,4,0,On Time,1616,302,Overstocked,335,100.0
ORD100058,SUP005,Epsilon Engineering,Hyderabad,P007,Steel Gear,Mechanical,WH005,Hyderabad Warehouse,2026-05-20,2026-05-22,2026-05-26,2026-05-26,310,1650,511500,3361.13,4,0,On Time,1024,302,Overstocked,387,100.0
ORD100059,SUP002,Beta Components Ltd,Coimbatore,P002,Brake Pad Set,Automotive,WH002,Coimbatore Distribution Center,2025-04-23,2025-04-24,2025-04-27,2025-04-28,492,780,383760,5195.34,3,1,Delayed,709,277,Overstocked,677,75.0
ORD100060,SUP001,Alpha Industrial Supplies,Chennai,P001,Brake Disc,Automotive,WH004,Pune Logistics Hub,2025-04-05,2025-04-08,2025-04-11,2025-04-11,451,1250,563750,5106.45,3,0,On Time,642,266,Healthy,535,100.0
ORD100061,SUP006,Zeta Industrial Corp,Mumbai,P014,Industrial Fan,Electrical,WH005,Hyderabad Warehouse,2025-08-19,2025-08-20,2025-08-25,2025-08-31,408,3900,1591200,3440.22,5,6,Delayed,1515,190,Overstocked,293,45.45
ORD100062,SUP004,Delta Auto Parts,Pune,P003,Bearing Assembly,Mechanical,WH004,Pune Logistics Hub,2025-07-21,2025-07-22,2025-07-27,2025-07-27,10,540,5400,768.86,5,0,On Time,858,286,Overstocked,13,100.0
ORD100063,SUP005,Epsilon Engineering,Hyderabad,P007,Steel Gear,Mechanical,WH001,Chennai Central Warehouse,2025-01-27,2025-01-28,2025-02-02,2025-02-02,305,1650,503250,1994.83,5,0,On Time,253,295,Low,274,100.0
ORD100064,SUP006,Zeta Industrial Corp,Mumbai,P001,Brake Disc,Automotive,WH003,Bengaluru Warehouse,2025-09-06,2025-09-07,2025-09-12,2025-09-12,122,1250,152500,1840.65,5,0,On Time,601,321,Healthy,149,100.0
ORD100065,SUP005,Epsilon Engineering,Hyderabad,P006,Control Valve,Hydraulics,WH001,Chennai Central Warehouse,2025-05-22,2025-05-24,2025-05-29,2025-05-29,141,2150,303150,1330.47,5,0,On Time,761,233,Overstocked,124,100.0
ORD100066,SUP005,Epsilon Engineering,Hyderabad,P014,Industrial Fan,Electrical,WH004,Pune Logistics Hub,2025-03-09,2025-03-11,2025-03-15,2025-03-15,113,3900,440700,1697.98,4,0,On Time,1105,143,Overstocked,66,100.0
ORD100067,SUP005,Epsilon Engineering,Hyderabad,P007,Steel Gear,Mechanical,WH002,Coimbatore Distribution Center,2025-05-31,2025-06-02,2025-06-06,2025-06-06,233,1650,384450,2098.54,4,0,On Time,967,274,Overstocked,289,100.0
ORD100068,SUP003,Gamma Manufacturing,Bengaluru,P015,Pneumatic Cylinder,Pneumatics,WH004,Pune Logistics Hub,2025-01-12,2025-01-15,2025-01-17,2025-01-17,70,1850,129500,1527.36,2,0,On Time,366,181,Healthy,62,100.0
ORD100069,SUP001,Alpha Industrial Supplies,Chennai,P003,Bearing Assembly,Mechanical,WH005,Hyderabad Warehouse,2026-05-15,2026-05-17,2026-05-20,2026-05-20,271,540,146340,2682.84,3,0,On Time,413,233,Healthy,326,100.0
ORD100070,SUP004,Delta Auto Parts,Pune,P007,Steel Gear,Mechanical,WH001,Chennai Central Warehouse,2026-06-27,2026-06-28,2026-07-04,2026-07-04,91,1650,150150,1342.89,6,0,On Time,628,262,Healthy,102,100.0
ORD100071,SUP002,Beta Components Ltd,Coimbatore,P012,Oil Filter,Maintenance,WH002,Coimbatore Distribution Center,2025-07-20,2025-07-22,2025-07-26,2025-07-26,255,310,79050,2999.3,4,0,On Time,654,284,Healthy,373,100.0
ORD100072,SUP004,Delta Auto Parts,Pune,P007,Steel Gear,Mechanical,WH003,Bengaluru Warehouse,2026-04-24,2026-04-27,2026-05-03,2026-05-03,317,1650,523050,3802.33,6,0,On Time,1031,308,Overstocked,318,100.0
ORD100073,SUP007,Omega Components,Delhi,P004,Drive Shaft,Automotive,WH002,Coimbatore Distribution Center,2025-09-09,2025-09-11,2025-09-13,2025-09-16,98,3200,313600,1470.35,2,3,Delayed,1556,188,Overstocked,77,40.0
ORD100074,SUP002,Beta Components Ltd,Coimbatore,P012,Oil Filter,Maintenance,WH001,Chennai Central Warehouse,2026-05-14,2026-05-15,2026-05-20,2026-05-27,60,310,18600,1180.79,5,7,Delayed,592,336,Healthy,74,41.67
ORD100075,SUP001,Alpha Industrial Supplies,Chennai,P006,Control Valve,Hydraulics,WH001,Chennai Central Warehouse,2025-04-05,2025-04-08,2025-04-11,2025-04-11,405,2150,870750,3603.43,3,0,On Time,1140,263,Overstocked,447,100.0
ORD100076,SUP003,Gamma Manufacturing,Bengaluru,P008,Timing Belt,Automotive,WH002,Coimbatore Distribution Center,2025-06-05,2025-06-08,2025-06-12,2025-06-12,372,620,230640,2996.74,4,0,On Time,847,270,Overstocked,523,100.0
ORD100077,SUP003,Gamma Manufacturing,Bengaluru,P015,Pneumatic Cylinder,Pneumatics,WH003,Bengaluru Warehouse,2026-02-08,2026-02-09,2026-02-12,2026-02-12,138,1850,255300,1303.56,3,0,On Time,1178,193,Overstocked,112,100.0
ORD100078,SUP006,Zeta Industrial Corp,Mumbai,P002,Brake Pad Set,Automotive,WH003,Bengaluru Warehouse,2025-05-01,2025-05-03,2025-05-10,2025-05-10,445,780,347100,4369.73,7,0,On Time,703,367,Healthy,616,100.0
ORD100079,SUP005,Epsilon Engineering,Hyderabad,P004,Drive Shaft,Automotive,WH001,Chennai Central Warehouse,2026-03-26,2026-03-28,2026-03-31,2026-03-31,118,3200,377600,1646.76,3,0,On Time,923,203,Overstocked,84,100.0
ORD100080,SUP007,Omega Components,Delhi,P001,Brake Disc,Automotive,WH002,Coimbatore Distribution Center,2025-08-21,2025-08-22,2025-08-23,2025-08-23,464,1250,580000,2762.0,1,0,On Time,420,320,Healthy,594,100.0
ORD100081,SUP006,Zeta Industrial Corp,Mumbai,P006,Control Valve,Hydraulics,WH002,Coimbatore Distribution Center,2025-08-09,2025-08-10,2025-08-14,2025-08-14,65,2150,139750,1077.79,4,0,On Time,534,284,Healthy,72,100.0
ORD100082,SUP004,Delta Auto Parts,Pune,P003,Bearing Assembly,Mechanical,WH002,Coimbatore Distribution Center,2025-09-05,2025-09-08,2025-09-12,2025-09-12,334,540,180360,3358.73,4,0,On Time,820,356,Healthy,455,100.0
ORD100083,SUP007,Omega Components,Delhi,P010,Pressure Sensor,Electrical,WH004,Pune Logistics Hub,2026-03-12,2026-03-14,2026-03-16,2026-03-16,19,1450,27550,835.16,2,0,On Time,932,224,Overstocked,15,100.0
ORD100084,SUP002,Beta Components Ltd,Coimbatore,P002,Brake Pad Set,Automotive,WH002,Coimbatore Distribution Center,2025-01-04,2025-01-07,2025-01-12,2025-01-12,106,780,82680,1538.62,5,0,On Time,582,266,Healthy,107,100.0
ORD100085,SUP001,Alpha Industrial Supplies,Chennai,P010,Pressure Sensor,Electrical,WH003,Bengaluru Warehouse,2026-02-14,2026-02-16,2026-02-19,2026-02-19,208,1450,301600,2450.15,3,0,On Time,1295,189,Overstocked,175,100.0
ORD100086,SUP001,Alpha Industrial Supplies,Chennai,P003,Bearing Assembly,Mechanical,WH005,Hyderabad Warehouse,2026-03-02,2026-03-04,2026-03-07,2026-03-07,51,540,27540,1028.97,3,0,On Time,694,271,Overstocked,54,100.0
ORD100087,SUP006,Zeta Industrial Corp,Mumbai,P005,Hydraulic Pump,Hydraulics,WH003,Bengaluru Warehouse,2026-03-25,2026-03-28,2026-04-01,2026-04-01,234,4800,1123200,2058.96,4,0,On Time,792,166,Overstocked,166,100.0
ORD100088,SUP004,Delta Auto Parts,Pune,P005,Hydraulic Pump,Hydraulics,WH003,Bengaluru Warehouse,2026-06-29,2026-06-30,2026-07-05,2026-07-12,123,4800,590400,1628.63,5,7,Delayed,1034,199,Overstocked,92,41.67
ORD100089,SUP002,Beta Components Ltd,Coimbatore,P010,Pressure Sensor,Electrical,WH001,Chennai Central Warehouse,2026-03-04,2026-03-06,2026-03-12,2026-03-12,58,1450,84100,1042.13,6,0,On Time,1350,225,Overstocked,40,100.0
ORD100090,SUP004,Delta Auto Parts,Pune,P007,Steel Gear,Mechanical,WH001,Chennai Central Warehouse,2025-10-16,2025-10-17,2025-10-22,2025-10-22,482,1650,795300,4047.24,5,0,On Time,537,274,Healthy,616,100.0
ORD100091,SUP002,Beta Components Ltd,Coimbatore,P005,Hydraulic Pump,Hydraulics,WH001,Chennai Central Warehouse,2025-09-12,2025-09-13,2025-09-15,2025-09-15,492,4800,2361600,4503.75,2,0,On Time,1211,237,Overstocked,420,100.0
ORD100092,SUP006,Zeta Industrial Corp,Mumbai,P012,Oil Filter,Maintenance,WH004,Pune Logistics Hub,2025-07-31,2025-08-03,2025-08-09,2025-08-09,482,310,149420,5475.93,6,0,On Time,573,400,Healthy,594,100.0
ORD100093,SUP004,Delta Auto Parts,Pune,P008,Timing Belt,Automotive,WH004,Pune Logistics Hub,2026-03-28,2026-03-29,2026-04-03,2026-04-03,85,620,52700,1084.18,5,0,On Time,482,262,Healthy,90,100.0
ORD100094,SUP003,Gamma Manufacturing,Bengaluru,P003,Bearing Assembly,Mechanical,WH001,Chennai Central Warehouse,2025-08-03,2025-08-05,2025-08-10,2025-08-10,197,540,106380,2191.74,5,0,On Time,698,235,Overstocked,232,100.0
ORD100095,SUP003,Gamma Manufacturing,Bengaluru,P013,Air Filter,Maintenance,WH001,Chennai Central Warehouse,2025-11-09,2025-11-11,2025-11-13,2025-11-13,170,260,44200,1595.77,2,0,On Time,356,424,Low,240,100.0
ORD100096,SUP005,Epsilon Engineering,Hyderabad,P005,Hydraulic Pump,Hydraulics,WH002,Coimbatore Distribution Center,2025-02-22,2025-02-25,2025-03-02,2025-03-02,169,4800,811200,2216.87,5,0,On Time,1118,143,Overstocked,110,100.0
ORD100097,SUP003,Gamma Manufacturing,Bengaluru,P001,Brake Disc,Automotive,WH003,Bengaluru Warehouse,2025-06-23,2025-06-25,2025-06-29,2025-06-29,214,1250,267500,1652.86,4,0,On Time,374,384,Low,274,100.0
ORD100098,SUP001,Alpha Industrial Supplies,Chennai,P007,Steel Gear,Mechanical,WH003,Bengaluru Warehouse,2025-05-26,2025-05-29,2025-06-01,2025-06-01,260,1650,429000,2628.02,3,0,On Time,1096,218,Overstocked,327,100.0
ORD100099,SUP001,Alpha Industrial Supplies,Chennai,P002,Brake Pad Set,Automotive,WH004,Pune Logistics Hub,2025-08-26,2025-08-29,2025-09-01,2025-09-01,248,780,193440,2663.39,3,0,On Time,613,272,Healthy,361,100.0
ORD100100,SUP008,Prime Mechanical Works,Salem,P003,Bearing Assembly,Mechanical,WH005,Hyderabad Warehouse,2025-10-02,2025-10-05,2025-10-10,2025-10-10,153,540,82620,1653.28,5,0,On Time,603,281,Healthy,190,100.0
ORD100101,SUP008,Prime Mechanical Works,Salem,P011,Clutch Plate,Automotive,WH002,Coimbatore Distribution Center,2026-01-27,2026-01-30,2026-02-04,2026-02-10,491,2750,1350250,5347.98,5,6,Delayed,1119,210,Overstocked,494,45.45
ORD100102,SUP006,Zeta Industrial Corp,Mumbai,P002,Brake Pad Set,Automotive,WH003,Bengaluru Warehouse,2025-08-24,2025-08-25,2025-08-28,2025-08-30,491,780,382980,2930.83,3,2,Delayed,468,370,Healthy,693,60.0
ORD100103,SUP003,Gamma Manufacturing,Bengaluru,P012,Oil Filter,Maintenance,WH003,Bengaluru Warehouse,2025-03-24,2025-03-25,2025-03-27,2025-03-27,172,310,53320,1512.47,2,0,On Time,493,269,Healthy,192,100.0
ORD100104,SUP008,Prime Mechanical Works,Salem,P014,Industrial Fan,Electrical,WH002,Coimbatore Distribution Center,2025-10-25,2025-10-27,2025-10-28,2025-10-28,118,3900,460200,1721.36,1,0,On Time,495,159,Overstocked,102,100.0
ORD100105,SUP007,Omega Components,Delhi,P009,Motor Coupling,Electrical,WH005,Hyderabad Warehouse,2025-01-30,2025-02-01,2025-02-05,2025-02-05,271,980,265580,2697.62,4,0,On Time,1300,227,Overstocked,232,100.0
ORD100106,SUP006,Zeta Industrial Corp,Mumbai,P010,Pressure Sensor,Electrical,WH001,Chennai Central Warehouse,2026-04-09,2026-04-12,2026-04-16,2026-04-16,191,1450,276950,1678.34,4,0,On Time,1718,247,Overstocked,163,100.0
ORD100107,SUP004,Delta Auto Parts,Pune,P010,Pressure Sensor,Electrical,WH004,Pune Logistics Hub,2026-02-25,2026-02-28,2026-03-05,2026-03-05,494,1450,716300,3817.65,5,0,On Time,426,170,Overstocked,368,100.0
ORD100108,SUP003,Gamma Manufacturing,Bengaluru,P015,Pneumatic Cylinder,Pneumatics,WH004,Pune Logistics Hub,2025-05-03,2025-05-04,2025-05-05,2025-05-05,220,1850,407000,1922.68,1,0,On Time,653,252,Overstocked,186,100.0
ORD100109,SUP001,Alpha Industrial Supplies,Chennai,P005,Hydraulic Pump,Hydraulics,WH005,Hyderabad Warehouse,2025-05-24,2025-05-25,2025-05-27,2025-05-27,29,4800,139200,1092.86,2,0,On Time,1115,155,Overstocked,25,100.0
ORD100110,SUP008,Prime Mechanical Works,Salem,P002,Brake Pad Set,Automotive,WH003,Bengaluru Warehouse,2025-01-16,2025-01-17,2025-01-21,2025-01-21,71,780,55380,1229.0,4,0,On Time,588,319,Healthy,87,100.0
ORD100111,SUP004,Delta Auto Parts,Pune,P008,Timing Belt,Automotive,WH002,Coimbatore Distribution Center,2025-07-18,2025-07-20,2025-07-25,2025-07-25,46,620,28520,951.61,5,0,On Time,679,327,Healthy,49,100.0
ORD100112,SUP002,Beta Components Ltd,Coimbatore,P008,Timing Belt,Automotive,WH004,Pune Logistics Hub,2025-01-21,2025-01-23,2025-01-27,2025-01-28,197,620,122140,2058.91,4,1,Delayed,618,323,Healthy,225,80.0
ORD100113,SUP003,Gamma Manufacturing,Bengaluru,P002,Brake Pad Set,Automotive,WH004,Pune Logistics Hub,2026-05-27,2026-05-28,2026-06-01,2026-06-01,165,780,128700,2396.92,4,0,On Time,717,336,Healthy,243,100.0
ORD100114,SUP005,Epsilon Engineering,Hyderabad,P009,Motor Coupling,Electrical,WH003,Bengaluru Warehouse,2025-03-15,2025-03-18,2025-03-25,2025-03-25,430,980,421400,4694.4,7,0,On Time,645,264,Healthy,430,100.0
ORD100115,SUP002,Beta Components Ltd,Coimbatore,P001,Brake Disc,Automotive,WH004,Pune Logistics Hub,2025-12-27,2025-12-28,2026-01-01,2026-01-05,447,1250,558750,2813.69,4,4,Delayed,646,333,Healthy,667,50.0
ORD100116,SUP007,Omega Components,Delhi,P013,Air Filter,Maintenance,WH002,Coimbatore Distribution Center,2025-11-08,2025-11-10,2025-11-15,2025-11-15,78,260,20280,1286.24,5,0,On Time,445,388,Healthy,102,100.0
ORD100117,SUP006,Zeta Industrial Corp,Mumbai,P003,Bearing Assembly,Mechanical,WH003,Bengaluru Warehouse,2025-05-10,2025-05-13,2025-05-17,2025-05-17,473,540,255420,2974.4,4,0,On Time,668,320,Healthy,536,100.0
ORD100118,SUP006,Zeta Industrial Corp,Mumbai,P001,Brake Disc,Automotive,WH005,Hyderabad Warehouse,2026-03-18,2026-03-19,2026-03-22,2026-03-22,296,1250,370000,2313.3,3,0,On Time,280,272,Healthy,331,100.0
ORD100119,SUP004,Delta Auto Parts,Pune,P002,Brake Pad Set,Automotive,WH002,Coimbatore Distribution Center,2025-03-01,2025-03-04,2025-03-09,2025-03-09,160,780,124800,2112.74,5,0,On Time,585,349,Healthy,211,100.0
ORD100120,SUP005,Epsilon Engineering,Hyderabad,P003,Bearing Assembly,Mechanical,WH003,Bengaluru Warehouse,2026-04-30,2026-05-03,2026-05-05,2026-05-05,209,540,112860,2642.02,2,0,On Time,627,318,Healthy,262,100.0
ORD100121,SUP005,Epsilon Engineering,Hyderabad,P004,Drive Shaft,Automotive,WH005,Hyderabad Warehouse,2026-02-09,2026-02-12,2026-02-16,2026-02-16,226,3200,723200,1838.4,4,0,On Time,1339,210,Overstocked,187,100.0
ORD100122,SUP005,Epsilon Engineering,Hyderabad,P001,Brake Disc,Automotive,WH004,Pune Logistics Hub,2025-12-13,2025-12-14,2025-12-17,2025-12-17,93,1250,116250,1651.01,3,0,On Time,595,328,Healthy,116,100.0
ORD100123,SUP001,Alpha Industrial Supplies,Chennai,P004,Drive Shaft,Automotive,WH005,Hyderabad Warehouse,2026-04-26,2026-04-28,2026-04-29,2026-04-29,435,3200,1392000,4579.36,1,0,On Time,1063,237,Overstocked,416,100.0
ORD100124,SUP004,Delta Auto Parts,Pune,P003,Bearing Assembly,Mechanical,WH002,Coimbatore Distribution Center,2025-08-09,2025-08-10,2025-08-18,2025-08-18,16,540,8640,848.17,8,0,On Time,730,260,Overstocked,21,100.0
ORD100125,SUP001,Alpha Industrial Supplies,Chennai,P006,Control Valve,Hydraulics,WH005,Hyderabad Warehouse,2025-06-03,2025-06-05,2025-06-08,2025-06-08,44,2150,94600,1134.51,3,0,On Time,257,315,Low,49,100.0
ORD100126,SUP004,Delta Auto Parts,Pune,P006,Control Valve,Hydraulics,WH001,Chennai Central Warehouse,2025-03-26,2025-03-29,2025-04-02,2025-04-02,144,2150,309600,1690.36,4,0,On Time,306,181,Healthy,152,100.0
ORD100127,SUP003,Gamma Manufacturing,Bengaluru,P005,Hydraulic Pump,Hydraulics,WH003,Bengaluru Warehouse,2026-05-20,2026-05-23,2026-05-27,2026-05-27,80,4800,384000,1586.24,4,0,On Time,1014,208,Overstocked,64,100.0
ORD100128,SUP002,Beta Components Ltd,Coimbatore,P005,Hydraulic Pump,Hydraulics,WH003,Bengaluru Warehouse,2025-08-08,2025-08-11,2025-08-14,2025-08-14,40,4800,192000,1025.79,3,0,On Time,1237,159,Overstocked,30,100.0
ORD100129,SUP001,Alpha Industrial Supplies,Chennai,P001,Brake Disc,Automotive,WH004,Pune Logistics Hub,2026-03-29,2026-03-31,2026-04-05,2026-04-05,198,1250,247500,2238.1,5,0,On Time,560,335,Healthy,222,100.0
ORD100130,SUP005,Epsilon Engineering,Hyderabad,P001,Brake Disc,Automotive,WH005,Hyderabad Warehouse,2025-07-01,2025-07-04,2025-07-07,2025-07-07,194,1250,242500,1918.67,3,0,On Time,468,294,Healthy,215,100.0
ORD100131,SUP002,Beta Components Ltd,Coimbatore,P003,Bearing Assembly,Mechanical,WH004,Pune Logistics Hub,2026-06-06,2026-06-09,2026-06-12,2026-06-12,71,540,38340,1400.28,3,0,On Time,635,352,Healthy,75,100.0
ORD100132,SUP008,Prime Mechanical Works,Salem,P011,Clutch Plate,Automotive,WH003,Bengaluru Warehouse,2026-04-21,2026-04-24,2026-04-29,2026-04-29,407,2750,1119250,2578.81,5,0,On Time,758,300,Overstocked,452,100.0
ORD100133,SUP005,Epsilon Engineering,Hyderabad,P015,Pneumatic Cylinder,Pneumatics,WH002,Coimbatore Distribution Center,2025-06-18,2025-06-21,2025-06-26,2025-06-26,443,1850,819550,3474.27,5,0,On Time,1197,218,Overstocked,401,100.0
ORD100134,SUP003,Gamma Manufacturing,Bengaluru,P013,Air Filter,Maintenance,WH003,Bengaluru Warehouse,2025-09-23,2025-09-25,2025-09-29,2025-09-29,363,260,94380,3800.64,4,0,On Time,915,352,Overstocked,398,100.0
ORD100135,SUP005,Epsilon Engineering,Hyderabad,P007,Steel Gear,Mechanical,WH003,Bengaluru Warehouse,2026-03-10,2026-03-11,2026-03-15,2026-03-15,266,1650,438900,2244.7,4,0,On Time,662,277,Healthy,247,100.0
ORD100136,SUP001,Alpha Industrial Supplies,Chennai,P008,Timing Belt,Automotive,WH001,Chennai Central Warehouse,2025-05-04,2025-05-05,2025-05-09,2025-05-09,475,620,294500,3003.39,4,0,On Time,708,300,Healthy,635,100.0
ORD100137,SUP008,Prime Mechanical Works,Salem,P004,Drive Shaft,Automotive,WH003,Bengaluru Warehouse,2025-01-13,2025-01-16,2025-01-21,2025-01-21,182,3200,582400,1779.65,5,0,On Time,1159,172,Overstocked,157,100.0
ORD100138,SUP004,Delta Auto Parts,Pune,P011,Clutch Plate,Automotive,WH005,Hyderabad Warehouse,2025-06-07,2025-06-08,2025-06-14,2025-06-14,219,2750,602250,2622.62,6,0,On Time,932,236,Overstocked,239,100.0
ORD100139,SUP007,Omega Components,Delhi,P011,Clutch Plate,Automotive,WH004,Pune Logistics Hub,2025-11-19,2025-11-20,2025-11-23,2025-11-23,17,2750,46750,878.9,3,0,On Time,1172,243,Overstocked,23,100.0
ORD100140,SUP001,Alpha Industrial Supplies,Chennai,P012,Oil Filter,Maintenance,WH004,Pune Logistics Hub,2025-03-16,2025-03-19,2025-03-21,2025-03-21,357,310,110670,3151.75,2,0,On Time,578,319,Healthy,530,100.0
ORD100141,SUP004,Delta Auto Parts,Pune,P013,Air Filter,Maintenance,WH002,Coimbatore Distribution Center,2025-07-02,2025-07-04,2025-07-10,2025-07-10,55,260,14300,1080.8,6,0,On Time,975,294,Overstocked,69,100.0
ORD100142,SUP004,Delta Auto Parts,Pune,P007,Steel Gear,Mechanical,WH003,Bengaluru Warehouse,2026-05-17,2026-05-20,2026-05-26,2026-06-02,336,1650,554400,3959.5,6,7,Delayed,500,269,Healthy,407,46.15
ORD100143,SUP008,Prime Mechanical Works,Salem,P011,Clutch Plate,Automotive,WH001,Chennai Central Warehouse,2025-02-10,2025-02-11,2025-02-15,2025-02-15,394,2750,1083500,3836.46,4,0,On Time,671,271,Healthy,375,100.0
ORD100144,SUP005,Epsilon Engineering,Hyderabad,P012,Oil Filter,Maintenance,WH002,Coimbatore Distribution Center,2025-01-28,2025-01-30,2025-02-05,2025-02-05,116,310,35960,1260.17,6,0,On Time,185,233,Low,164,100.0
ORD100145,SUP004,Delta Auto Parts,Pune,P004,Drive Shaft,Automotive,WH003,Bengaluru Warehouse,2025-08-20,2025-08-22,2025-08-26,2025-08-26,310,3200,992000,3655.0,4,0,On Time,1115,240,Overstocked,247,100.0
ORD100146,SUP003,Gamma Manufacturing,Bengaluru,P013,Air Filter,Maintenance,WH002,Coimbatore Distribution Center,2025-01-08,2025-01-10,2025-01-15,2025-01-15,159,260,41340,2067.05,5,0,On Time,854,303,Overstocked,188,100.0
ORD100147,SUP003,Gamma Manufacturing,Bengaluru,P001,Brake Disc,Automotive,WH001,Chennai Central Warehouse,2025-01-16,2025-01-18,2025-01-21,2025-01-21,205,1250,256250,2303.47,3,0,On Time,108,324,Critical,237,100.0
ORD100148,SUP004,Delta Auto Parts,Pune,P015,Pneumatic Cylinder,Pneumatics,WH004,Pune Logistics Hub,2025-04-10,2025-04-11,2025-04-17,2025-04-17,270,1850,499500,2826.6,6,0,On Time,948,220,Overstocked,216,100.0
ORD100149,SUP004,Delta Auto Parts,Pune,P011,Clutch Plate,Automotive,WH002,Coimbatore Distribution Center,2025-02-25,2025-02-28,2025-03-05,2025-03-13,132,2750,363000,1268.68,5,8,Delayed,971,192,Overstocked,130,38.46
ORD100150,SUP001,Alpha Industrial Supplies,Chennai,P001,Brake Disc,Automotive,WH002,Coimbatore Distribution Center,2026-03-19,2026-03-20,2026-03-21,2026-03-23,401,1250,501250,3859.33,1,2,Delayed,764,356,Healthy,551,33.33
ORD100151,SUP007,Omega Components,Delhi,P009,Motor Coupling,Electrical,WH002,Coimbatore Distribution Center,2025-03-08,2025-03-10,2025-03-13,2025-03-13,203,980,198940,2070.46,3,0,On Time,545,244,Healthy,203,100.0
ORD100152,SUP007,Omega Components,Delhi,P001,Brake Disc,Automotive,WH003,Bengaluru Warehouse,2025-10-13,2025-10-16,2025-10-20,2025-10-20,236,1250,295000,2078.7,4,0,On Time,853,415,Healthy,392,100.0
ORD100153,SUP002,Beta Components Ltd,Coimbatore,P011,Clutch Plate,Automotive,WH002,Coimbatore Distribution Center,2026-01-21,2026-01-23,2026-01-28,2026-01-30,410,2750,1127500,2309.19,5,2,Delayed,812,203,Overstocked,418,71.43
ORD100154,SUP005,Epsilon Engineering,Hyderabad,P012,Oil Filter,Maintenance,WH003,Bengaluru Warehouse,2025-12-08,2025-12-09,2025-12-13,2025-12-13,121,310,37510,1344.71,4,0,On Time,781,374,Healthy,182,100.0
ORD100155,SUP001,Alpha Industrial Supplies,Chennai,P009,Motor Coupling,Electrical,WH003,Bengaluru Warehouse,2025-12-24,2025-12-25,2025-12-26,2025-12-26,232,980,227360,2477.85,1,0,On Time,905,242,Overstocked,272,100.0
ORD100156,SUP006,Zeta Industrial Corp,Mumbai,P012,Oil Filter,Maintenance,WH001,Chennai Central Warehouse,2025-07-15,2025-07-17,2025-07-20,2025-07-20,497,310,154070,2756.15,3,0,On Time,736,347,Healthy,607,100.0
ORD100157,SUP003,Gamma Manufacturing,Bengaluru,P001,Brake Disc,Automotive,WH005,Hyderabad Warehouse,2026-05-01,2026-05-03,2026-05-08,2026-05-08,206,1250,257500,2424.78,5,0,On Time,893,367,Healthy,243,100.0
ORD100158,SUP005,Epsilon Engineering,Hyderabad,P004,Drive Shaft,Automotive,WH001,Chennai Central Warehouse,2025-02-07,2025-02-10,2025-02-13,2025-02-13,66,3200,211200,1318.05,3,0,On Time,991,152,Overstocked,48,100.0
ORD100159,SUP006,Zeta Industrial Corp,Mumbai,P006,Control Valve,Hydraulics,WH002,Coimbatore Distribution Center,2025-02-28,2025-03-01,2025-03-08,2025-03-08,149,2150,320350,1550.41,7,0,On Time,932,181,Overstocked,133,100.0
ORD100160,SUP006,Zeta Industrial Corp,Mumbai,P001,Brake Disc,Automotive,WH001,Chennai Central Warehouse,2026-04-13,2026-04-15,2026-04-19,2026-04-19,479,1250,598750,2605.79,4,0,On Time,960,253,Overstocked,663,100.0
ORD100161,SUP001,Alpha Industrial Supplies,Chennai,P007,Steel Gear,Mechanical,WH003,Bengaluru Warehouse,2025-02-07,2025-02-08,2025-02-11,2025-02-11,382,1650,630300,2536.28,3,0,On Time,774,198,Overstocked,404,100.0
ORD100162,SUP008,Prime Mechanical Works,Salem,P003,Bearing Assembly,Mechanical,WH002,Coimbatore Distribution Center,2025-04-15,2025-04-17,2025-04-22,2025-04-22,407,540,219780,3053.95,5,0,On Time,463,248,Healthy,403,100.0
ORD100163,SUP002,Beta Components Ltd,Coimbatore,P006,Control Valve,Hydraulics,WH005,Hyderabad Warehouse,2025-04-05,2025-04-07,2025-04-10,2025-04-14,134,2150,288100,1957.3,3,4,Delayed,1052,195,Overstocked,146,42.86
ORD100164,SUP001,Alpha Industrial Supplies,Chennai,P006,Control Valve,Hydraulics,WH002,Coimbatore Distribution Center,2025-01-19,2025-01-20,2025-01-25,2025-01-25,421,2150,905150,3838.47,5,0,On Time,1255,205,Overstocked,391,100.0
ORD100165,SUP005,Epsilon Engineering,Hyderabad,P013,Air Filter,Maintenance,WH003,Bengaluru Warehouse,2025-03-05,2025-03-06,2025-03-10,2025-03-13,203,260,52780,2552.04,4,3,Delayed,1053,303,Overstocked,265,57.14
ORD100166,SUP003,Gamma Manufacturing,Bengaluru,P004,Drive Shaft,Automotive,WH002,Coimbatore Distribution Center,2025-11-09,2025-11-10,2025-11-14,2025-11-14,400,3200,1280000,4553.57,4,0,On Time,1250,277,Overstocked,382,100.0
ORD100167,SUP007,Omega Components,Delhi,P013,Air Filter,Maintenance,WH001,Chennai Central Warehouse,2025-12-28,2025-12-30,2026-01-02,2026-01-02,442,260,114920,2745.08,3,0,On Time,168,299,Critical,605,100.0
ORD100168,SUP007,Omega Components,Delhi,P006,Control Valve,Hydraulics,WH002,Coimbatore Distribution Center,2025-02-15,2025-02-16,2025-02-20,2025-02-20,112,2150,240800,1595.51,4,0,On Time,674,172,Overstocked,106,100.0
ORD100169,SUP003,Gamma Manufacturing,Bengaluru,P005,Hydraulic Pump,Hydraulics,WH003,Bengaluru Warehouse,2026-05-30,2026-05-31,2026-06-05,2026-06-11,470,4800,2256000,3884.67,5,6,Delayed,915,221,Overstocked,383,45.45
ORD100170,SUP008,Prime Mechanical Works,Salem,P007,Steel Gear,Mechanical,WH002,Coimbatore Distribution Center,2025-02-22,2025-02-23,2025-02-27,2025-02-27,320,1650,528000,2820.36,4,0,On Time,782,224,Overstocked,277,100.0
ORD100171,SUP003,Gamma Manufacturing,Bengaluru,P006,Control Valve,Hydraulics,WH005,Hyderabad Warehouse,2026-01-11,2026-01-12,2026-01-17,2026-01-17,368,2150,791200,2993.82,5,0,On Time,1339,195,Overstocked,287,100.0
ORD100172,SUP004,Delta Auto Parts,Pune,P003,Bearing Assembly,Mechanical,WH004,Pune Logistics Hub,2026-03-14,2026-03-15,2026-03-20,2026-03-26,381,540,205740,3181.93,5,6,Delayed,444,264,Healthy,370,45.45
ORD100173,SUP003,Gamma Manufacturing,Bengaluru,P007,Steel Gear,Mechanical,WH005,Hyderabad Warehouse,2025-10-12,2025-10-14,2025-10-18,2025-10-18,92,1650,151800,1491.59,4,0,On Time,1353,367,Overstocked,114,100.0
ORD100174,SUP008,Prime Mechanical Works,Salem,P002,Brake Pad Set,Automotive,WH002,Coimbatore Distribution Center,2025-09-26,2025-09-27,2025-10-02,2025-10-02,376,780,293280,3449.6,5,0,On Time,590,303,Healthy,517,100.0
ORD100175,SUP002,Beta Components Ltd,Coimbatore,P005,Hydraulic Pump,Hydraulics,WH004,Pune Logistics Hub,2025-03-01,2025-03-02,2025-03-05,2025-03-12,114,4800,547200,1548.02,3,7,Delayed,756,222,Overstocked,87,30.0
ORD100176,SUP001,Alpha Industrial Supplies,Chennai,P008,Timing Belt,Automotive,WH003,Bengaluru Warehouse,2025-05-12,2025-05-13,2025-05-17,2025-05-17,143,620,88660,1371.42,4,0,On Time,921,275,Overstocked,194,100.0
ORD100177,SUP004,Delta Auto Parts,Pune,P006,Control Valve,Hydraulics,WH003,Bengaluru Warehouse,2026-04-10,2026-04-11,2026-04-17,2026-04-17,67,2150,144050,1235.03,6,0,On Time,1167,199,Overstocked,58,100.0
ORD100178,SUP008,Prime Mechanical Works,Salem,P012,Oil Filter,Maintenance,WH005,Hyderabad Warehouse,2025-07-10,2025-07-11,2025-07-14,2025-07-14,98,310,30380,1556.79,3,0,On Time,763,275,Overstocked,117,100.0
ORD100179,SUP007,Omega Components,Delhi,P003,Bearing Assembly,Mechanical,WH003,Bengaluru Warehouse,2025-01-19,2025-01-20,2025-01-24,2025-01-24,490,540,264600,4262.86,4,0,On Time,577,287,Healthy,552,100.0
ORD100180,SUP006,Zeta Industrial Corp,Mumbai,P014,Industrial Fan,Electrical,WH005,Hyderabad Warehouse,2026-02-03,2026-02-06,2026-02-11,2026-02-11,171,3900,666900,1542.7,5,0,On Time,1465,148,Overstocked,111,100.0
ORD100181,SUP007,Omega Components,Delhi,P011,Clutch Plate,Automotive,WH004,Pune Logistics Hub,2026-01-09,2026-01-12,2026-01-15,2026-01-15,200,2750,550000,1976.31,3,0,On Time,501,240,Healthy,202,100.0
ORD100182,SUP007,Omega Components,Delhi,P014,Industrial Fan,Electrical,WH001,Chennai Central Warehouse,2025-02-06,2025-02-07,2025-02-10,2025-02-10,245,3900,955500,2713.56,3,0,On Time,964,177,Overstocked,157,100.0
ORD100183,SUP004,Delta Auto Parts,Pune,P012,Oil Filter,Maintenance,WH004,Pune Logistics Hub,2025-01-28,2025-01-29,2025-02-03,2025-02-03,360,310,111600,3979.66,5,0,On Time,566,302,Healthy,506,100.0
ORD100184,SUP003,Gamma Manufacturing,Bengaluru,P002,Brake Pad Set,Automotive,WH003,Bengaluru Warehouse,2025-03-05,2025-03-07,2025-03-10,2025-03-10,291,780,226980,1847.58,3,0,On Time,517,241,Healthy,396,100.0
ORD100185,SUP007,Omega Components,Delhi,P008,Timing Belt,Automotive,WH005,Hyderabad Warehouse,2025-01-28,2025-01-31,2025-02-03,2025-02-03,273,620,169260,2618.52,3,0,On Time,933,301,Overstocked,319,100.0
ORD100186,SUP006,Zeta Industrial Corp,Mumbai,P002,Brake Pad Set,Automotive,WH004,Pune Logistics Hub,2025-12-03,2025-12-06,2025-12-10,2025-12-10,420,780,327600,3701.33,4,0,On Time,512,291,Healthy,548,100.0
ORD100187,SUP003,Gamma Manufacturing,Bengaluru,P012,Oil Filter,Maintenance,WH001,Chennai Central Warehouse,2025-03-14,2025-03-17,2025-03-23,2025-03-23,253,310,78430,2498.36,6,0,On Time,606,329,Healthy,281,100.0
ORD100188,SUP001,Alpha Industrial Supplies,Chennai,P008,Timing Belt,Automotive,WH001,Chennai Central Warehouse,2025-11-28,2025-11-29,2025-12-01,2025-12-01,387,620,239940,2330.15,2,0,On Time,511,418,Healthy,593,100.0
ORD100189,SUP006,Zeta Industrial Corp,Mumbai,P003,Bearing Assembly,Mechanical,WH001,Chennai Central Warehouse,2025-04-07,2025-04-09,2025-04-13,2025-04-13,457,540,246780,3866.96,4,0,On Time,1037,279,Overstocked,517,100.0
ORD100190,SUP003,Gamma Manufacturing,Bengaluru,P013,Air Filter,Maintenance,WH003,Bengaluru Warehouse,2026-06-15,2026-06-17,2026-06-19,2026-06-19,341,260,88660,3969.17,2,0,On Time,577,287,Healthy,393,100.0
ORD100191,SUP008,Prime Mechanical Works,Salem,P002,Brake Pad Set,Automotive,WH001,Chennai Central Warehouse,2026-02-01,2026-02-03,2026-02-10,2026-02-10,27,780,21060,866.99,7,0,On Time,975,278,Overstocked,27,100.0
ORD100192,SUP002,Beta Components Ltd,Coimbatore,P008,Timing Belt,Automotive,WH004,Pune Logistics Hub,2025-07-24,2025-07-27,2025-07-29,2025-07-29,139,620,86180,1609.57,2,0,On Time,870,245,Overstocked,191,100.0
ORD100193,SUP002,Beta Components Ltd,Coimbatore,P011,Clutch Plate,Automotive,WH003,Bengaluru Warehouse,2025-08-23,2025-08-24,2025-08-29,2025-08-29,313,2750,860750,2033.86,5,0,On Time,725,235,Overstocked,289,100.0
ORD100194,SUP007,Omega Components,Delhi,P001,Brake Disc,Automotive,WH004,Pune Logistics Hub,2025-02-05,2025-02-07,2025-02-10,2025-02-10,245,1250,306250,1851.48,3,0,On Time,613,281,Healthy,306,100.0
ORD100195,SUP002,Beta Components Ltd,Coimbatore,P008,Timing Belt,Automotive,WH002,Coimbatore Distribution Center,2025-01-30,2025-01-31,2025-02-04,2025-02-07,149,620,92380,2063.92,4,3,Delayed,579,242,Healthy,187,57.14
ORD100196,SUP002,Beta Components Ltd,Coimbatore,P012,Oil Filter,Maintenance,WH003,Bengaluru Warehouse,2025-10-21,2025-10-22,2025-10-27,2025-10-27,174,310,53940,2406.92,5,0,On Time,771,294,Overstocked,282,100.0
ORD100197,SUP005,Epsilon Engineering,Hyderabad,P001,Brake Disc,Automotive,WH001,Chennai Central Warehouse,2025-01-13,2025-01-14,2025-01-20,2025-01-20,48,1250,60000,892.85,6,0,On Time,636,301,Healthy,49,100.0
ORD100198,SUP007,Omega Components,Delhi,P008,Timing Belt,Automotive,WH005,Hyderabad Warehouse,2025-12-15,2025-12-18,2025-12-21,2025-12-21,125,620,77500,1925.85,3,0,On Time,597,316,Healthy,187,100.0
ORD100199,SUP002,Beta Components Ltd,Coimbatore,P003,Bearing Assembly,Mechanical,WH001,Chennai Central Warehouse,2025-07-28,2025-07-30,2025-08-03,2025-08-03,394,540,212760,2475.21,4,0,On Time,784,262,Overstocked,467,100.0
ORD100200,SUP003,Gamma Manufacturing,Bengaluru,P009,Motor Coupling,Electrical,WH001,Chennai Central Warehouse,2025-03-18,2025-03-21,2025-03-22,2025-03-22,15,980,14700,828.88,1,0,On Time,452,270,Healthy,13,100.0
ORD100201,SUP007,Omega Components,Delhi,P002,Brake Pad Set,Automotive,WH001,Chennai Central Warehouse,2025-10-20,2025-10-23,2025-10-26,2025-10-26,420,780,327600,3755.46,3,0,On Time,691,283,Healthy,618,100.0
ORD100202,SUP008,Prime Mechanical Works,Salem,P014,Industrial Fan,Electrical,WH004,Pune Logistics Hub,2025-10-29,2025-10-31,2025-11-04,2025-11-04,176,3900,686400,1927.5,4,0,On Time,1417,157,Overstocked,120,100.0
ORD100203,SUP004,Delta Auto Parts,Pune,P013,Air Filter,Maintenance,WH001,Chennai Central Warehouse,2026-02-12,2026-02-15,2026-02-20,2026-02-20,406,260,105560,3305.9,5,0,On Time,773,303,Overstocked,456,100.0
ORD100204,SUP002,Beta Components Ltd,Coimbatore,P002,Brake Pad Set,Automotive,WH003,Bengaluru Warehouse,2025-04-18,2025-04-19,2025-04-21,2025-04-21,135,780,105300,1740.97,2,0,On Time,930,255,Overstocked,191,100.0
ORD100205,SUP001,Alpha Industrial Supplies,Chennai,P005,Hydraulic Pump,Hydraulics,WH004,Pune Logistics Hub,2025-10-26,2025-10-29,2025-11-02,2025-11-02,416,4800,1996800,3150.38,4,0,On Time,886,257,Overstocked,371,100.0
ORD100206,SUP002,Beta Components Ltd,Coimbatore,P008,Timing Belt,Automotive,WH004,Pune Logistics Hub,2026-04-07,2026-04-08,2026-04-10,2026-04-10,290,620,179800,3838.24,2,0,On Time,546,326,Healthy,408,100.0
ORD100207,SUP002,Beta Components Ltd,Coimbatore,P010,Pressure Sensor,Electrical,WH001,Chennai Central Warehouse,2025-05-28,2025-05-30,2025-06-03,2025-06-03,428,1450,620600,2694.43,4,0,On Time,671,213,Overstocked,363,100.0
ORD100208,SUP006,Zeta Industrial Corp,Mumbai,P007,Steel Gear,Mechanical,WH001,Chennai Central Warehouse,2026-04-01,2026-04-04,2026-04-07,2026-04-08,40,1650,66000,866.62,3,1,Delayed,701,241,Overstocked,49,75.0
ORD100209,SUP002,Beta Components Ltd,Coimbatore,P002,Brake Pad Set,Automotive,WH002,Coimbatore Distribution Center,2026-01-30,2026-02-02,2026-02-05,2026-02-05,401,780,312780,4374.77,3,0,On Time,1111,260,Overstocked,495,100.0
ORD100210,SUP004,Delta Auto Parts,Pune,P002,Brake Pad Set,Automotive,WH001,Chennai Central Warehouse,2025-08-23,2025-08-24,2025-08-31,2025-08-31,142,780,110760,1546.1,7,0,On Time,773,357,Healthy,158,100.0
ORD100211,SUP006,Zeta Industrial Corp,Mumbai,P015,Pneumatic Cylinder,Pneumatics,WH004,Pune Logistics Hub,2026-04-28,2026-05-01,2026-05-07,2026-05-14,186,1850,344100,2019.48,6,7,Delayed,721,173,Overstocked,187,46.15
ORD100212,SUP005,Epsilon Engineering,Hyderabad,P007,Steel Gear,Mechanical,WH002,Coimbatore Distribution Center,2026-06-12,2026-06-13,2026-06-19,2026-06-19,31,1650,51150,899.55,6,0,On Time,515,322,Healthy,41,100.0
ORD100213,SUP002,Beta Components Ltd,Coimbatore,P013,Air Filter,Maintenance,WH002,Coimbatore Distribution Center,2025-05-10,2025-05-13,2025-05-19,2025-05-19,478,260,124280,2537.44,6,0,On Time,333,349,Low,567,100.0
ORD100214,SUP007,Omega Components,Delhi,P007,Steel Gear,Mechanical,WH001,Chennai Central Warehouse,2026-06-19,2026-06-21,2026-06-23,2026-06-23,324,1650,534600,2357.57,2,0,On Time,588,314,Healthy,415,100.0
ORD100215,SUP006,Zeta Industrial Corp,Mumbai,P013,Air Filter,Maintenance,WH003,Bengaluru Warehouse,2025-01-02,2025-01-03,2025-01-10,2025-01-10,491,260,127660,3768.37,7,0,On Time,924,212,Overstocked,492,100.0
ORD100216,SUP006,Zeta Industrial Corp,Mumbai,P001,Brake Disc,Automotive,WH001,Chennai Central Warehouse,2025-03-12,2025-03-15,2025-03-18,2025-03-18,288,1250,360000,2577.06,3,0,On Time,584,339,Healthy,309,100.0
ORD100217,SUP002,Beta Components Ltd,Coimbatore,P002,Brake Pad Set,Automotive,WH004,Pune Logistics Hub,2025-01-24,2025-01-27,2025-02-01,2025-02-01,87,780,67860,1357.54,5,0,On Time,433,306,Healthy,90,100.0
ORD100218,SUP002,Beta Components Ltd,Coimbatore,P013,Air Filter,Maintenance,WH001,Chennai Central Warehouse,2025-07-20,2025-07-21,2025-07-24,2025-07-24,175,260,45500,2168.82,3,0,On Time,533,224,Healthy,206,100.0
ORD100219,SUP008,Prime Mechanical Works,Salem,P014,Industrial Fan,Electrical,WH005,Hyderabad Warehouse,2026-05-27,2026-05-28,2026-05-31,2026-05-31,225,3900,877500,2978.03,3,0,On Time,1526,202,Overstocked,137,100.0
ORD100220,SUP004,Delta Auto Parts,Pune,P004,Drive Shaft,Automotive,WH004,Pune Logistics Hub,2025-11-24,2025-11-25,2025-12-01,2025-12-01,82,3200,262400,1268.17,6,0,On Time,923,202,Overstocked,74,100.0
ORD100221,SUP003,Gamma Manufacturing,Bengaluru,P005,Hydraulic Pump,Hydraulics,WH001,Chennai Central Warehouse,2025-12-03,2025-12-05,2025-12-09,2025-12-09,467,4800,2241600,4870.9,4,0,On Time,899,255,Overstocked,457,100.0
ORD100222,SUP004,Delta Auto Parts,Pune,P007,Steel Gear,Mechanical,WH001,Chennai Central Warehouse,2025-02-16,2025-02-18,2025-02-25,2025-02-27,480,1650,792000,4711.02,7,2,Delayed,727,189,Overstocked,463,77.78
ORD100223,SUP006,Zeta Industrial Corp,Mumbai,P006,Control Valve,Hydraulics,WH002,Coimbatore Distribution Center,2025-10-09,2025-10-12,2025-10-17,2025-10-17,286,2150,614900,3348.6,5,0,On Time,1471,240,Overstocked,352,100.0
ORD100224,SUP008,Prime Mechanical Works,Salem,P003,Bearing Assembly,Mechanical,WH001,Chennai Central Warehouse,2025-07-28,2025-07-31,2025-08-05,2025-08-05,296,540,159840,2892.73,5,0,On Time,1083,300,Overstocked,306,100.0
ORD100225,SUP003,Gamma Manufacturing,Bengaluru,P013,Air Filter,Maintenance,WH001,Chennai Central Warehouse,2025-09-19,2025-09-20,2025-09-24,2025-09-24,355,260,92300,2338.63,4,0,On Time,1097,257,Overstocked,394,100.0
ORD100226,SUP008,Prime Mechanical Works,Salem,P003,Bearing Assembly,Mechanical,WH005,Hyderabad Warehouse,2025-05-23,2025-05-25,2025-05-30,2025-06-04,343,540,185220,2522.2,5,5,Delayed,314,247,Healthy,442,50.0
ORD100227,SUP001,Alpha Industrial Supplies,Chennai,P010,Pressure Sensor,Electrical,WH003,Bengaluru Warehouse,2025-04-21,2025-04-24,2025-04-28,2025-04-28,40,1450,58000,1115.73,4,0,On Time,1010,159,Overstocked,32,100.0
ORD100228,SUP005,Epsilon Engineering,Hyderabad,P001,Brake Disc,Automotive,WH001,Chennai Central Warehouse,2026-06-04,2026-06-07,2026-06-11,2026-06-11,270,1250,337500,2426.8,4,0,On Time,536,393,Healthy,373,100.0
ORD100229,SUP005,Epsilon Engineering,Hyderabad,P001,Brake Disc,Automotive,WH003,Bengaluru Warehouse,2025-11-01,2025-11-02,2025-11-07,2025-11-07,391,1250,488750,4330.06,5,0,On Time,802,300,Overstocked,701,100.0
ORD100230,SUP001,Alpha Industrial Supplies,Chennai,P009,Motor Coupling,Electrical,WH002,Coimbatore Distribution Center,2025-08-13,2025-08-14,2025-08-16,2025-08-16,406,980,397880,3906.15,2,0,On Time,1213,247,Overstocked,366,100.0
ORD100231,SUP002,Beta Components Ltd,Coimbatore,P005,Hydraulic Pump,Hydraulics,WH005,Hyderabad Warehouse,2025-02-10,2025-02-11,2025-02-15,2025-02-15,302,4800,1449600,2392.4,4,0,On Time,1207,175,Overstocked,207,100.0
ORD100232,SUP004,Delta Auto Parts,Pune,P009,Motor Coupling,Electrical,WH001,Chennai Central Warehouse,2026-02-21,2026-02-23,2026-02-27,2026-02-27,450,980,441000,3254.87,4,0,On Time,673,203,Overstocked,388,100.0
ORD100233,SUP008,Prime Mechanical Works,Salem,P001,Brake Disc,Automotive,WH004,Pune Logistics Hub,2025-09-16,2025-09-18,2025-09-23,2025-09-29,297,1250,371250,3868.65,5,6,Delayed,475,316,Healthy,358,45.45
ORD100234,SUP005,Epsilon Engineering,Hyderabad,P014,Industrial Fan,Electrical,WH004,Pune Logistics Hub,2025-07-31,2025-08-02,2025-08-08,2025-08-08,197,3900,768300,1620.8,6,0,On Time,1406,148,Overstocked,140,100.0
ORD100235,SUP008,Prime Mechanical Works,Salem,P011,Clutch Plate,Automotive,WH001,Chennai Central Warehouse,2025-12-31,2026-01-01,2026-01-05,2026-01-08,227,2750,624250,2450.54,4,3,Delayed,1052,339,Overstocked,257,57.14
ORD100236,SUP007,Omega Components,Delhi,P013,Air Filter,Maintenance,WH001,Chennai Central Warehouse,2025-03-13,2025-03-15,2025-03-18,2025-03-18,348,260,90480,3798.51,3,0,On Time,773,317,Healthy,361,100.0
ORD100237,SUP004,Delta Auto Parts,Pune,P002,Brake Pad Set,Automotive,WH002,Coimbatore Distribution Center,2025-10-19,2025-10-20,2025-10-26,2025-10-26,445,780,347100,2619.42,6,0,On Time,703,412,Healthy,617,100.0
ORD100238,SUP007,Omega Components,Delhi,P005,Hydraulic Pump,Hydraulics,WH005,Hyderabad Warehouse,2026-04-17,2026-04-19,2026-04-20,2026-04-20,122,4800,585600,1587.69,1,0,On Time,1108,213,Overstocked,95,100.0
ORD100239,SUP001,Alpha Industrial Supplies,Chennai,P005,Hydraulic Pump,Hydraulics,WH003,Bengaluru Warehouse,2025-09-11,2025-09-12,2025-09-15,2025-09-15,154,4800,739200,1851.4,3,0,On Time,1234,232,Overstocked,132,100.0
ORD100240,SUP001,Alpha Industrial Supplies,Chennai,P008,Timing Belt,Automotive,WH003,Bengaluru Warehouse,2025-01-01,2025-01-04,2025-01-08,2025-01-08,330,620,204600,3678.26,4,0,On Time,890,332,Overstocked,418,100.0
ORD100241,SUP007,Omega Components,Delhi,P004,Drive Shaft,Automotive,WH004,Pune Logistics Hub,2025-05-06,2025-05-08,2025-05-09,2025-05-09,384,3200,1228800,3628.57,1,0,On Time,1146,206,Overstocked,358,100.0
ORD100242,SUP007,Omega Components,Delhi,P001,Brake Disc,Automotive,WH004,Pune Logistics Hub,2025-01-31,2025-02-01,2025-02-03,2025-02-10,205,1250,256250,1662.26,2,7,Delayed,612,344,Healthy,235,22.22
ORD100243,SUP002,Beta Components Ltd,Coimbatore,P005,Hydraulic Pump,Hydraulics,WH003,Bengaluru Warehouse,2025-10-01,2025-10-04,2025-10-09,2025-10-09,325,4800,1560000,2392.8,5,0,On Time,1115,170,Overstocked,328,100.0
ORD100244,SUP004,Delta Auto Parts,Pune,P003,Bearing Assembly,Mechanical,WH003,Bengaluru Warehouse,2025-07-18,2025-07-21,2025-07-28,2025-08-03,13,540,7020,796.81,7,6,Delayed,751,226,Overstocked,16,53.85
ORD100245,SUP005,Epsilon Engineering,Hyderabad,P006,Control Valve,Hydraulics,WH004,Pune Logistics Hub,2025-03-14,2025-03-15,2025-03-20,2025-03-20,153,2150,328950,1731.37,5,0,On Time,594,231,Overstocked,125,100.0
ORD100246,SUP007,Omega Components,Delhi,P003,Bearing Assembly,Mechanical,WH002,Coimbatore Distribution Center,2026-01-11,2026-01-12,2026-01-16,2026-01-16,479,540,258660,3085.17,4,0,On Time,544,249,Healthy,443,100.0
ORD100247,SUP005,Epsilon Engineering,Hyderabad,P003,Bearing Assembly,Mechanical,WH005,Hyderabad Warehouse,2025-04-07,2025-04-08,2025-04-12,2025-04-12,293,540,158220,3448.29,4,0,On Time,876,274,Overstocked,310,100.0
ORD100248,SUP004,Delta Auto Parts,Pune,P009,Motor Coupling,Electrical,WH001,Chennai Central Warehouse,2025-07-06,2025-07-08,2025-07-14,2025-07-14,436,980,427280,2323.32,6,0,On Time,723,230,Overstocked,354,100.0
ORD100249,SUP003,Gamma Manufacturing,Bengaluru,P006,Control Valve,Hydraulics,WH001,Chennai Central Warehouse,2026-06-24,2026-06-26,2026-06-29,2026-06-29,116,2150,249400,1666.61,3,0,On Time,1135,264,Overstocked,123,100.0
ORD100250,SUP004,Delta Auto Parts,Pune,P005,Hydraulic Pump,Hydraulics,WH004,Pune Logistics Hub,2025-02-06,2025-02-08,2025-02-14,2025-02-18,152,4800,729600,2425.35,6,4,Delayed,995,197,Overstocked,100,60.0
ORD100251,SUP005,Epsilon Engineering,Hyderabad,P008,Timing Belt,Automotive,WH002,Coimbatore Distribution Center,2025-05-16,2025-05-18,2025-05-21,2025-05-21,488,620,302560,4292.85,3,0,On Time,871,289,Overstocked,710,100.0
ORD100252,SUP007,Omega Components,Delhi,P011,Clutch Plate,Automotive,WH001,Chennai Central Warehouse,2025-06-23,2025-06-25,2025-06-30,2025-06-30,499,2750,1372250,4261.03,5,0,On Time,1028,250,Overstocked,554,100.0
ORD100253,SUP004,Delta Auto Parts,Pune,P006,Control Valve,Hydraulics,WH001,Chennai Central Warehouse,2025-10-05,2025-10-06,2025-10-13,2025-10-16,440,2150,946000,2669.83,7,3,Delayed,1143,299,Overstocked,451,70.0
ORD100254,SUP002,Beta Components Ltd,Coimbatore,P008,Timing Belt,Automotive,WH003,Bengaluru Warehouse,2025-05-14,2025-05-15,2025-05-21,2025-05-27,165,620,102300,1920.89,6,6,Delayed,607,332,Healthy,240,50.0
ORD100255,SUP002,Beta Components Ltd,Coimbatore,P014,Industrial Fan,Electrical,WH005,Hyderabad Warehouse,2026-06-14,2026-06-17,2026-06-21,2026-06-24,403,3900,1571700,3378.35,4,3,Delayed,1427,204,Overstocked,295,57.14
ORD100256,SUP006,Zeta Industrial Corp,Mumbai,P008,Timing Belt,Automotive,WH001,Chennai Central Warehouse,2025-01-03,2025-01-06,2025-01-10,2025-01-13,235,620,145700,1832.1,4,3,Delayed,895,249,Overstocked,230,57.14
ORD100257,SUP007,Omega Components,Delhi,P013,Air Filter,Maintenance,WH001,Chennai Central Warehouse,2026-06-02,2026-06-05,2026-06-10,2026-06-10,424,260,110240,3553.68,5,0,On Time,361,242,Healthy,477,100.0
ORD100258,SUP001,Alpha Industrial Supplies,Chennai,P012,Oil Filter,Maintenance,WH003,Bengaluru Warehouse,2025-10-20,2025-10-23,2025-10-27,2025-10-27,427,310,132370,2356.15,4,0,On Time,1020,451,Healthy,689,100.0
ORD100259,SUP001,Alpha Industrial Supplies,Chennai,P001,Brake Disc,Automotive,WH005,Hyderabad Warehouse,2025-01-21,2025-01-23,2025-01-27,2025-01-27,223,1250,278750,2016.26,4,0,On Time,1142,229,Overstocked,264,100.0
ORD100260,SUP005,Epsilon Engineering,Hyderabad,P006,Control Valve,Hydraulics,WH002,Coimbatore Distribution Center,2025-03-05,2025-03-08,2025-03-11,2025-03-11,159,2150,341850,1958.84,3,0,On Time,1118,251,Overstocked,157,100.0
ORD100261,SUP002,Beta Components Ltd,Coimbatore,P010,Pressure Sensor,Electrical,WH005,Hyderabad Warehouse,2025-02-26,2025-03-01,2025-03-06,2025-03-06,488,1450,707600,4085.58,5,0,On Time,1293,165,Overstocked,397,100.0
ORD100262,SUP007,Omega Components,Delhi,P015,Pneumatic Cylinder,Pneumatics,WH005,Hyderabad Warehouse,2025-06-06,2025-06-09,2025-06-11,2025-06-11,231,1850,427350,1906.19,2,0,On Time,1148,224,Overstocked,232,100.0
ORD100263,SUP003,Gamma Manufacturing,Bengaluru,P007,Steel Gear,Mechanical,WH002,Coimbatore Distribution Center,2025-07-01,2025-07-02,2025-07-06,2025-07-06,221,1650,364650,1570.49,4,0,On Time,689,305,Healthy,265,100.0
ORD100264,SUP002,Beta Components Ltd,Coimbatore,P001,Brake Disc,Automotive,WH004,Pune Logistics Hub,2025-12-17,2025-12-18,2025-12-24,2025-12-24,336,1250,420000,2732.0,6,0,On Time,585,337,Healthy,518,100.0
ORD100265,SUP008,Prime Mechanical Works,Salem,P008,Timing Belt,Automotive,WH004,Pune Logistics Hub,2025-06-19,2025-06-21,2025-06-27,2025-06-27,469,620,290780,4376.26,6,0,On Time,847,269,Overstocked,652,100.0
ORD100266,SUP002,Beta Components Ltd,Coimbatore,P002,Brake Pad Set,Automotive,WH003,Bengaluru Warehouse,2026-01-31,2026-02-02,2026-02-07,2026-02-07,74,780,57720,1248.72,5,0,On Time,481,311,Healthy,75,100.0
ORD100267,SUP003,Gamma Manufacturing,Bengaluru,P011,Clutch Plate,Automotive,WH002,Coimbatore Distribution Center,2025-06-10,2025-06-13,2025-06-14,2025-06-14,493,2750,1355750,2928.94,1,0,On Time,527,213,Healthy,549,100.0
ORD100268,SUP002,Beta Components Ltd,Coimbatore,P007,Steel Gear,Mechanical,WH004,Pune Logistics Hub,2025-05-24,2025-05-25,2025-05-29,2025-05-29,217,1650,358050,2556.14,4,0,On Time,628,248,Overstocked,241,100.0
ORD100269,SUP001,Alpha Industrial Supplies,Chennai,P011,Clutch Plate,Automotive,WH004,Pune Logistics Hub,2025-05-31,2025-06-03,2025-06-09,2025-06-09,22,2750,60500,965.7,6,0,On Time,923,268,Overstocked,24,100.0
ORD100270,SUP001,Alpha Industrial Supplies,Chennai,P012,Oil Filter,Maintenance,WH004,Pune Logistics Hub,2025-06-29,2025-07-02,2025-07-04,2025-07-04,161,310,49910,2002.92,2,0,On Time,417,345,Healthy,227,100.0
ORD100271,SUP001,Alpha Industrial Supplies,Chennai,P009,Motor Coupling,Electrical,WH005,Hyderabad Warehouse,2026-04-03,2026-04-06,2026-04-09,2026-04-15,237,980,232260,2455.9,3,6,Delayed,841,243,Overstocked,232,33.33
ORD100272,SUP002,Beta Components Ltd,Coimbatore,P009,Motor Coupling,Electrical,WH003,Bengaluru Warehouse,2025-05-15,2025-05-16,2025-05-22,2025-05-22,342,980,335160,3337.8,6,0,On Time,911,224,Overstocked,322,100.0
ORD100273,SUP001,Alpha Industrial Supplies,Chennai,P011,Clutch Plate,Automotive,WH004,Pune Logistics Hub,2025-05-30,2025-05-31,2025-06-04,2025-06-12,288,2750,792000,3656.92,4,8,Delayed,506,250,Healthy,316,33.33
ORD100274,SUP005,Epsilon Engineering,Hyderabad,P012,Oil Filter,Maintenance,WH005,Hyderabad Warehouse,2026-06-07,2026-06-08,2026-06-15,2026-06-15,76,310,23560,1471.63,7,0,On Time,123,330,Critical,107,100.0
ORD100275,SUP006,Zeta Industrial Corp,Mumbai,P012,Oil Filter,Maintenance,WH001,Chennai Central Warehouse,2025-12-23,2025-12-26,2025-12-30,2026-01-03,249,310,77190,1639.75,4,4,Delayed,433,430,Healthy,417,50.0
ORD100276,SUP004,Delta Auto Parts,Pune,P001,Brake Disc,Automotive,WH001,Chennai Central Warehouse,2025-04-15,2025-04-18,2025-04-22,2025-04-22,124,1250,155000,1309.19,4,0,On Time,738,249,Overstocked,157,100.0
ORD100277,SUP003,Gamma Manufacturing,Bengaluru,P008,Timing Belt,Automotive,WH002,Coimbatore Distribution Center,2026-04-20,2026-04-22,2026-04-26,2026-04-26,142,620,88040,1327.29,4,0,On Time,796,363,Healthy,188,100.0
ORD100278,SUP004,Delta Auto Parts,Pune,P003,Bearing Assembly,Mechanical,WH005,Hyderabad Warehouse,2025-04-11,2025-04-12,2025-04-16,2025-04-16,359,540,193860,3905.64,4,0,On Time,864,263,Overstocked,429,100.0
ORD100279,SUP007,Omega Components,Delhi,P012,Oil Filter,Maintenance,WH002,Coimbatore Distribution Center,2025-03-30,2025-04-01,2025-04-04,2025-04-04,404,310,125240,2302.16,3,0,On Time,748,297,Overstocked,507,100.0
ORD100280,SUP007,Omega Components,Delhi,P009,Motor Coupling,Electrical,WH004,Pune Logistics Hub,2025-08-31,2025-09-03,2025-09-06,2025-09-06,86,980,84280,1590.54,3,0,On Time,669,257,Overstocked,90,100.0
ORD100281,SUP001,Alpha Industrial Supplies,Chennai,P006,Control Valve,Hydraulics,WH001,Chennai Central Warehouse,2026-01-13,2026-01-15,2026-01-20,2026-01-20,305,2150,655750,1881.11,5,0,On Time,647,209,Overstocked,311,100.0
ORD100282,SUP002,Beta Components Ltd,Coimbatore,P002,Brake Pad Set,Automotive,WH002,Coimbatore Distribution Center,2025-04-14,2025-04-15,2025-04-20,2025-04-20,217,780,169260,2280.92,5,0,On Time,758,324,Healthy,295,100.0
ORD100283,SUP002,Beta Components Ltd,Coimbatore,P005,Hydraulic Pump,Hydraulics,WH003,Bengaluru Warehouse,2026-02-16,2026-02-18,2026-02-23,2026-02-23,175,4800,840000,1803.92,5,0,On Time,1054,200,Overstocked,137,100.0
ORD100284,SUP002,Beta Components Ltd,Coimbatore,P010,Pressure Sensor,Electrical,WH001,Chennai Central Warehouse,2025-03-27,2025-03-29,2025-04-02,2025-04-04,360,1450,522000,2932.49,4,2,Delayed,1380,226,Overstocked,282,66.67
ORD100285,SUP005,Epsilon Engineering,Hyderabad,P003,Bearing Assembly,Mechanical,WH005,Hyderabad Warehouse,2026-03-03,2026-03-05,2026-03-11,2026-03-11,132,540,71280,1621.03,6,0,On Time,836,270,Overstocked,163,100.0
ORD100286,SUP004,Delta Auto Parts,Pune,P001,Brake Disc,Automotive,WH001,Chennai Central Warehouse,2025-02-22,2025-02-25,2025-03-07,2025-03-18,385,1250,481250,3674.13,10,11,Delayed,968,308,Overstocked,493,47.62
ORD100287,SUP001,Alpha Industrial Supplies,Chennai,P013,Air Filter,Maintenance,WH005,Hyderabad Warehouse,2025-09-11,2025-09-12,2025-09-16,2025-09-16,206,260,53560,2184.18,4,0,On Time,602,293,Healthy,281,100.0
ORD100288,SUP003,Gamma Manufacturing,Bengaluru,P011,Clutch Plate,Automotive,WH001,Chennai Central Warehouse,2025-12-16,2025-12-18,2025-12-21,2025-12-21,56,2750,154000,1089.18,3,0,On Time,1149,316,Overstocked,71,100.0
ORD100289,SUP004,Delta Auto Parts,Pune,P003,Bearing Assembly,Mechanical,WH005,Hyderabad Warehouse,2025-05-26,2025-05-29,2025-06-02,2025-06-02,398,540,214920,4153.55,4,0,On Time,1241,245,Overstocked,505,100.0
ORD100290,SUP001,Alpha Industrial Supplies,Chennai,P004,Drive Shaft,Automotive,WH003,Bengaluru Warehouse,2025-12-01,2025-12-02,2025-12-05,2025-12-05,428,3200,1369600,4814.42,3,0,On Time,1081,177,Overstocked,395,100.0
ORD100291,SUP007,Omega Components,Delhi,P015,Pneumatic Cylinder,Pneumatics,WH001,Chennai Central Warehouse,2026-01-12,2026-01-13,2026-01-16,2026-01-16,286,1850,529100,3020.86,3,0,On Time,1164,201,Overstocked,235,100.0
ORD100292,SUP001,Alpha Industrial Supplies,Chennai,P010,Pressure Sensor,Electrical,WH001,Chennai Central Warehouse,2025-12-21,2025-12-22,2025-12-25,2025-12-25,365,1450,529250,3498.72,3,0,On Time,737,195,Overstocked,328,100.0
ORD100293,SUP008,Prime Mechanical Works,Salem,P009,Motor Coupling,Electrical,WH001,Chennai Central Warehouse,2025-08-05,2025-08-07,2025-08-11,2025-08-11,82,980,80360,1239.71,4,0,On Time,1223,257,Overstocked,82,100.0
ORD100294,SUP001,Alpha Industrial Supplies,Chennai,P004,Drive Shaft,Automotive,WH003,Bengaluru Warehouse,2026-02-27,2026-02-28,2026-03-06,2026-03-06,176,3200,563200,2371.72,6,0,On Time,1458,146,Overstocked,123,100.0
ORD100295,SUP007,Omega Components,Delhi,P004,Drive Shaft,Automotive,WH004,Pune Logistics Hub,2026-02-04,2026-02-07,2026-02-12,2026-02-12,181,3200,579200,2154.98,5,0,On Time,794,139,Overstocked,143,100.0
ORD100296,SUP008,Prime Mechanical Works,Salem,P001,Brake Disc,Automotive,WH002,Coimbatore Distribution Center,2025-06-28,2025-06-29,2025-07-03,2025-07-03,385,1250,481250,4211.41,4,0,On Time,773,369,Healthy,540,100.0
ORD100297,SUP008,Prime Mechanical Works,Salem,P011,Clutch Plate,Automotive,WH002,Coimbatore Distribution Center,2026-02-05,2026-02-08,2026-02-11,2026-02-13,182,2750,500500,2301.08,3,2,Delayed,884,224,Overstocked,160,60.0
ORD100298,SUP007,Omega Components,Delhi,P001,Brake Disc,Automotive,WH003,Bengaluru Warehouse,2026-05-17,2026-05-19,2026-05-24,2026-05-24,367,1250,458750,2460.58,5,0,On Time,768,398,Healthy,443,100.0
ORD100299,SUP007,Omega Components,Delhi,P001,Brake Disc,Automotive,WH003,Bengaluru Warehouse,2026-03-22,2026-03-25,2026-03-28,2026-03-28,160,1250,200000,1407.51,3,0,On Time,862,269,Overstocked,185,100.0
ORD100300,SUP005,Epsilon Engineering,Hyderabad,P011,Clutch Plate,Automotive,WH004,Pune Logistics Hub,2026-02-05,2026-02-07,2026-02-09,2026-02-09,305,2750,838750,3554.28,2,0,On Time,889,185,Overstocked,292,100.0
ORD100301,SUP007,Omega Components,Delhi,P014,Industrial Fan,Electrical,WH003,Bengaluru Warehouse,2026-02-23,2026-02-25,2026-03-01,2026-03-01,113,3900,440700,1696.45,4,0,On Time,1248,114,Overstocked,65,100.0
ORD100302,SUP002,Beta Components Ltd,Coimbatore,P011,Clutch Plate,Automotive,WH004,Pune Logistics Hub,2026-03-16,2026-03-17,2026-03-22,2026-03-22,284,2750,781000,3073.9,5,0,On Time,967,237,Overstocked,244,100.0
ORD100303,SUP004,Delta Auto Parts,Pune,P007,Steel Gear,Mechanical,WH005,Hyderabad Warehouse,2025-06-07,2025-06-09,2025-06-12,2025-06-12,49,1650,80850,1231.68,3,0,On Time,1063,234,Overstocked,55,100.0
ORD100304,SUP004,Delta Auto Parts,Pune,P007,Steel Gear,Mechanical,WH002,Coimbatore Distribution Center,2026-01-29,2026-01-30,2026-02-04,2026-02-04,370,1650,610500,3256.66,5,0,On Time,630,274,Healthy,354,100.0
ORD100305,SUP007,Omega Components,Delhi,P007,Steel Gear,Mechanical,WH001,Chennai Central Warehouse,2025-04-19,2025-04-20,2025-04-23,2025-04-23,24,1650,39600,852.91,3,0,On Time,809,216,Overstocked,24,100.0
ORD100306,SUP004,Delta Auto Parts,Pune,P005,Hydraulic Pump,Hydraulics,WH001,Chennai Central Warehouse,2025-07-15,2025-07-18,2025-07-24,2025-07-24,500,4800,2400000,4118.44,6,0,On Time,473,225,Healthy,361,100.0
ORD100307,SUP003,Gamma Manufacturing,Bengaluru,P008,Timing Belt,Automotive,WH003,Bengaluru Warehouse,2026-05-26,2026-05-29,2026-05-31,2026-05-31,421,620,261020,2407.85,2,0,On Time,859,316,Overstocked,570,100.0
ORD100308,SUP005,Epsilon Engineering,Hyderabad,P007,Steel Gear,Mechanical,WH002,Coimbatore Distribution Center,2025-06-04,2025-06-05,2025-06-08,2025-06-13,294,1650,485100,2800.84,3,5,Delayed,1082,313,Overstocked,371,37.5
ORD100309,SUP003,Gamma Manufacturing,Bengaluru,P008,Timing Belt,Automotive,WH005,Hyderabad Warehouse,2026-04-06,2026-04-08,2026-04-12,2026-04-12,456,620,282720,5157.47,4,0,On Time,634,251,Overstocked,643,100.0
ORD100310,SUP002,Beta Components Ltd,Coimbatore,P013,Air Filter,Maintenance,WH003,Bengaluru Warehouse,2025-08-19,2025-08-20,2025-08-23,2025-08-23,407,260,105820,2283.49,3,0,On Time,772,241,Overstocked,439,100.0
ORD100311,SUP004,Delta Auto Parts,Pune,P015,Pneumatic Cylinder,Pneumatics,WH003,Bengaluru Warehouse,2025-04-25,2025-04-26,2025-05-02,2025-05-02,80,1850,148000,1440.57,6,0,On Time,927,203,Overstocked,67,100.0
ORD100312,SUP004,Delta Auto Parts,Pune,P001,Brake Disc,Automotive,WH004,Pune Logistics Hub,2025-02-22,2025-02-24,2025-02-28,2025-02-28,375,1250,468750,4304.23,4,0,On Time,530,283,Healthy,377,100.0
ORD100313,SUP002,Beta Components Ltd,Coimbatore,P006,Control Valve,Hydraulics,WH002,Coimbatore Distribution Center,2025-10-27,2025-10-30,2025-11-01,2025-11-01,195,2150,419250,1585.03,2,0,On Time,917,283,Overstocked,226,100.0
ORD100314,SUP003,Gamma Manufacturing,Bengaluru,P002,Brake Pad Set,Automotive,WH004,Pune Logistics Hub,2025-09-04,2025-09-05,2025-09-09,2025-09-09,430,780,335400,4932.44,4,0,On Time,469,296,Healthy,485,100.0
ORD100315,SUP003,Gamma Manufacturing,Bengaluru,P005,Hydraulic Pump,Hydraulics,WH001,Chennai Central Warehouse,2025-10-07,2025-10-09,2025-10-12,2025-10-12,434,4800,2083200,4223.49,3,0,On Time,1045,193,Overstocked,350,100.0
ORD100316,SUP003,Gamma Manufacturing,Bengaluru,P004,Drive Shaft,Automotive,WH003,Bengaluru Warehouse,2025-01-24,2025-01-27,2025-01-31,2025-01-31,478,3200,1529600,4066.03,4,0,On Time,746,226,Overstocked,373,100.0
ORD100317,SUP003,Gamma Manufacturing,Bengaluru,P002,Brake Pad Set,Automotive,WH005,Hyderabad Warehouse,2025-05-27,2025-05-29,2025-05-31,2025-05-31,231,780,180180,2008.46,2,0,On Time,813,283,Overstocked,287,100.0
ORD100318,SUP006,Zeta Industrial Corp,Mumbai,P011,Clutch Plate,Automotive,WH004,Pune Logistics Hub,2025-01-03,2025-01-04,2025-01-08,2025-01-16,104,2750,286000,1407.02,4,8,Delayed,819,193,Overstocked,100,33.33
ORD100319,SUP003,Gamma Manufacturing,Bengaluru,P007,Steel Gear,Mechanical,WH005,Hyderabad Warehouse,2025-06-15,2025-06-17,2025-06-22,2025-06-22,71,1650,117150,1319.28,5,0,On Time,668,268,Healthy,87,100.0
ORD100320,SUP008,Prime Mechanical Works,Salem,P013,Air Filter,Maintenance,WH002,Coimbatore Distribution Center,2026-05-24,2026-05-27,2026-05-30,2026-06-06,91,260,23660,1172.89,3,7,Delayed,713,275,Overstocked,125,30.0
ORD100321,SUP008,Prime Mechanical Works,Salem,P001,Brake Disc,Automotive,WH004,Pune Logistics Hub,2025-03-25,2025-03-28,2025-04-03,2025-04-03,496,1250,620000,3867.48,6,0,On Time,563,294,Healthy,600,100.0
ORD100322,SUP004,Delta Auto Parts,Pune,P001,Brake Disc,Automotive,WH003,Bengaluru Warehouse,2026-01-12,2026-01-14,2026-01-21,2026-01-24,297,1250,371250,3552.02,7,3,Delayed,936,306,Overstocked,329,70.0
ORD100323,SUP003,Gamma Manufacturing,Bengaluru,P006,Control Valve,Hydraulics,WH003,Bengaluru Warehouse,2025-01-04,2025-01-05,2025-01-09,2025-01-09,182,2150,391300,2281.1,4,0,On Time,765,230,Overstocked,166,100.0
ORD100324,SUP004,Delta Auto Parts,Pune,P001,Brake Disc,Automotive,WH001,Chennai Central Warehouse,2025-11-03,2025-11-06,2025-11-11,2025-11-11,230,1250,287500,2478.76,5,0,On Time,822,416,Healthy,313,100.0
ORD100325,SUP007,Omega Components,Delhi,P003,Bearing Assembly,Mechanical,WH001,Chennai Central Warehouse,2026-05-18,2026-05-21,2026-05-23,2026-05-23,94,540,50760,1530.64,2,0,On Time,593,244,Healthy,96,100.0
ORD100326,SUP005,Epsilon Engineering,Hyderabad,P015,Pneumatic Cylinder,Pneumatics,WH003,Bengaluru Warehouse,2025-07-06,2025-07-08,2025-07-12,2025-07-12,290,1850,536500,1869.35,4,0,On Time,1268,169,Overstocked,250,100.0
ORD100327,SUP007,Omega Components,Delhi,P003,Bearing Assembly,Mechanical,WH001,Chennai Central Warehouse,2025-04-18,2025-04-21,2025-04-23,2025-04-23,219,540,118260,1774.78,2,0,On Time,1037,319,Overstocked,232,100.0
ORD100328,SUP004,Delta Auto Parts,Pune,P003,Bearing Assembly,Mechanical,WH004,Pune Logistics Hub,2025-11-08,2025-11-11,2025-11-15,2025-11-22,401,540,216540,4135.17,4,7,Delayed,936,291,Overstocked,470,36.36
ORD100329,SUP005,Epsilon Engineering,Hyderabad,P008,Timing Belt,Automotive,WH005,Hyderabad Warehouse,2025-06-02,2025-06-03,2025-06-08,2025-06-08,20,620,12400,854.78,5,0,On Time,1028,295,Overstocked,28,100.0
ORD100330,SUP003,Gamma Manufacturing,Bengaluru,P007,Steel Gear,Mechanical,WH005,Hyderabad Warehouse,2026-05-02,2026-05-04,2026-05-08,2026-05-08,467,1650,770550,2952.95,4,0,On Time,853,271,Overstocked,580,100.0
ORD100331,SUP006,Zeta Industrial Corp,Mumbai,P008,Timing Belt,Automotive,WH001,Chennai Central Warehouse,2026-04-09,2026-04-11,2026-04-15,2026-04-15,39,620,24180,1015.81,4,0,On Time,1014,332,Overstocked,43,100.0
ORD100332,SUP002,Beta Components Ltd,Coimbatore,P006,Control Valve,Hydraulics,WH005,Hyderabad Warehouse,2025-12-23,2025-12-25,2025-12-30,2025-12-30,214,2150,460100,1668.29,5,0,On Time,1321,225,Overstocked,238,100.0
ORD100333,SUP006,Zeta Industrial Corp,Mumbai,P012,Oil Filter,Maintenance,WH001,Chennai Central Warehouse,2025-12-15,2025-12-17,2025-12-22,2025-12-22,177,310,54870,1860.01,5,0,On Time,412,432,Low,303,100.0
ORD100334,SUP007,Omega Components,Delhi,P002,Brake Pad Set,Automotive,WH003,Bengaluru Warehouse,2025-11-25,2025-11-28,2025-12-03,2025-12-03,362,780,282360,3353.62,5,0,On Time,568,336,Healthy,505,100.0
ORD100335,SUP002,Beta Components Ltd,Coimbatore,P006,Control Valve,Hydraulics,WH005,Hyderabad Warehouse,2026-02-06,2026-02-07,2026-02-12,2026-02-12,333,2150,715950,3453.7,5,0,On Time,436,260,Healthy,311,100.0
ORD100336,SUP005,Epsilon Engineering,Hyderabad,P010,Pressure Sensor,Electrical,WH001,Chennai Central Warehouse,2025-09-09,2025-09-11,2025-09-16,2025-09-16,106,1450,153700,1309.26,5,0,On Time,1434,193,Overstocked,84,100.0
ORD100337,SUP001,Alpha Industrial Supplies,Chennai,P012,Oil Filter,Maintenance,WH001,Chennai Central Warehouse,2026-06-14,2026-06-15,2026-06-19,2026-06-19,250,310,77500,1619.41,4,0,On Time,329,392,Low,411,100.0
ORD100338,SUP006,Zeta Industrial Corp,Mumbai,P005,Hydraulic Pump,Hydraulics,WH001,Chennai Central Warehouse,2025-07-08,2025-07-10,2025-07-16,2025-07-16,272,4800,1305600,3100.74,6,0,On Time,469,178,Overstocked,179,100.0
ORD100339,SUP001,Alpha Industrial Supplies,Chennai,P008,Timing Belt,Automotive,WH003,Bengaluru Warehouse,2025-01-05,2025-01-07,2025-01-09,2025-01-09,237,620,146940,2952.79,2,0,On Time,460,316,Healthy,249,100.0
ORD100340,SUP008,Prime Mechanical Works,Salem,P001,Brake Disc,Automotive,WH004,Pune Logistics Hub,2026-01-17,2026-01-18,2026-01-22,2026-01-22,20,1250,25000,890.13,4,0,On Time,259,284,Low,27,100.0
ORD100341,SUP002,Beta Components Ltd,Coimbatore,P002,Brake Pad Set,Automotive,WH001,Chennai Central Warehouse,2025-12-28,2025-12-31,2026-01-04,2026-01-04,97,780,75660,1073.13,4,0,On Time,772,394,Healthy,141,100.0
ORD100342,SUP008,Prime Mechanical Works,Salem,P001,Brake Disc,Automotive,WH001,Chennai Central Warehouse,2026-06-20,2026-06-21,2026-06-25,2026-06-25,257,1250,321250,2447.33,4,0,On Time,437,381,Healthy,329,100.0
ORD100343,SUP007,Omega Components,Delhi,P011,Clutch Plate,Automotive,WH003,Bengaluru Warehouse,2025-08-04,2025-08-05,2025-08-09,2025-08-09,137,2750,376750,1597.29,4,0,On Time,377,269,Healthy,158,100.0
ORD100344,SUP005,Epsilon Engineering,Hyderabad,P004,Drive Shaft,Automotive,WH001,Chennai Central Warehouse,2025-08-20,2025-08-22,2025-08-27,2025-08-27,277,3200,886400,2012.03,5,0,On Time,1048,183,Overstocked,263,100.0
ORD100345,SUP007,Omega Components,Delhi,P011,Clutch Plate,Automotive,WH004,Pune Logistics Hub,2025-11-03,2025-11-06,2025-11-10,2025-11-10,90,2750,247500,1280.74,4,0,On Time,763,271,Overstocked,112,100.0
ORD100346,SUP007,Omega Components,Delhi,P001,Brake Disc,Automotive,WH005,Hyderabad Warehouse,2025-08-03,2025-08-04,2025-08-07,2025-08-07,371,1250,463750,2648.63,3,0,On Time,251,396,Critical,441,100.0
ORD100347,SUP008,Prime Mechanical Works,Salem,P012,Oil Filter,Maintenance,WH004,Pune Logistics Hub,2026-03-05,2026-03-07,2026-03-11,2026-03-11,102,310,31620,1354.56,4,0,On Time,447,379,Healthy,123,100.0
ORD100348,SUP003,Gamma Manufacturing,Bengaluru,P012,Oil Filter,Maintenance,WH005,Hyderabad Warehouse,2025-08-22,2025-08-24,2025-08-28,2025-08-28,328,310,101680,2613.48,4,0,On Time,613,280,Healthy,512,100.0
ORD100349,SUP005,Epsilon Engineering,Hyderabad,P001,Brake Disc,Automotive,WH003,Bengaluru Warehouse,2026-03-04,2026-03-07,2026-03-12,2026-03-12,420,1250,525000,4483.44,5,0,On Time,600,263,Healthy,472,100.0
ORD100350,SUP001,Alpha Industrial Supplies,Chennai,P001,Brake Disc,Automotive,WH004,Pune Logistics Hub,2025-08-21,2025-08-22,2025-08-24,2025-08-24,185,1250,231250,2118.37,2,0,On Time,541,264,Healthy,231,100.0
ORD100351,SUP005,Epsilon Engineering,Hyderabad,P001,Brake Disc,Automotive,WH001,Chennai Central Warehouse,2025-05-03,2025-05-04,2025-05-08,2025-05-08,78,1250,97500,1192.01,4,0,On Time,944,284,Overstocked,94,100.0
ORD100352,SUP002,Beta Components Ltd,Coimbatore,P012,Oil Filter,Maintenance,WH001,Chennai Central Warehouse,2026-06-25,2026-06-27,2026-06-29,2026-06-29,12,310,3720,756.76,2,0,On Time,1116,321,Overstocked,15,100.0
ORD100353,SUP005,Epsilon Engineering,Hyderabad,P003,Bearing Assembly,Mechanical,WH003,Bengaluru Warehouse,2025-10-15,2025-10-16,2025-10-20,2025-10-20,187,540,100980,2419.76,4,0,On Time,693,366,Healthy,244,100.0
ORD100354,SUP005,Epsilon Engineering,Hyderabad,P008,Timing Belt,Automotive,WH001,Chennai Central Warehouse,2026-01-21,2026-01-24,2026-01-28,2026-01-28,66,620,40920,957.64,4,0,On Time,407,222,Healthy,72,100.0
ORD100355,SUP004,Delta Auto Parts,Pune,P006,Control Valve,Hydraulics,WH005,Hyderabad Warehouse,2025-11-19,2025-11-20,2025-11-25,2025-12-01,442,2150,950300,3180.14,5,6,Delayed,794,341,Healthy,453,45.45
ORD100356,SUP004,Delta Auto Parts,Pune,P012,Oil Filter,Maintenance,WH004,Pune Logistics Hub,2025-07-16,2025-07-18,2025-07-25,2025-07-25,487,310,150970,4749.17,7,0,On Time,621,397,Healthy,583,100.0
ORD100357,SUP006,Zeta Industrial Corp,Mumbai,P007,Steel Gear,Mechanical,WH005,Hyderabad Warehouse,2026-06-15,2026-06-16,2026-06-19,2026-06-19,491,1650,810150,4900.62,3,0,On Time,765,258,Overstocked,497,100.0
ORD100358,SUP007,Omega Components,Delhi,P007,Steel Gear,Mechanical,WH002,Coimbatore Distribution Center,2025-07-22,2025-07-25,2025-07-29,2025-07-29,462,1650,762300,4558.35,4,0,On Time,926,258,Overstocked,428,100.0
ORD100359,SUP004,Delta Auto Parts,Pune,P015,Pneumatic Cylinder,Pneumatics,WH003,Bengaluru Warehouse,2026-06-27,2026-06-29,2026-07-07,2026-07-07,298,1850,551300,2636.46,8,0,On Time,1729,235,Overstocked,256,100.0
ORD100360,SUP005,Epsilon Engineering,Hyderabad,P002,Brake Pad Set,Automotive,WH004,Pune Logistics Hub,2025-08-24,2025-08-25,2025-08-30,2025-08-30,169,780,131820,1810.52,5,0,On Time,276,268,Healthy,231,100.0
ORD100361,SUP008,Prime Mechanical Works,Salem,P012,Oil Filter,Maintenance,WH002,Coimbatore Distribution Center,2025-01-13,2025-01-14,2025-01-18,2025-01-21,229,310,70990,1928.64,4,3,Delayed,519,333,Healthy,242,57.14
ORD100362,SUP001,Alpha Industrial Supplies,Chennai,P001,Brake Disc,Automotive,WH003,Bengaluru Warehouse,2025-01-21,2025-01-22,2025-01-24,2025-01-24,137,1250,171250,1746.36,2,0,On Time,1025,300,Overstocked,153,100.0
ORD100363,SUP001,Alpha Industrial Supplies,Chennai,P007,Steel Gear,Mechanical,WH003,Bengaluru Warehouse,2026-06-16,2026-06-17,2026-06-19,2026-06-27,422,1650,696300,3280.42,2,8,Delayed,670,235,Overstocked,506,20.0
ORD100364,SUP001,Alpha Industrial Supplies,Chennai,P013,Air Filter,Maintenance,WH005,Hyderabad Warehouse,2025-10-16,2025-10-19,2025-10-22,2025-10-22,224,260,58240,2075.37,3,0,On Time,896,391,Healthy,326,100.0
ORD100365,SUP005,Epsilon Engineering,Hyderabad,P009,Motor Coupling,Electrical,WH004,Pune Logistics Hub,2025-07-31,2025-08-02,2025-08-05,2025-08-05,199,980,195020,1569.38,3,0,On Time,1019,205,Overstocked,194,100.0
ORD100366,SUP004,Delta Auto Parts,Pune,P010,Pressure Sensor,Electrical,WH001,Chennai Central Warehouse,2026-03-20,2026-03-23,2026-03-28,2026-03-28,348,1450,504600,3779.27,5,0,On Time,1495,164,Overstocked,319,100.0
ORD100367,SUP007,Omega Components,Delhi,P003,Bearing Assembly,Mechanical,WH003,Bengaluru Warehouse,2025-12-03,2025-12-04,2025-12-07,2025-12-07,193,540,104220,1522.09,3,0,On Time,1260,377,Overstocked,228,100.0
ORD100368,SUP006,Zeta Industrial Corp,Mumbai,P006,Control Valve,Hydraulics,WH003,Bengaluru Warehouse,2025-12-27,2025-12-30,2026-01-04,2026-01-04,185,2150,397750,1773.64,5,0,On Time,993,217,Overstocked,172,100.0
ORD100369,SUP003,Gamma Manufacturing,Bengaluru,P005,Hydraulic Pump,Hydraulics,WH001,Chennai Central Warehouse,2026-01-10,2026-01-12,2026-01-16,2026-01-16,121,4800,580800,1913.4,4,0,On Time,482,138,Overstocked,74,100.0
ORD100370,SUP007,Omega Components,Delhi,P008,Timing Belt,Automotive,WH002,Coimbatore Distribution Center,2025-04-19,2025-04-21,2025-04-23,2025-04-23,43,620,26660,1053.9,2,0,On Time,528,265,Healthy,47,100.0
ORD100371,SUP006,Zeta Industrial Corp,Mumbai,P007,Steel Gear,Mechanical,WH002,Coimbatore Distribution Center,2025-02-18,2025-02-21,2025-02-25,2025-02-25,28,1650,46200,958.86,4,0,On Time,1326,216,Overstocked,31,100.0
ORD100372,SUP003,Gamma Manufacturing,Bengaluru,P005,Hydraulic Pump,Hydraulics,WH001,Chennai Central Warehouse,2026-02-02,2026-02-05,2026-02-08,2026-02-08,207,4800,993600,2326.84,3,0,On Time,605,163,Overstocked,146,100.0
ORD100373,SUP003,Gamma Manufacturing,Bengaluru,P004,Drive Shaft,Automotive,WH003,Bengaluru Warehouse,2025-01-12,2025-01-15,2025-01-18,2025-01-18,498,3200,1593600,2970.63,3,0,On Time,1236,201,Overstocked,412,100.0
ORD100374,SUP003,Gamma Manufacturing,Bengaluru,P003,Bearing Assembly,Mechanical,WH001,Chennai Central Warehouse,2026-01-28,2026-01-31,2026-02-05,2026-02-05,137,540,73980,1795.75,5,0,On Time,133,239,Critical,164,100.0
ORD100375,SUP002,Beta Components Ltd,Coimbatore,P005,Hydraulic Pump,Hydraulics,WH003,Bengaluru Warehouse,2025-03-12,2025-03-14,2025-03-18,2025-03-18,324,4800,1555200,2603.07,4,0,On Time,629,188,Overstocked,268,100.0
ORD100376,SUP002,Beta Components Ltd,Coimbatore,P002,Brake Pad Set,Automotive,WH001,Chennai Central Warehouse,2025-05-24,2025-05-27,2025-05-29,2025-05-29,169,780,131820,2198.82,2,0,On Time,915,244,Overstocked,213,100.0
ORD100377,SUP008,Prime Mechanical Works,Salem,P013,Air Filter,Maintenance,WH004,Pune Logistics Hub,2026-01-22,2026-01-25,2026-01-30,2026-01-30,158,260,41080,1608.04,5,0,On Time,668,252,Overstocked,192,100.0
ORD100378,SUP004,Delta Auto Parts,Pune,P009,Motor Coupling,Electrical,WH001,Chennai Central Warehouse,2025-12-07,2025-12-10,2025-12-16,2025-12-16,90,980,88200,1337.39,6,0,On Time,827,304,Overstocked,91,100.0
ORD100379,SUP003,Gamma Manufacturing,Bengaluru,P002,Brake Pad Set,Automotive,WH005,Hyderabad Warehouse,2026-03-03,2026-03-05,2026-03-08,2026-03-11,286,780,223080,2868.04,3,3,Delayed,498,330,Healthy,303,50.0
ORD100380,SUP006,Zeta Industrial Corp,Mumbai,P010,Pressure Sensor,Electrical,WH001,Chennai Central Warehouse,2025-11-30,2025-12-01,2025-12-04,2025-12-04,333,1450,482850,2152.66,3,0,On Time,364,271,Healthy,338,100.0
ORD100381,SUP005,Epsilon Engineering,Hyderabad,P012,Oil Filter,Maintenance,WH003,Bengaluru Warehouse,2025-01-27,2025-01-29,2025-02-04,2025-02-04,181,310,56110,1806.36,6,0,On Time,803,274,Overstocked,251,100.0
ORD100382,SUP008,Prime Mechanical Works,Salem,P003,Bearing Assembly,Mechanical,WH002,Coimbatore Distribution Center,2026-04-04,2026-04-05,2026-04-08,2026-04-15,268,540,144720,2910.54,3,7,Delayed,667,280,Healthy,336,30.0
ORD100383,SUP007,Omega Components,Delhi,P002,Brake Pad Set,Automotive,WH001,Chennai Central Warehouse,2025-04-28,2025-04-29,2025-05-03,2025-05-03,243,780,189540,1849.46,4,0,On Time,353,356,Low,297,100.0
ORD100384,SUP004,Delta Auto Parts,Pune,P001,Brake Disc,Automotive,WH003,Bengaluru Warehouse,2025-03-16,2025-03-18,2025-03-24,2025-03-24,142,1250,177500,2100.78,6,0,On Time,687,358,Healthy,196,100.0
ORD100385,SUP003,Gamma Manufacturing,Bengaluru,P001,Brake Disc,Automotive,WH005,Hyderabad Warehouse,2026-04-25,2026-04-27,2026-05-01,2026-05-01,349,1250,436250,2798.62,4,0,On Time,779,351,Healthy,453,100.0
ORD100386,SUP008,Prime Mechanical Works,Salem,P011,Clutch Plate,Automotive,WH005,Hyderabad Warehouse,2025-04-17,2025-04-19,2025-04-26,2025-05-04,281,2750,772750,3008.33,7,8,Delayed,763,251,Overstocked,311,46.67
ORD100387,SUP006,Zeta Industrial Corp,Mumbai,P015,Pneumatic Cylinder,Pneumatics,WH002,Coimbatore Distribution Center,2025-10-20,2025-10-23,2025-10-28,2025-11-05,42,1850,77700,1027.1,5,8,Delayed,989,196,Overstocked,40,38.46
ORD100388,SUP008,Prime Mechanical Works,Salem,P001,Brake Disc,Automotive,WH001,Chennai Central Warehouse,2025-09-23,2025-09-26,2025-09-30,2025-09-30,251,1250,313750,2249.53,4,0,On Time,689,276,Healthy,314,100.0
ORD100389,SUP001,Alpha Industrial Supplies,Chennai,P011,Clutch Plate,Automotive,WH004,Pune Logistics Hub,2026-02-25,2026-02-27,2026-03-04,2026-03-04,201,2750,552750,2512.08,5,0,On Time,582,173,Overstocked,175,100.0
ORD100390,SUP007,Omega Components,Delhi,P001,Brake Disc,Automotive,WH003,Bengaluru Warehouse,2025-01-25,2025-01-27,2025-01-29,2025-01-29,400,1250,500000,4078.06,2,0,On Time,692,271,Overstocked,528,100.0
ORD100391,SUP005,Epsilon Engineering,Hyderabad,P008,Timing Belt,Automotive,WH001,Chennai Central Warehouse,2025-02-28,2025-03-03,2025-03-07,2025-03-07,160,620,99200,1820.24,4,0,On Time,895,206,Overstocked,199,100.0
ORD100392,SUP002,Beta Components Ltd,Coimbatore,P011,Clutch Plate,Automotive,WH004,Pune Logistics Hub,2025-08-15,2025-08-16,2025-08-18,2025-08-18,479,2750,1317250,4529.92,2,0,On Time,1018,251,Overstocked,472,100.0
ORD100393,SUP005,Epsilon Engineering,Hyderabad,P005,Hydraulic Pump,Hydraulics,WH003,Bengaluru Warehouse,2025-09-16,2025-09-19,2025-09-22,2025-09-22,311,4800,1492800,3155.09,3,0,On Time,1429,210,Overstocked,231,100.0
ORD100394,SUP006,Zeta Industrial Corp,Mumbai,P001,Brake Disc,Automotive,WH003,Bengaluru Warehouse,2026-03-07,2026-03-10,2026-03-15,2026-03-15,74,1250,92500,1206.94,5,0,On Time,529,318,Healthy,81,100.0
ORD100395,SUP001,Alpha Industrial Supplies,Chennai,P008,Timing Belt,Automotive,WH002,Coimbatore Distribution Center,2025-11-27,2025-11-30,2025-12-04,2025-12-04,208,620,128960,1557.25,4,0,On Time,830,369,Healthy,330,100.0
ORD100396,SUP004,Delta Auto Parts,Pune,P015,Pneumatic Cylinder,Pneumatics,WH002,Coimbatore Distribution Center,2025-03-23,2025-03-24,2025-03-27,2025-04-01,444,1850,821400,2814.89,3,5,Delayed,1098,181,Overstocked,381,37.5
ORD100397,SUP007,Omega Components,Delhi,P003,Bearing Assembly,Mechanical,WH001,Chennai Central Warehouse,2026-06-19,2026-06-21,2026-06-25,2026-06-25,135,540,72900,1642.31,4,0,On Time,592,303,Healthy,169,100.0
ORD100398,SUP003,Gamma Manufacturing,Bengaluru,P002,Brake Pad Set,Automotive,WH004,Pune Logistics Hub,2025-09-09,2025-09-12,2025-09-14,2025-09-14,356,780,277680,4388.93,2,0,On Time,536,393,Healthy,406,100.0
ORD100399,SUP004,Delta Auto Parts,Pune,P002,Brake Pad Set,Automotive,WH001,Chennai Central Warehouse,2026-06-11,2026-06-12,2026-06-19,2026-06-19,394,780,307320,2162.95,7,0,On Time,867,319,Overstocked,463,100.0
ORD100400,SUP004,Delta Auto Parts,Pune,P008,Timing Belt,Automotive,WH004,Pune Logistics Hub,2026-06-25,2026-06-26,2026-07-01,2026-07-01,350,620,217000,3445.6,5,0,On Time,935,378,Healthy,520,100.0
ORD100401,SUP003,Gamma Manufacturing,Bengaluru,P008,Timing Belt,Automotive,WH004,Pune Logistics Hub,2025-01-29,2025-01-31,2025-02-02,2025-02-02,54,620,33480,1035.23,2,0,On Time,259,258,Healthy,62,100.0
ORD100402,SUP008,Prime Mechanical Works,Salem,P012,Oil Filter,Maintenance,WH004,Pune Logistics Hub,2025-10-04,2025-10-06,2025-10-11,2025-10-11,193,310,59830,2230.54,5,0,On Time,899,395,Healthy,271,100.0
ORD100403,SUP007,Omega Components,Delhi,P011,Clutch Plate,Automotive,WH001,Chennai Central Warehouse,2025-08-19,2025-08-22,2025-08-24,2025-08-24,180,2750,495000,2174.4,2,0,On Time,1176,256,Overstocked,174,100.0
ORD100404,SUP001,Alpha Industrial Supplies,Chennai,P013,Air Filter,Maintenance,WH002,Coimbatore Distribution Center,2025-09-30,2025-10-02,2025-10-07,2025-10-07,178,260,46280,2116.27,5,0,On Time,750,335,Healthy,208,100.0
ORD100405,SUP008,Prime Mechanical Works,Salem,P012,Oil Filter,Maintenance,WH003,Bengaluru Warehouse,2025-06-19,2025-06-22,2025-06-27,2025-06-27,441,310,136710,4342.45,5,0,On Time,602,420,Healthy,558,100.0
ORD100406,SUP007,Omega Components,Delhi,P003,Bearing Assembly,Mechanical,WH003,Bengaluru Warehouse,2025-11-02,2025-11-03,2025-11-06,2025-11-06,12,540,6480,813.0,3,0,On Time,872,326,Overstocked,14,100.0
ORD100407,SUP003,Gamma Manufacturing,Bengaluru,P008,Timing Belt,Automotive,WH005,Hyderabad Warehouse,2025-09-26,2025-09-28,2025-10-02,2025-10-02,274,620,169880,1940.62,4,0,On Time,546,354,Healthy,379,100.0
ORD100408,SUP007,Omega Components,Delhi,P004,Drive Shaft,Automotive,WH002,Coimbatore Distribution Center,2025-04-12,2025-04-13,2025-04-15,2025-04-15,492,3200,1574400,4080.57,2,0,On Time,953,241,Overstocked,384,100.0
ORD100409,SUP001,Alpha Industrial Supplies,Chennai,P005,Hydraulic Pump,Hydraulics,WH005,Hyderabad Warehouse,2025-06-07,2025-06-08,2025-06-10,2025-06-10,439,4800,2107200,3313.37,2,0,On Time,560,232,Healthy,356,100.0
ORD100410,SUP008,Prime Mechanical Works,Salem,P014,Industrial Fan,Electrical,WH001,Chennai Central Warehouse,2025-03-22,2025-03-23,2025-03-28,2025-03-28,307,3900,1197300,3376.07,5,0,On Time,557,124,Overstocked,202,100.0
ORD100411,SUP006,Zeta Industrial Corp,Mumbai,P010,Pressure Sensor,Electrical,WH002,Coimbatore Distribution Center,2026-04-06,2026-04-09,2026-04-12,2026-04-12,499,1450,723550,4840.72,3,0,On Time,1789,158,Overstocked,397,100.0
ORD100412,SUP005,Epsilon Engineering,Hyderabad,P015,Pneumatic Cylinder,Pneumatics,WH001,Chennai Central Warehouse,2026-01-05,2026-01-07,2026-01-10,2026-01-10,207,1850,382950,1578.05,3,0,On Time,1021,232,Overstocked,166,100.0
ORD100413,SUP001,Alpha Industrial Supplies,Chennai,P006,Control Valve,Hydraulics,WH004,Pune Logistics Hub,2025-07-31,2025-08-01,2025-08-06,2025-08-06,310,2150,666500,2577.86,5,0,On Time,852,264,Overstocked,337,100.0
ORD100414,SUP007,Omega Components,Delhi,P008,Timing Belt,Automotive,WH001,Chennai Central Warehouse,2025-08-05,2025-08-06,2025-08-10,2025-08-10,276,620,171120,2380.27,4,0,On Time,713,369,Healthy,319,100.0
ORD100415,SUP001,Alpha Industrial Supplies,Chennai,P007,Steel Gear,Mechanical,WH002,Coimbatore Distribution Center,2025-02-13,2025-02-15,2025-02-17,2025-02-17,33,1650,54450,1024.88,2,0,On Time,561,213,Overstocked,35,100.0
ORD100416,SUP002,Beta Components Ltd,Coimbatore,P002,Brake Pad Set,Automotive,WH004,Pune Logistics Hub,2025-06-08,2025-06-11,2025-06-14,2025-06-14,29,780,22620,864.22,3,0,On Time,568,371,Healthy,36,100.0
ORD100417,SUP002,Beta Components Ltd,Coimbatore,P003,Bearing Assembly,Mechanical,WH003,Bengaluru Warehouse,2026-05-20,2026-05-23,2026-05-26,2026-05-26,450,540,243000,4000.11,3,0,On Time,796,330,Healthy,484,100.0
ORD100418,SUP007,Omega Components,Delhi,P008,Timing Belt,Automotive,WH001,Chennai Central Warehouse,2025-01-18,2025-01-19,2025-01-24,2025-01-24,95,620,58900,1234.34,5,0,On Time,674,318,Healthy,93,100.0
ORD100419,SUP002,Beta Components Ltd,Coimbatore,P001,Brake Disc,Automotive,WH001,Chennai Central Warehouse,2025-03-21,2025-03-24,2025-03-29,2025-03-29,184,1250,230000,2030.29,5,0,On Time,512,332,Healthy,243,100.0
ORD100420,SUP008,Prime Mechanical Works,Salem,P014,Industrial Fan,Electrical,WH003,Bengaluru Warehouse,2026-04-07,2026-04-09,2026-04-13,2026-04-14,316,3900,1232400,3275.42,4,1,Delayed,1514,139,Overstocked,210,80.0
ORD100421,SUP005,Epsilon Engineering,Hyderabad,P002,Brake Pad Set,Automotive,WH002,Coimbatore Distribution Center,2025-10-12,2025-10-15,2025-10-20,2025-10-20,292,780,227760,2200.75,5,0,On Time,716,374,Healthy,447,100.0
ORD100422,SUP001,Alpha Industrial Supplies,Chennai,P003,Bearing Assembly,Mechanical,WH001,Chennai Central Warehouse,2025-01-18,2025-01-19,2025-01-21,2025-01-21,262,540,141480,2758.04,2,0,On Time,873,267,Overstocked,244,100.0
ORD100423,SUP001,Alpha Industrial Supplies,Chennai,P011,Clutch Plate,Automotive,WH003,Bengaluru Warehouse,2025-09-25,2025-09-27,2025-09-30,2025-09-30,490,2750,1347500,2938.42,3,0,On Time,1047,248,Overstocked,556,100.0
ORD100424,SUP001,Alpha Industrial Supplies,Chennai,P001,Brake Disc,Automotive,WH001,Chennai Central Warehouse,2026-02-14,2026-02-17,2026-02-21,2026-02-21,396,1250,495000,3892.9,4,0,On Time,642,243,Overstocked,389,100.0
ORD100425,SUP005,Epsilon Engineering,Hyderabad,P013,Air Filter,Maintenance,WH003,Bengaluru Warehouse,2025-07-08,2025-07-09,2025-07-14,2025-07-14,472,260,122720,3127.73,5,0,On Time,698,340,Healthy,514,100.0
ORD100426,SUP007,Omega Components,Delhi,P011,Clutch Plate,Automotive,WH002,Coimbatore Distribution Center,2025-07-28,2025-07-31,2025-08-03,2025-08-03,333,2750,915750,3119.73,3,0,On Time,1205,210,Overstocked,354,100.0
ORD100427,SUP002,Beta Components Ltd,Coimbatore,P001,Brake Disc,Automotive,WH001,Chennai Central Warehouse,2025-12-11,2025-12-12,2025-12-16,2025-12-16,490,1250,612500,3395.46,4,0,On Time,469,338,Healthy,611,100.0
ORD100428,SUP007,Omega Components,Delhi,P010,Pressure Sensor,Electrical,WH001,Chennai Central Warehouse,2025-11-23,2025-11-26,2025-11-29,2025-11-29,305,1450,442250,2815.27,3,0,On Time,407,258,Healthy,294,100.0
ORD100429,SUP001,Alpha Industrial Supplies,Chennai,P009,Motor Coupling,Electrical,WH001,Chennai Central Warehouse,2026-05-08,2026-05-11,2026-05-14,2026-05-14,275,980,269500,2084.14,3,0,On Time,1117,289,Overstocked,272,100.0
ORD100430,SUP007,Omega Components,Delhi,P011,Clutch Plate,Automotive,WH001,Chennai Central Warehouse,2025-05-16,2025-05-19,2025-05-22,2025-05-22,410,2750,1127500,3446.12,3,0,On Time,674,284,Healthy,473,100.0
ORD100431,SUP008,Prime Mechanical Works,Salem,P012,Oil Filter,Maintenance,WH002,Coimbatore Distribution Center,2025-05-31,2025-06-03,2025-06-07,2025-06-12,436,310,135160,2327.48,4,5,Delayed,402,311,Healthy,650,44.44
ORD100432,SUP007,Omega Components,Delhi,P010,Pressure Sensor,Electrical,WH005,Hyderabad Warehouse,2025-03-26,2025-03-27,2025-03-30,2025-03-30,43,1450,62350,1031.99,3,0,On Time,1320,155,Overstocked,31,100.0
ORD100433,SUP006,Zeta Industrial Corp,Mumbai,P008,Timing Belt,Automotive,WH004,Pune Logistics Hub,2025-12-30,2026-01-01,2026-01-06,2026-01-06,457,620,283340,5126.23,5,0,On Time,612,303,Healthy,541,100.0
ORD100434,SUP007,Omega Components,Delhi,P005,Hydraulic Pump,Hydraulics,WH002,Coimbatore Distribution Center,2025-10-19,2025-10-22,2025-10-25,2025-10-25,349,4800,1675200,2991.86,3,0,On Time,630,195,Overstocked,297,100.0
ORD100435,SUP001,Alpha Industrial Supplies,Chennai,P010,Pressure Sensor,Electrical,WH003,Bengaluru Warehouse,2025-07-09,2025-07-10,2025-07-12,2025-07-12,450,1450,652500,3848.25,2,0,On Time,1740,230,Overstocked,342,100.0
ORD100436,SUP002,Beta Components Ltd,Coimbatore,P014,Industrial Fan,Electrical,WH003,Bengaluru Warehouse,2026-01-15,2026-01-16,2026-01-19,2026-01-19,361,3900,1407900,3489.58,3,0,On Time,614,142,Overstocked,210,100.0
ORD100437,SUP002,Beta Components Ltd,Coimbatore,P008,Timing Belt,Automotive,WH004,Pune Logistics Hub,2025-07-25,2025-07-26,2025-07-30,2025-07-30,465,620,288300,4000.79,4,0,On Time,625,241,Overstocked,538,100.0
ORD100438,SUP004,Delta Auto Parts,Pune,P009,Motor Coupling,Electrical,WH001,Chennai Central Warehouse,2025-04-17,2025-04-20,2025-04-27,2025-04-27,145,980,142100,1932.45,7,0,On Time,357,270,Healthy,133,100.0
ORD100439,SUP006,Zeta Industrial Corp,Mumbai,P007,Steel Gear,Mechanical,WH002,Coimbatore Distribution Center,2025-10-22,2025-10-23,2025-10-28,2025-11-02,102,1650,168300,1367.18,5,5,Delayed,840,235,Overstocked,127,50.0
ORD100440,SUP005,Epsilon Engineering,Hyderabad,P011,Clutch Plate,Automotive,WH002,Coimbatore Distribution Center,2025-08-27,2025-08-29,2025-09-02,2025-09-02,106,2750,291500,1709.64,4,0,On Time,639,199,Overstocked,96,100.0
ORD100441,SUP007,Omega Components,Delhi,P015,Pneumatic Cylinder,Pneumatics,WH001,Chennai Central Warehouse,2025-08-10,2025-08-12,2025-08-15,2025-08-15,133,1850,246050,1864.76,3,0,On Time,1270,217,Overstocked,113,100.0
ORD100442,SUP002,Beta Components Ltd,Coimbatore,P002,Brake Pad Set,Automotive,WH002,Coimbatore Distribution Center,2025-08-31,2025-09-02,2025-09-05,2025-09-05,115,780,89700,1424.64,3,0,On Time,671,248,Overstocked,136,100.0
ORD100443,SUP006,Zeta Industrial Corp,Mumbai,P003,Bearing Assembly,Mechanical,WH005,Hyderabad Warehouse,2026-05-15,2026-05-18,2026-05-24,2026-05-24,226,540,122040,2148.88,6,0,On Time,1074,246,Overstocked,247,100.0
ORD100444,SUP002,Beta Components Ltd,Coimbatore,P008,Timing Belt,Automotive,WH005,Hyderabad Warehouse,2025-04-28,2025-05-01,2025-05-05,2025-05-05,107,620,66340,1599.75,4,0,On Time,595,370,Healthy,144,100.0
ORD100445,SUP003,Gamma Manufacturing,Bengaluru,P007,Steel Gear,Mechanical,WH001,Chennai Central Warehouse,2025-05-31,2025-06-02,2025-06-04,2025-06-04,87,1650,143550,1422.55,2,0,On Time,382,320,Healthy,91,100.0
ORD100446,SUP006,Zeta Industrial Corp,Mumbai,P008,Timing Belt,Automotive,WH002,Coimbatore Distribution Center,2025-11-05,2025-11-08,2025-11-13,2025-11-16,267,620,165540,1984.41,5,3,Delayed,740,403,Healthy,353,62.5
ORD100447,SUP008,Prime Mechanical Works,Salem,P001,Brake Disc,Automotive,WH002,Coimbatore Distribution Center,2025-01-26,2025-01-27,2025-01-31,2025-01-31,399,1250,498750,2761.44,4,0,On Time,594,312,Healthy,524,100.0
ORD100448,SUP005,Epsilon Engineering,Hyderabad,P006,Control Valve,Hydraulics,WH003,Bengaluru Warehouse,2025-03-21,2025-03-24,2025-03-30,2025-03-30,76,2150,163400,1141.95,6,0,On Time,359,183,Healthy,70,100.0
ORD100449,SUP001,Alpha Industrial Supplies,Chennai,P008,Timing Belt,Automotive,WH003,Bengaluru Warehouse,2025-11-06,2025-11-07,2025-11-10,2025-11-10,261,620,161820,2928.13,3,0,On Time,470,415,Healthy,348,100.0
ORD100450,SUP005,Epsilon Engineering,Hyderabad,P008,Timing Belt,Automotive,WH001,Chennai Central Warehouse,2025-10-06,2025-10-07,2025-10-11,2025-10-11,333,620,206460,3194.68,4,0,On Time,545,335,Healthy,499,100.0
ORD100451,SUP001,Alpha Industrial Supplies,Chennai,P009,Motor Coupling,Electrical,WH005,Hyderabad Warehouse,2025-12-23,2025-12-24,2025-12-28,2025-12-28,356,980,348880,2576.91,4,0,On Time,1373,206,Overstocked,386,100.0
ORD100452,SUP007,Omega Components,Delhi,P011,Clutch Plate,Automotive,WH005,Hyderabad Warehouse,2025-03-03,2025-03-04,2025-03-06,2025-03-06,61,2750,167750,1184.63,2,0,On Time,1008,221,Overstocked,69,100.0
ORD100453,SUP006,Zeta Industrial Corp,Mumbai,P009,Motor Coupling,Electrical,WH003,Bengaluru Warehouse,2026-04-12,2026-04-15,2026-04-20,2026-04-20,370,980,362600,3861.94,5,0,On Time,836,231,Overstocked,389,100.0
ORD100454,SUP002,Beta Components Ltd,Coimbatore,P012,Oil Filter,Maintenance,WH004,Pune Logistics Hub,2025-09-23,2025-09-24,2025-09-28,2025-10-04,23,310,7130,943.78,4,6,Delayed,674,270,Healthy,35,40.0
ORD100455,SUP001,Alpha Industrial Supplies,Chennai,P009,Motor Coupling,Electrical,WH003,Bengaluru Warehouse,2025-03-26,2025-03-29,2025-03-31,2025-03-31,126,980,123480,1351.98,2,0,On Time,310,194,Healthy,102,100.0
ORD100456,SUP002,Beta Components Ltd,Coimbatore,P008,Timing Belt,Automotive,WH002,Coimbatore Distribution Center,2025-06-20,2025-06-22,2025-06-26,2025-06-26,166,620,102920,1621.7,4,0,On Time,558,298,Healthy,218,100.0
ORD100457,SUP008,Prime Mechanical Works,Salem,P009,Motor Coupling,Electrical,WH001,Chennai Central Warehouse,2025-05-05,2025-05-06,2025-05-10,2025-05-10,428,980,419440,3044.34,4,0,On Time,1069,233,Overstocked,368,100.0
ORD100458,SUP004,Delta Auto Parts,Pune,P002,Brake Pad Set,Automotive,WH003,Bengaluru Warehouse,2025-09-04,2025-09-06,2025-09-12,2025-09-21,104,780,81120,1505.37,6,9,Delayed,747,248,Overstocked,139,40.0
ORD100459,SUP007,Omega Components,Delhi,P004,Drive Shaft,Automotive,WH001,Chennai Central Warehouse,2025-09-14,2025-09-15,2025-09-18,2025-09-18,394,3200,1260800,2490.69,3,0,On Time,874,221,Overstocked,390,100.0
ORD100460,SUP005,Epsilon Engineering,Hyderabad,P008,Timing Belt,Automotive,WH004,Pune Logistics Hub,2025-08-25,2025-08-26,2025-08-31,2025-08-31,495,620,306900,3428.22,5,0,On Time,635,262,Healthy,527,100.0
ORD100461,SUP005,Epsilon Engineering,Hyderabad,P013,Air Filter,Maintenance,WH002,Coimbatore Distribution Center,2025-09-09,2025-09-11,2025-09-17,2025-09-17,481,260,125060,4642.17,6,0,On Time,782,322,Healthy,677,100.0
ORD100462,SUP002,Beta Components Ltd,Coimbatore,P010,Pressure Sensor,Electrical,WH002,Coimbatore Distribution Center,2026-05-11,2026-05-14,2026-05-17,2026-05-17,158,1450,229100,1814.44,3,0,On Time,1009,185,Overstocked,138,100.0
ORD100463,SUP008,Prime Mechanical Works,Salem,P001,Brake Disc,Automotive,WH002,Coimbatore Distribution Center,2026-06-08,2026-06-10,2026-06-14,2026-06-14,56,1250,70000,973.28,4,0,On Time,831,326,Overstocked,70,100.0
ORD100464,SUP003,Gamma Manufacturing,Bengaluru,P008,Timing Belt,Automotive,WH005,Hyderabad Warehouse,2025-09-25,2025-09-26,2025-09-30,2025-09-30,119,620,73780,1491.31,4,0,On Time,765,334,Healthy,171,100.0
ORD100465,SUP005,Epsilon Engineering,Hyderabad,P003,Bearing Assembly,Mechanical,WH001,Chennai Central Warehouse,2026-06-10,2026-06-13,2026-06-18,2026-06-18,387,540,208980,2347.16,5,0,On Time,903,322,Overstocked,482,100.0
ORD100466,SUP006,Zeta Industrial Corp,Mumbai,P011,Clutch Plate,Automotive,WH001,Chennai Central Warehouse,2026-03-23,2026-03-26,2026-03-31,2026-04-01,106,2750,291500,1357.67,5,1,Delayed,1330,191,Overstocked,104,83.33
ORD100467,SUP005,Epsilon Engineering,Hyderabad,P012,Oil Filter,Maintenance,WH001,Chennai Central Warehouse,2026-03-24,2026-03-25,2026-04-02,2026-04-02,326,310,101060,2563.23,8,0,On Time,832,322,Overstocked,424,100.0
ORD100468,SUP008,Prime Mechanical Works,Salem,P008,Timing Belt,Automotive,WH003,Bengaluru Warehouse,2025-05-04,2025-05-07,2025-05-12,2025-05-12,193,620,119660,1584.02,5,0,On Time,1133,356,Overstocked,220,100.0
ORD100469,SUP002,Beta Components Ltd,Coimbatore,P008,Timing Belt,Automotive,WH005,Hyderabad Warehouse,2025-08-28,2025-08-31,2025-09-05,2025-09-08,386,620,239320,2410.27,5,3,Delayed,539,264,Healthy,427,62.5
ORD100470,SUP004,Delta Auto Parts,Pune,P005,Hydraulic Pump,Hydraulics,WH001,Chennai Central Warehouse,2025-07-12,2025-07-14,2025-07-19,2025-07-19,307,4800,1473600,3313.14,5,0,On Time,539,191,Overstocked,249,100.0
ORD100471,SUP004,Delta Auto Parts,Pune,P007,Steel Gear,Mechanical,WH005,Hyderabad Warehouse,2025-02-22,2025-02-23,2025-02-27,2025-02-27,297,1650,490050,3623.54,4,0,On Time,742,230,Overstocked,320,100.0
ORD100472,SUP004,Delta Auto Parts,Pune,P012,Oil Filter,Maintenance,WH002,Coimbatore Distribution Center,2025-02-10,2025-02-12,2025-02-17,2025-02-17,393,310,121830,2160.71,5,0,On Time,576,339,Healthy,497,100.0
ORD100473,SUP001,Alpha Industrial Supplies,Chennai,P011,Clutch Plate,Automotive,WH003,Bengaluru Warehouse,2025-12-06,2025-12-08,2025-12-12,2025-12-12,478,2750,1314500,4424.68,4,0,On Time,1259,272,Overstocked,606,100.0
ORD100474,SUP002,Beta Components Ltd,Coimbatore,P008,Timing Belt,Automotive,WH001,Chennai Central Warehouse,2025-08-18,2025-08-19,2025-08-23,2025-08-24,189,620,117180,1466.14,4,1,Delayed,452,367,Healthy,261,80.0
ORD100475,SUP003,Gamma Manufacturing,Bengaluru,P005,Hydraulic Pump,Hydraulics,WH003,Bengaluru Warehouse,2026-03-27,2026-03-28,2026-03-31,2026-04-08,269,4800,1291200,3214.85,3,8,Delayed,1104,196,Overstocked,173,27.27
ORD100476,SUP003,Gamma Manufacturing,Bengaluru,P001,Brake Disc,Automotive,WH003,Bengaluru Warehouse,2026-01-01,2026-01-02,2026-01-05,2026-01-05,317,1250,396250,3620.07,3,0,On Time,771,298,Overstocked,407,100.0
ORD100477,SUP004,Delta Auto Parts,Pune,P002,Brake Pad Set,Automotive,WH003,Bengaluru Warehouse,2025-02-16,2025-02-17,2025-02-22,2025-02-22,414,780,322920,3857.11,5,0,On Time,732,243,Overstocked,494,100.0
ORD100478,SUP005,Epsilon Engineering,Hyderabad,P003,Bearing Assembly,Mechanical,WH001,Chennai Central Warehouse,2026-04-03,2026-04-06,2026-04-10,2026-04-10,246,540,132840,2397.74,4,0,On Time,729,294,Healthy,271,100.0
ORD100479,SUP005,Epsilon Engineering,Hyderabad,P006,Control Valve,Hydraulics,WH004,Pune Logistics Hub,2025-09-28,2025-09-29,2025-10-04,2025-10-04,193,2150,414950,2043.45,5,0,On Time,893,211,Overstocked,196,100.0
ORD100480,SUP004,Delta Auto Parts,Pune,P014,Industrial Fan,Electrical,WH005,Hyderabad Warehouse,2025-11-05,2025-11-07,2025-11-14,2025-11-14,425,3900,1657500,3237.03,7,0,On Time,1704,190,Overstocked,371,100.0
ORD100481,SUP004,Delta Auto Parts,Pune,P007,Steel Gear,Mechanical,WH002,Coimbatore Distribution Center,2026-06-12,2026-06-14,2026-06-18,2026-06-27,478,1650,788700,3859.88,4,9,Delayed,1161,258,Overstocked,644,30.77
ORD100482,SUP002,Beta Components Ltd,Coimbatore,P003,Bearing Assembly,Mechanical,WH003,Bengaluru Warehouse,2025-12-16,2025-12-17,2025-12-22,2025-12-22,289,540,156060,2067.35,5,0,On Time,781,333,Healthy,419,100.0
ORD100483,SUP005,Epsilon Engineering,Hyderabad,P002,Brake Pad Set,Automotive,WH004,Pune Logistics Hub,2025-01-13,2025-01-16,2025-01-19,2025-01-19,60,780,46800,1246.25,3,0,On Time,462,312,Healthy,68,100.0
ORD100484,SUP003,Gamma Manufacturing,Bengaluru,P005,Hydraulic Pump,Hydraulics,WH002,Coimbatore Distribution Center,2025-04-07,2025-04-10,2025-04-14,2025-04-14,152,4800,729600,1861.21,4,0,On Time,1625,230,Overstocked,130,100.0
ORD100485,SUP001,Alpha Industrial Supplies,Chennai,P012,Oil Filter,Maintenance,WH005,Hyderabad Warehouse,2025-08-21,2025-08-23,2025-08-26,2025-09-03,237,310,73470,1930.38,3,8,Delayed,406,293,Healthy,323,27.27
ORD100486,SUP004,Delta Auto Parts,Pune,P006,Control Valve,Hydraulics,WH002,Coimbatore Distribution Center,2025-01-21,2025-01-24,2025-01-31,2025-01-31,355,2150,763250,3287.52,7,0,On Time,1355,259,Overstocked,356,100.0
ORD100487,SUP004,Delta Auto Parts,Pune,P011,Clutch Plate,Automotive,WH004,Pune Logistics Hub,2025-04-02,2025-04-03,2025-04-08,2025-04-08,338,2750,929500,3970.37,5,0,On Time,1095,297,Overstocked,371,100.0
ORD100488,SUP002,Beta Components Ltd,Coimbatore,P012,Oil Filter,Maintenance,WH001,Chennai Central Warehouse,2026-03-09,2026-03-12,2026-03-16,2026-03-16,412,310,127720,3487.39,4,0,On Time,975,370,Overstocked,606,100.0
ORD100489,SUP005,Epsilon Engineering,Hyderabad,P002,Brake Pad Set,Automotive,WH002,Coimbatore Distribution Center,2025-03-19,2025-03-22,2025-03-27,2025-03-27,24,780,18720,872.02,5,0,On Time,827,325,Overstocked,33,100.0
ORD100490,SUP005,Epsilon Engineering,Hyderabad,P009,Motor Coupling,Electrical,WH003,Bengaluru Warehouse,2025-04-02,2025-04-04,2025-04-07,2025-04-07,238,980,233240,2868.53,3,0,On Time,287,206,Healthy,213,100.0
ORD100491,SUP006,Zeta Industrial Corp,Mumbai,P014,Industrial Fan,Electrical,WH003,Bengaluru Warehouse,2025-10-03,2025-10-06,2025-10-11,2025-10-11,354,3900,1380600,2198.5,5,0,On Time,860,220,Overstocked,311,100.0
ORD100492,SUP005,Epsilon Engineering,Hyderabad,P006,Control Valve,Hydraulics,WH005,Hyderabad Warehouse,2025-02-19,2025-02-22,2025-02-26,2025-02-26,494,2150,1062100,4640.77,4,0,On Time,947,223,Overstocked,457,100.0
ORD100493,SUP005,Epsilon Engineering,Hyderabad,P001,Brake Disc,Automotive,WH005,Hyderabad Warehouse,2025-05-20,2025-05-22,2025-05-26,2025-05-26,79,1250,98750,1246.12,4,0,On Time,508,366,Healthy,98,100.0
ORD100494,SUP003,Gamma Manufacturing,Bengaluru,P013,Air Filter,Maintenance,WH001,Chennai Central Warehouse,2026-05-27,2026-05-28,2026-05-30,2026-05-30,441,260,114660,2717.28,2,0,On Time,662,262,Overstocked,466,100.0
ORD100495,SUP007,Omega Components,Delhi,P013,Air Filter,Maintenance,WH002,Coimbatore Distribution Center,2025-12-11,2025-12-12,2025-12-17,2025-12-17,13,260,3380,827.08,5,0,On Time,846,271,Overstocked,18,100.0
ORD100496,SUP005,Epsilon Engineering,Hyderabad,P008,Timing Belt,Automotive,WH002,Coimbatore Distribution Center,2026-06-11,2026-06-12,2026-06-15,2026-06-15,106,620,65720,1346.63,3,0,On Time,648,289,Healthy,128,100.0
ORD100497,SUP004,Delta Auto Parts,Pune,P008,Timing Belt,Automotive,WH003,Bengaluru Warehouse,2025-07-13,2025-07-14,2025-07-20,2025-07-20,425,620,263500,3209.61,6,0,On Time,431,298,Healthy,475,100.0
ORD100498,SUP005,Epsilon Engineering,Hyderabad,P003,Bearing Assembly,Mechanical,WH003,Bengaluru Warehouse,2025-12-03,2025-12-06,2025-12-11,2025-12-11,396,540,213840,2639.71,5,0,On Time,998,296,Overstocked,509,100.0
ORD100499,SUP003,Gamma Manufacturing,Bengaluru,P012,Oil Filter,Maintenance,WH005,Hyderabad Warehouse,2025-05-11,2025-05-12,2025-05-13,2025-05-13,487,310,150970,5742.25,1,0,On Time,735,403,Healthy,588,100.0
ORD100500,SUP004,Delta Auto Parts,Pune,P007,Steel Gear,Mechanical,WH004,Pune Logistics Hub,2025-07-26,2025-07-29,2025-08-04,2025-08-04,305,1650,503250,3727.41,6,0,On Time,664,204,Overstocked,322,100.0
ORD100501,SUP006,Zeta Industrial Corp,Mumbai,P001,Brake Disc,Automotive,WH001,Chennai Central Warehouse,2025-04-06,2025-04-07,2025-04-10,2025-04-10,312,1250,390000,1933.61,3,0,On Time,839,258,Overstocked,446,100.0
ORD100502,SUP007,Omega Components,Delhi,P010,Pressure Sensor,Electrical,WH002,Coimbatore Distribution Center,2026-03-31,2026-04-02,2026-04-06,2026-04-06,272,1450,394400,2616.58,4,0,On Time,1044,179,Overstocked,187,100.0
ORD100503,SUP008,Prime Mechanical Works,Salem,P014,Industrial Fan,Electrical,WH003,Bengaluru Warehouse,2025-04-11,2025-04-13,2025-04-17,2025-04-17,261,3900,1017900,2029.14,4,0,On Time,1881,141,Overstocked,185,100.0
ORD100504,SUP004,Delta Auto Parts,Pune,P012,Oil Filter,Maintenance,WH003,Bengaluru Warehouse,2025-04-22,2025-04-23,2025-04-29,2025-05-09,262,310,81220,2846.74,6,10,Delayed,686,318,Healthy,321,37.5
ORD100505,SUP004,Delta Auto Parts,Pune,P004,Drive Shaft,Automotive,WH001,Chennai Central Warehouse,2025-09-11,2025-09-12,2025-09-16,2025-09-16,153,3200,489600,1770.78,4,0,On Time,1526,236,Overstocked,149,100.0
ORD100506,SUP007,Omega Components,Delhi,P001,Brake Disc,Automotive,WH002,Coimbatore Distribution Center,2025-08-23,2025-08-24,2025-08-27,2025-08-27,429,1250,536250,2573.83,3,0,On Time,248,397,Critical,550,100.0
ORD100507,SUP003,Gamma Manufacturing,Bengaluru,P014,Industrial Fan,Electrical,WH002,Coimbatore Distribution Center,2025-06-21,2025-06-22,2025-06-26,2025-06-26,185,3900,721500,2047.62,4,0,On Time,1434,153,Overstocked,147,100.0
ORD100508,SUP007,Omega Components,Delhi,P014,Industrial Fan,Electrical,WH001,Chennai Central Warehouse,2025-07-14,2025-07-17,2025-07-19,2025-07-19,309,3900,1205100,3433.11,2,0,On Time,1136,146,Overstocked,221,100.0
ORD100509,SUP004,Delta Auto Parts,Pune,P008,Timing Belt,Automotive,WH004,Pune Logistics Hub,2025-06-11,2025-06-13,2025-06-18,2025-06-18,338,620,209560,2902.82,5,0,On Time,461,362,Healthy,497,100.0
ORD100510,SUP001,Alpha Industrial Supplies,Chennai,P009,Motor Coupling,Electrical,WH002,Coimbatore Distribution Center,2026-05-14,2026-05-17,2026-05-21,2026-05-21,274,980,268520,1810.57,4,0,On Time,1243,212,Overstocked,268,100.0
ORD100511,SUP001,Alpha Industrial Supplies,Chennai,P007,Steel Gear,Mechanical,WH003,Bengaluru Warehouse,2025-11-13,2025-11-16,2025-11-20,2025-11-20,310,1650,511500,3695.05,4,0,On Time,1047,350,Overstocked,405,100.0
ORD100512,SUP007,Omega Components,Delhi,P006,Control Valve,Hydraulics,WH003,Bengaluru Warehouse,2026-05-18,2026-05-20,2026-05-21,2026-05-21,33,2150,70950,913.36,1,0,On Time,303,260,Healthy,29,100.0
ORD100513,SUP001,Alpha Industrial Supplies,Chennai,P002,Brake Pad Set,Automotive,WH005,Hyderabad Warehouse,2026-06-23,2026-06-26,2026-07-02,2026-07-02,165,780,128700,1879.0,6,0,On Time,842,381,Healthy,224,100.0
ORD100514,SUP003,Gamma Manufacturing,Bengaluru,P001,Brake Disc,Automotive,WH001,Chennai Central Warehouse,2025-12-22,2025-12-23,2025-12-27,2025-12-27,230,1250,287500,2222.38,4,0,On Time,813,275,Overstocked,333,100.0
ORD100515,SUP003,Gamma Manufacturing,Bengaluru,P003,Bearing Assembly,Mechanical,WH001,Chennai Central Warehouse,2026-03-27,2026-03-29,2026-04-02,2026-04-10,203,540,109620,1696.55,4,8,Delayed,589,327,Healthy,230,33.33
ORD100516,SUP002,Beta Components Ltd,Coimbatore,P012,Oil Filter,Maintenance,WH002,Coimbatore Distribution Center,2025-03-02,2025-03-04,2025-03-08,2025-03-08,455,310,141050,2850.68,4,0,On Time,451,385,Healthy,526,100.0
ORD100517,SUP003,Gamma Manufacturing,Bengaluru,P002,Brake Pad Set,Automotive,WH002,Coimbatore Distribution Center,2026-06-03,2026-06-05,2026-06-06,2026-06-06,450,780,351000,2668.72,1,0,On Time,321,255,Healthy,612,100.0
ORD100518,SUP006,Zeta Industrial Corp,Mumbai,P003,Bearing Assembly,Mechanical,WH002,Coimbatore Distribution Center,2025-09-21,2025-09-24,2025-09-30,2025-09-30,359,540,193860,2170.86,6,0,On Time,654,295,Healthy,428,100.0
ORD100519,SUP001,Alpha Industrial Supplies,Chennai,P008,Timing Belt,Automotive,WH004,Pune Logistics Hub,2026-01-25,2026-01-28,2026-01-31,2026-01-31,182,620,112840,2091.51,3,0,On Time,606,261,Healthy,210,100.0
ORD100520,SUP007,Omega Components,Delhi,P003,Bearing Assembly,Mechanical,WH002,Coimbatore Distribution Center,2025-05-14,2025-05-16,2025-05-20,2025-05-24,35,540,18900,1019.65,4,4,Delayed,929,257,Overstocked,44,50.0
ORD100521,SUP007,Omega Components,Delhi,P002,Brake Pad Set,Automotive,WH001,Chennai Central Warehouse,2025-02-22,2025-02-23,2025-02-26,2025-02-26,380,780,296400,2324.39,3,0,On Time,771,328,Healthy,402,100.0
ORD100522,SUP003,Gamma Manufacturing,Bengaluru,P008,Timing Belt,Automotive,WH002,Coimbatore Distribution Center,2026-04-29,2026-05-01,2026-05-04,2026-05-04,444,620,275280,4138.37,3,0,On Time,447,257,Healthy,551,100.0
ORD100523,SUP002,Beta Components Ltd,Coimbatore,P005,Hydraulic Pump,Hydraulics,WH004,Pune Logistics Hub,2025-09-03,2025-09-06,2025-09-09,2025-09-09,250,4800,1200000,2506.2,3,0,On Time,1092,179,Overstocked,200,100.0
ORD100524,SUP005,Epsilon Engineering,Hyderabad,P009,Motor Coupling,Electrical,WH005,Hyderabad Warehouse,2025-03-17,2025-03-20,2025-03-25,2025-03-25,415,980,406700,2477.11,5,0,On Time,832,170,Overstocked,403,100.0
ORD100525,SUP001,Alpha Industrial Supplies,Chennai,P013,Air Filter,Maintenance,WH004,Pune Logistics Hub,2025-12-26,2025-12-29,2025-12-31,2025-12-31,466,260,121160,4314.63,2,0,On Time,457,334,Healthy,671,100.0
ORD100526,SUP003,Gamma Manufacturing,Bengaluru,P002,Brake Pad Set,Automotive,WH003,Bengaluru Warehouse,2025-01-30,2025-01-31,2025-02-06,2025-02-06,278,780,216840,2213.42,6,0,On Time,337,324,Healthy,297,100.0
ORD100527,SUP008,Prime Mechanical Works,Salem,P013,Air Filter,Maintenance,WH004,Pune Logistics Hub,2025-09-03,2025-09-04,2025-09-11,2025-09-11,112,260,29120,1623.04,7,0,On Time,796,326,Healthy,131,100.0
ORD100528,SUP008,Prime Mechanical Works,Salem,P013,Air Filter,Maintenance,WH004,Pune Logistics Hub,2026-01-20,2026-01-22,2026-01-28,2026-01-28,21,260,5460,841.75,6,0,On Time,757,285,Overstocked,24,100.0
ORD100529,SUP007,Omega Components,Delhi,P012,Oil Filter,Maintenance,WH001,Chennai Central Warehouse,2026-01-29,2026-01-31,2026-02-05,2026-02-05,381,310,118110,3435.71,5,0,On Time,774,241,Overstocked,509,100.0
ORD100530,SUP003,Gamma Manufacturing,Bengaluru,P009,Motor Coupling,Electrical,WH003,Bengaluru Warehouse,2025-09-05,2025-09-07,2025-09-10,2025-09-10,286,980,280280,3426.14,3,0,On Time,718,265,Overstocked,242,100.0
ORD100531,SUP006,Zeta Industrial Corp,Mumbai,P009,Motor Coupling,Electrical,WH004,Pune Logistics Hub,2025-07-22,2025-07-25,2025-07-31,2025-07-31,85,980,83300,1216.03,6,0,On Time,891,216,Overstocked,77,100.0
ORD100532,SUP006,Zeta Industrial Corp,Mumbai,P009,Motor Coupling,Electrical,WH002,Coimbatore Distribution Center,2026-04-03,2026-04-05,2026-04-10,2026-04-18,36,980,35280,1044.67,5,8,Delayed,492,228,Healthy,32,38.46
ORD100533,SUP003,Gamma Manufacturing,Bengaluru,P010,Pressure Sensor,Electrical,WH003,Bengaluru Warehouse,2025-04-11,2025-04-13,2025-04-14,2025-04-14,486,1450,704700,3217.23,1,0,On Time,717,213,Overstocked,441,100.0
ORD100534,SUP005,Epsilon Engineering,Hyderabad,P001,Brake Disc,Automotive,WH003,Bengaluru Warehouse,2025-02-10,2025-02-13,2025-02-19,2025-02-19,167,1250,208750,1450.71,6,0,On Time,688,342,Healthy,172,100.0
ORD100535,SUP001,Alpha Industrial Supplies,Chennai,P014,Industrial Fan,Electrical,WH003,Bengaluru Warehouse,2025-03-27,2025-03-29,2025-04-03,2025-04-03,170,3900,663000,1675.39,5,0,On Time,1421,177,Overstocked,120,100.0
ORD100536,SUP002,Beta Components Ltd,Coimbatore,P008,Timing Belt,Automotive,WH001,Chennai Central Warehouse,2026-03-14,2026-03-16,2026-03-20,2026-03-20,318,620,197160,3259.78,4,0,On Time,334,312,Healthy,393,100.0
ORD100537,SUP004,Delta Auto Parts,Pune,P011,Clutch Plate,Automotive,WH004,Pune Logistics Hub,2025-09-14,2025-09-15,2025-09-19,2025-09-19,188,2750,517000,2366.16,4,0,On Time,495,260,Healthy,228,100.0
ORD100538,SUP002,Beta Components Ltd,Coimbatore,P006,Control Valve,Hydraulics,WH005,Hyderabad Warehouse,2025-01-21,2025-01-23,2025-01-26,2025-01-30,458,2150,984700,5377.44,3,4,Delayed,757,173,Overstocked,474,42.86
ORD100539,SUP002,Beta Components Ltd,Coimbatore,P001,Brake Disc,Automotive,WH001,Chennai Central Warehouse,2025-04-03,2025-04-05,2025-04-07,2025-04-07,344,1250,430000,3261.39,2,0,On Time,895,326,Overstocked,448,100.0
ORD100540,SUP007,Omega Components,Delhi,P007,Steel Gear,Mechanical,WH002,Coimbatore Distribution Center,2025-01-16,2025-01-17,2025-01-21,2025-01-21,185,1650,305250,1872.21,4,0,On Time,564,261,Healthy,196,100.0
ORD100541,SUP008,Prime Mechanical Works,Salem,P007,Steel Gear,Mechanical,WH001,Chennai Central Warehouse,2026-03-21,2026-03-22,2026-03-25,2026-03-25,140,1650,231000,1939.93,3,0,On Time,847,280,Overstocked,156,100.0
ORD100542,SUP005,Epsilon Engineering,Hyderabad,P007,Steel Gear,Mechanical,WH001,Chennai Central Warehouse,2025-09-09,2025-09-12,2025-09-17,2025-09-17,432,1650,712800,4521.4,5,0,On Time,875,296,Overstocked,551,100.0
ORD100543,SUP007,Omega Components,Delhi,P005,Hydraulic Pump,Hydraulics,WH005,Hyderabad Warehouse,2025-02-07,2025-02-08,2025-02-10,2025-02-10,300,4800,1440000,3570.16,2,0,On Time,1000,153,Overstocked,208,100.0
ORD100544,SUP008,Prime Mechanical Works,Salem,P003,Bearing Assembly,Mechanical,WH003,Bengaluru Warehouse,2025-05-01,2025-05-02,2025-05-05,2025-05-05,460,540,248400,4037.34,3,0,On Time,841,252,Overstocked,482,100.0
ORD100545,SUP002,Beta Components Ltd,Coimbatore,P008,Timing Belt,Automotive,WH002,Coimbatore Distribution Center,2025-12-03,2025-12-04,2025-12-08,2025-12-08,179,620,110980,2235.83,4,0,On Time,382,268,Healthy,278,100.0
ORD100546,SUP004,Delta Auto Parts,Pune,P006,Control Valve,Hydraulics,WH002,Coimbatore Distribution Center,2025-11-21,2025-11-22,2025-11-27,2025-11-27,20,2150,43000,846.05,5,0,On Time,668,317,Healthy,21,100.0
ORD100547,SUP004,Delta Auto Parts,Pune,P014,Industrial Fan,Electrical,WH005,Hyderabad Warehouse,2026-03-24,2026-03-26,2026-04-02,2026-04-12,451,3900,1758900,5142.02,7,10,Delayed,1852,193,Overstocked,334,41.18
ORD100548,SUP001,Alpha Industrial Supplies,Chennai,P002,Brake Pad Set,Automotive,WH002,Coimbatore Distribution Center,2025-01-15,2025-01-17,2025-01-19,2025-01-19,127,780,99060,1925.53,2,0,On Time,1009,281,Overstocked,134,100.0
ORD100549,SUP006,Zeta Industrial Corp,Mumbai,P004,Drive Shaft,Automotive,WH004,Pune Logistics Hub,2025-02-07,2025-02-09,2025-02-13,2025-02-20,425,3200,1360000,4461.32,4,7,Delayed,1212,194,Overstocked,312,36.36
ORD100550,SUP004,Delta Auto Parts,Pune,P004,Drive Shaft,Automotive,WH002,Coimbatore Distribution Center,2025-01-20,2025-01-22,2025-01-25,2025-01-30,358,3200,1145600,2520.54,3,5,Delayed,1379,202,Overstocked,309,37.5
ORD100551,SUP004,Delta Auto Parts,Pune,P008,Timing Belt,Automotive,WH001,Chennai Central Warehouse,2025-08-04,2025-08-06,2025-08-09,2025-08-09,123,620,76260,1250.47,3,0,On Time,287,257,Healthy,162,100.0
ORD100552,SUP002,Beta Components Ltd,Coimbatore,P007,Steel Gear,Mechanical,WH004,Pune Logistics Hub,2026-02-02,2026-02-05,2026-02-11,2026-02-11,381,1650,628650,4747.62,6,0,On Time,497,202,Healthy,377,100.0
ORD100553,SUP002,Beta Components Ltd,Coimbatore,P009,Motor Coupling,Electrical,WH001,Chennai Central Warehouse,2025-12-29,2025-12-30,2026-01-06,2026-01-06,50,980,49000,1144.72,7,0,On Time,848,218,Overstocked,49,100.0
ORD100554,SUP008,Prime Mechanical Works,Salem,P014,Industrial Fan,Electrical,WH004,Pune Logistics Hub,2025-04-25,2025-04-28,2025-05-03,2025-05-11,202,3900,787800,2616.41,5,8,Delayed,2097,200,Overstocked,129,38.46
ORD100555,SUP001,Alpha Industrial Supplies,Chennai,P004,Drive Shaft,Automotive,WH002,Coimbatore Distribution Center,2025-12-25,2025-12-26,2025-12-29,2025-12-29,185,3200,592000,2468.75,3,0,On Time,908,174,Overstocked,146,100.0
ORD100556,SUP002,Beta Components Ltd,Coimbatore,P010,Pressure Sensor,Electrical,WH004,Pune Logistics Hub,2025-12-25,2025-12-28,2026-01-01,2026-01-01,332,1450,481400,3222.51,4,0,On Time,1181,229,Overstocked,313,100.0
ORD100557,SUP003,Gamma Manufacturing,Bengaluru,P001,Brake Disc,Automotive,WH004,Pune Logistics Hub,2025-04-15,2025-04-17,2025-04-21,2025-04-21,272,1250,340000,3454.38,4,0,On Time,683,302,Healthy,350,100.0
ORD100558,SUP004,Delta Auto Parts,Pune,P003,Bearing Assembly,Mechanical,WH004,Pune Logistics Hub,2026-02-14,2026-02-16,2026-02-21,2026-03-01,310,540,167400,2341.11,5,8,Delayed,771,265,Overstocked,288,38.46
ORD100559,SUP005,Epsilon Engineering,Hyderabad,P007,Steel Gear,Mechanical,WH001,Chennai Central Warehouse,2025-08-19,2025-08-20,2025-08-24,2025-08-24,243,1650,400950,1844.56,4,0,On Time,803,236,Overstocked,261,100.0
ORD100560,SUP004,Delta Auto Parts,Pune,P001,Brake Disc,Automotive,WH004,Pune Logistics Hub,2025-02-02,2025-02-04,2025-02-09,2025-02-09,373,1250,466250,3573.21,5,0,On Time,367,340,Healthy,486,100.0
ORD100561,SUP001,Alpha Industrial Supplies,Chennai,P009,Motor Coupling,Electrical,WH005,Hyderabad Warehouse,2025-08-02,2025-08-04,2025-08-07,2025-08-07,88,980,86240,1258.32,3,0,On Time,100,214,Critical,93,100.0
ORD100562,SUP002,Beta Components Ltd,Coimbatore,P010,Pressure Sensor,Electrical,WH002,Coimbatore Distribution Center,2026-02-25,2026-02-28,2026-03-03,2026-03-08,362,1450,524900,2967.72,3,5,Delayed,1439,215,Overstocked,261,37.5
ORD100563,SUP007,Omega Components,Delhi,P011,Clutch Plate,Automotive,WH002,Coimbatore Distribution Center,2026-01-16,2026-01-17,2026-01-21,2026-01-21,34,2750,93500,1009.47,4,0,On Time,645,241,Overstocked,37,100.0
ORD100564,SUP005,Epsilon Engineering,Hyderabad,P008,Timing Belt,Automotive,WH004,Pune Logistics Hub,2025-05-27,2025-05-29,2025-06-01,2025-06-01,52,620,32240,950.61,3,0,On Time,248,298,Low,66,100.0
ORD100565,SUP005,Epsilon Engineering,Hyderabad,P009,Motor Coupling,Electrical,WH001,Chennai Central Warehouse,2026-02-18,2026-02-21,2026-02-26,2026-02-26,365,980,357700,3442.66,5,0,On Time,1081,224,Overstocked,289,100.0
ORD100566,SUP006,Zeta Industrial Corp,Mumbai,P006,Control Valve,Hydraulics,WH004,Pune Logistics Hub,2025-08-01,2025-08-04,2025-08-08,2025-08-11,87,2150,187050,1174.6,4,3,Delayed,909,251,Overstocked,85,57.14
ORD100567,SUP006,Zeta Industrial Corp,Mumbai,P001,Brake Disc,Automotive,WH004,Pune Logistics Hub,2025-09-09,2025-09-12,2025-09-17,2025-09-17,388,1250,485000,4546.45,5,0,On Time,761,279,Overstocked,593,100.0
ORD100568,SUP001,Alpha Industrial Supplies,Chennai,P001,Brake Disc,Automotive,WH001,Chennai Central Warehouse,2025-02-17,2025-02-19,2025-02-24,2025-02-24,75,1250,93750,1077.26,5,0,On Time,930,307,Overstocked,80,100.0
ORD100569,SUP003,Gamma Manufacturing,Bengaluru,P009,Motor Coupling,Electrical,WH003,Bengaluru Warehouse,2026-06-29,2026-07-02,2026-07-05,2026-07-05,82,980,80360,1409.96,3,0,On Time,659,255,Overstocked,76,100.0
ORD100570,SUP004,Delta Auto Parts,Pune,P015,Pneumatic Cylinder,Pneumatics,WH003,Bengaluru Warehouse,2026-04-03,2026-04-04,2026-04-11,2026-04-11,467,1850,863950,4227.87,7,0,On Time,712,224,Overstocked,474,100.0
ORD100571,SUP003,Gamma Manufacturing,Bengaluru,P001,Brake Disc,Automotive,WH002,Coimbatore Distribution Center,2025-04-17,2025-04-20,2025-04-21,2025-04-21,97,1250,121250,1290.71,1,0,On Time,580,355,Healthy,136,100.0
ORD100572,SUP007,Omega Components,Delhi,P008,Timing Belt,Automotive,WH005,Hyderabad Warehouse,2025-11-03,2025-11-05,2025-11-08,2025-11-08,458,620,283960,3331.11,3,0,On Time,880,385,Healthy,729,100.0
ORD100573,SUP004,Delta Auto Parts,Pune,P011,Clutch Plate,Automotive,WH001,Chennai Central Warehouse,2026-03-03,2026-03-05,2026-03-11,2026-03-21,180,2750,495000,1423.72,6,10,Delayed,261,229,Healthy,193,37.5
ORD100574,SUP006,Zeta Industrial Corp,Mumbai,P012,Oil Filter,Maintenance,WH002,Coimbatore Distribution Center,2025-10-03,2025-10-04,2025-10-11,2025-10-11,401,310,124310,2999.22,7,0,On Time,649,343,Healthy,649,100.0
ORD100575,SUP007,Omega Components,Delhi,P008,Timing Belt,Automotive,WH005,Hyderabad Warehouse,2025-04-26,2025-04-28,2025-04-29,2025-04-29,471,620,292020,3215.87,1,0,On Time,905,267,Overstocked,512,100.0
ORD100576,SUP004,Delta Auto Parts,Pune,P009,Motor Coupling,Electrical,WH001,Chennai Central Warehouse,2026-06-13,2026-06-14,2026-06-19,2026-06-19,67,980,65660,1008.52,5,0,On Time,1222,254,Overstocked,73,100.0
ORD100577,SUP008,Prime Mechanical Works,Salem,P010,Pressure Sensor,Electrical,WH004,Pune Logistics Hub,2025-05-27,2025-05-30,2025-06-05,2025-06-05,172,1450,249400,2295.09,6,0,On Time,1170,191,Overstocked,137,100.0
ORD100578,SUP005,Epsilon Engineering,Hyderabad,P012,Oil Filter,Maintenance,WH001,Chennai Central Warehouse,2025-07-02,2025-07-03,2025-07-06,2025-07-06,291,310,90210,2063.68,3,0,On Time,883,269,Overstocked,347,100.0
ORD100579,SUP007,Omega Components,Delhi,P002,Brake Pad Set,Automotive,WH003,Bengaluru Warehouse,2025-07-22,2025-07-24,2025-07-27,2025-07-27,434,780,338520,2971.91,3,0,On Time,67,341,Critical,614,100.0
ORD100580,SUP003,Gamma Manufacturing,Bengaluru,P013,Air Filter,Maintenance,WH001,Chennai Central Warehouse,2026-05-02,2026-05-03,2026-05-06,2026-05-06,101,260,26260,1252.54,3,0,On Time,1132,262,Overstocked,108,100.0
ORD100581,SUP004,Delta Auto Parts,Pune,P001,Brake Disc,Automotive,WH004,Pune Logistics Hub,2025-10-01,2025-10-03,2025-10-09,2025-10-09,101,1250,126250,1456.47,6,0,On Time,673,304,Healthy,128,100.0
ORD100582,SUP004,Delta Auto Parts,Pune,P012,Oil Filter,Maintenance,WH004,Pune Logistics Hub,2026-01-28,2026-01-30,2026-02-06,2026-02-06,190,310,58900,2152.1,7,0,On Time,840,350,Healthy,221,100.0
ORD100583,SUP001,Alpha Industrial Supplies,Chennai,P001,Brake Disc,Automotive,WH005,Hyderabad Warehouse,2026-05-08,2026-05-09,2026-05-13,2026-05-13,110,1250,137500,1619.19,4,0,On Time,401,360,Healthy,164,100.0
ORD100584,SUP004,Delta Auto Parts,Pune,P003,Bearing Assembly,Mechanical,WH005,Hyderabad Warehouse,2026-05-22,2026-05-25,2026-06-01,2026-06-01,141,540,76140,1799.86,7,0,On Time,314,325,Low,192,100.0
ORD100585,SUP008,Prime Mechanical Works,Salem,P001,Brake Disc,Automotive,WH004,Pune Logistics Hub,2026-04-13,2026-04-16,2026-04-20,2026-04-20,73,1250,91250,1262.86,4,0,On Time,964,298,Overstocked,85,100.0
ORD100586,SUP005,Epsilon Engineering,Hyderabad,P007,Steel Gear,Mechanical,WH004,Pune Logistics Hub,2026-05-11,2026-05-13,2026-05-16,2026-05-16,417,1650,688050,3596.72,3,0,On Time,502,291,Healthy,458,100.0
ORD100587,SUP002,Beta Components Ltd,Coimbatore,P005,Hydraulic Pump,Hydraulics,WH003,Bengaluru Warehouse,2026-06-02,2026-06-03,2026-06-07,2026-06-07,401,4800,1924800,2968.24,4,0,On Time,1017,246,Overstocked,361,100.0
ORD100588,SUP003,Gamma Manufacturing,Bengaluru,P002,Brake Pad Set,Automotive,WH005,Hyderabad Warehouse,2026-06-26,2026-06-29,2026-07-01,2026-07-01,80,780,62400,1406.04,2,0,On Time,799,295,Overstocked,112,100.0
ORD100589,SUP002,Beta Components Ltd,Coimbatore,P007,Steel Gear,Mechanical,WH003,Bengaluru Warehouse,2025-12-18,2025-12-21,2025-12-26,2025-12-26,273,1650,450450,2300.24,5,0,On Time,1016,236,Overstocked,303,100.0
ORD100590,SUP001,Alpha Industrial Supplies,Chennai,P006,Control Valve,Hydraulics,WH005,Hyderabad Warehouse,2025-03-13,2025-03-15,2025-03-18,2025-03-18,327,2150,703050,3834.37,3,0,On Time,1166,196,Overstocked,295,100.0
ORD100591,SUP008,Prime Mechanical Works,Salem,P011,Clutch Plate,Automotive,WH001,Chennai Central Warehouse,2025-03-03,2025-03-05,2025-03-09,2025-03-09,318,2750,874500,2914.11,4,0,On Time,913,288,Overstocked,327,100.0
ORD100592,SUP004,Delta Auto Parts,Pune,P013,Air Filter,Maintenance,WH003,Bengaluru Warehouse,2026-03-11,2026-03-12,2026-03-18,2026-03-18,493,260,128180,4496.34,6,0,On Time,482,252,Healthy,488,100.0
ORD100593,SUP003,Gamma Manufacturing,Bengaluru,P009,Motor Coupling,Electrical,WH004,Pune Logistics Hub,2025-06-22,2025-06-24,2025-06-26,2025-06-27,324,980,317520,3167.01,2,1,Delayed,1040,245,Overstocked,352,66.67
ORD100594,SUP005,Epsilon Engineering,Hyderabad,P002,Brake Pad Set,Automotive,WH001,Chennai Central Warehouse,2026-03-16,2026-03-17,2026-03-22,2026-03-22,347,780,270660,3698.24,5,0,On Time,877,297,Overstocked,388,100.0
ORD100595,SUP001,Alpha Industrial Supplies,Chennai,P004,Drive Shaft,Automotive,WH001,Chennai Central Warehouse,2026-05-26,2026-05-28,2026-05-31,2026-05-31,26,3200,83200,968.39,3,0,On Time,427,255,Healthy,25,100.0
ORD100596,SUP003,Gamma Manufacturing,Bengaluru,P013,Air Filter,Maintenance,WH005,Hyderabad Warehouse,2025-12-18,2025-12-21,2025-12-25,2025-12-26,48,260,12480,1029.87,4,1,Delayed,1043,293,Overstocked,67,80.0
ORD100597,SUP006,Zeta Industrial Corp,Mumbai,P001,Brake Disc,Automotive,WH002,Coimbatore Distribution Center,2026-02-22,2026-02-24,2026-02-28,2026-02-28,313,1250,391250,3484.92,4,0,On Time,117,283,Critical,376,100.0
ORD100598,SUP005,Epsilon Engineering,Hyderabad,P006,Control Valve,Hydraulics,WH001,Chennai Central Warehouse,2025-06-02,2025-06-04,2025-06-09,2025-06-09,455,2150,978250,3854.44,5,0,On Time,1200,314,Overstocked,523,100.0
ORD100599,SUP008,Prime Mechanical Works,Salem,P014,Industrial Fan,Electrical,WH002,Coimbatore Distribution Center,2025-08-26,2025-08-29,2025-09-03,2025-09-04,205,3900,799500,2031.96,5,1,Delayed,985,145,Overstocked,123,83.33
ORD100600,SUP005,Epsilon Engineering,Hyderabad,P014,Industrial Fan,Electrical,WH002,Coimbatore Distribution Center,2026-06-11,2026-06-14,2026-06-19,2026-06-19,325,3900,1267500,2481.02,5,0,On Time,1535,185,Overstocked,220,100.0
ORD100601,SUP004,Delta Auto Parts,Pune,P006,Control Valve,Hydraulics,WH003,Bengaluru Warehouse,2026-03-23,2026-03-24,2026-03-30,2026-03-30,113,2150,242950,1351.42,6,0,On Time,1045,185,Overstocked,108,100.0
ORD100602,SUP006,Zeta Industrial Corp,Mumbai,P009,Motor Coupling,Electrical,WH005,Hyderabad Warehouse,2025-04-22,2025-04-23,2025-04-26,2025-04-26,234,980,229320,2841.72,3,0,On Time,897,205,Overstocked,240,100.0
ORD100603,SUP008,Prime Mechanical Works,Salem,P007,Steel Gear,Mechanical,WH005,Hyderabad Warehouse,2026-05-27,2026-05-28,2026-06-03,2026-06-03,378,1650,623700,2928.11,6,0,On Time,894,221,Overstocked,474,100.0
ORD100604,SUP006,Zeta Industrial Corp,Mumbai,P011,Clutch Plate,Automotive,WH003,Bengaluru Warehouse,2025-09-30,2025-10-03,2025-10-08,2025-10-13,333,2750,915750,2073.87,5,5,Delayed,826,247,Overstocked,353,50.0
ORD100605,SUP008,Prime Mechanical Works,Salem,P001,Brake Disc,Automotive,WH004,Pune Logistics Hub,2026-04-06,2026-04-08,2026-04-13,2026-04-13,66,1250,82500,1033.0,5,0,On Time,750,277,Overstocked,94,100.0
ORD100606,SUP007,Omega Components,Delhi,P002,Brake Pad Set,Automotive,WH002,Coimbatore Distribution Center,2025-10-12,2025-10-15,2025-10-19,2025-10-20,441,780,343980,4836.7,4,1,Delayed,1160,393,Overstocked,572,80.0
ORD100607,SUP007,Omega Components,Delhi,P009,Motor Coupling,Electrical,WH005,Hyderabad Warehouse,2025-11-26,2025-11-28,2025-11-30,2025-11-30,465,980,455700,4242.75,2,0,On Time,507,270,Healthy,458,100.0
ORD100608,SUP001,Alpha Industrial Supplies,Chennai,P003,Bearing Assembly,Mechanical,WH001,Chennai Central Warehouse,2025-03-30,2025-04-02,2025-04-04,2025-04-04,244,540,131760,2228.15,2,0,On Time,0,256,Critical,248,100.0
ORD100609,SUP006,Zeta Industrial Corp,Mumbai,P009,Motor Coupling,Electrical,WH001,Chennai Central Warehouse,2025-07-04,2025-07-07,2025-07-13,2025-07-13,177,980,173460,2231.08,6,0,On Time,815,246,Overstocked,184,100.0
ORD100610,SUP004,Delta Auto Parts,Pune,P005,Hydraulic Pump,Hydraulics,WH005,Hyderabad Warehouse,2026-01-30,2026-01-31,2026-02-05,2026-02-12,270,4800,1296000,2531.65,5,7,Delayed,916,210,Overstocked,195,41.67
ORD100611,SUP005,Epsilon Engineering,Hyderabad,P013,Air Filter,Maintenance,WH005,Hyderabad Warehouse,2026-04-05,2026-04-08,2026-04-13,2026-04-13,403,260,104780,4351.14,5,0,On Time,622,267,Healthy,484,100.0
ORD100612,SUP005,Epsilon Engineering,Hyderabad,P012,Oil Filter,Maintenance,WH002,Coimbatore Distribution Center,2025-02-18,2025-02-21,2025-02-25,2025-02-25,232,310,71920,2523.46,4,0,On Time,433,233,Healthy,298,100.0
ORD100613,SUP008,Prime Mechanical Works,Salem,P007,Steel Gear,Mechanical,WH004,Pune Logistics Hub,2025-02-11,2025-02-12,2025-02-18,2025-02-25,24,1650,39600,923.77,6,7,Delayed,931,193,Overstocked,20,46.15
ORD100614,SUP008,Prime Mechanical Works,Salem,P011,Clutch Plate,Automotive,WH003,Bengaluru Warehouse,2026-01-14,2026-01-16,2026-01-21,2026-01-21,45,2750,123750,1127.53,5,0,On Time,463,270,Healthy,38,100.0
ORD100615,SUP003,Gamma Manufacturing,Bengaluru,P004,Drive Shaft,Automotive,WH002,Coimbatore Distribution Center,2025-09-02,2025-09-05,2025-09-08,2025-09-08,408,3200,1305600,4573.09,3,0,On Time,1162,249,Overstocked,316,100.0
ORD100616,SUP006,Zeta Industrial Corp,Mumbai,P007,Steel Gear,Mechanical,WH002,Coimbatore Distribution Center,2026-04-09,2026-04-12,2026-04-16,2026-04-18,396,1650,653400,2662.09,4,2,Delayed,933,266,Overstocked,387,66.67
ORD100617,SUP006,Zeta Industrial Corp,Mumbai,P003,Bearing Assembly,Mechanical,WH001,Chennai Central Warehouse,2025-02-07,2025-02-09,2025-02-14,2025-02-14,389,540,210060,2105.39,5,0,On Time,853,207,Overstocked,388,100.0
ORD100618,SUP003,Gamma Manufacturing,Bengaluru,P012,Oil Filter,Maintenance,WH003,Bengaluru Warehouse,2025-07-10,2025-07-12,2025-07-16,2025-07-16,72,310,22320,1341.78,4,0,On Time,759,330,Healthy,90,100.0
ORD100619,SUP002,Beta Components Ltd,Coimbatore,P012,Oil Filter,Maintenance,WH002,Coimbatore Distribution Center,2025-01-20,2025-01-21,2025-01-25,2025-01-25,93,310,28830,1267.33,4,0,On Time,817,324,Overstocked,125,100.0
ORD100620,SUP001,Alpha Industrial Supplies,Chennai,P013,Air Filter,Maintenance,WH003,Bengaluru Warehouse,2026-01-23,2026-01-25,2026-01-29,2026-02-05,203,260,52780,2158.32,4,7,Delayed,752,246,Overstocked,244,36.36
ORD100621,SUP007,Omega Components,Delhi,P013,Air Filter,Maintenance,WH001,Chennai Central Warehouse,2026-04-14,2026-04-16,2026-04-19,2026-04-19,123,260,31980,1289.96,3,0,On Time,655,238,Overstocked,167,100.0
ORD100622,SUP004,Delta Auto Parts,Pune,P014,Industrial Fan,Electrical,WH005,Hyderabad Warehouse,2025-03-27,2025-03-29,2025-04-04,2025-04-04,199,3900,776100,2638.18,6,0,On Time,1459,145,Overstocked,118,100.0
ORD100623,SUP008,Prime Mechanical Works,Salem,P003,Bearing Assembly,Mechanical,WH003,Bengaluru Warehouse,2025-06-26,2025-06-27,2025-07-04,2025-07-04,284,540,153360,3051.53,7,0,On Time,926,327,Overstocked,350,100.0
ORD100624,SUP004,Delta Auto Parts,Pune,P014,Industrial Fan,Electrical,WH005,Hyderabad Warehouse,2026-04-07,2026-04-10,2026-04-17,2026-04-27,147,3900,573300,2258.54,7,10,Delayed,1626,203,Overstocked,87,41.18
ORD100625,SUP008,Prime Mechanical Works,Salem,P008,Timing Belt,Automotive,WH001,Chennai Central Warehouse,2025-01-23,2025-01-25,2025-01-30,2025-01-30,70,620,43400,1134.3,5,0,On Time,314,234,Healthy,72,100.0
ORD100626,SUP004,Delta Auto Parts,Pune,P006,Control Valve,Hydraulics,WH003,Bengaluru Warehouse,2026-06-04,2026-06-05,2026-06-11,2026-06-11,207,2150,445050,2780.8,6,0,On Time,841,309,Overstocked,228,100.0
ORD100627,SUP007,Omega Components,Delhi,P008,Timing Belt,Automotive,WH005,Hyderabad Warehouse,2026-04-30,2026-05-02,2026-05-04,2026-05-04,364,620,225680,3351.94,2,0,On Time,450,296,Healthy,440,100.0
ORD100628,SUP001,Alpha Industrial Supplies,Chennai,P005,Hydraulic Pump,Hydraulics,WH002,Coimbatore Distribution Center,2025-03-25,2025-03-27,2025-03-30,2025-03-30,313,4800,1502400,3039.45,3,0,On Time,1279,197,Overstocked,248,100.0
ORD100629,SUP005,Epsilon Engineering,Hyderabad,P004,Drive Shaft,Automotive,WH001,Chennai Central Warehouse,2025-03-17,2025-03-18,2025-03-23,2025-03-23,167,3200,534400,1960.49,5,0,On Time,1317,228,Overstocked,147,100.0
ORD100630,SUP007,Omega Components,Delhi,P003,Bearing Assembly,Mechanical,WH002,Coimbatore Distribution Center,2026-01-13,2026-01-15,2026-01-19,2026-01-19,162,540,87480,1772.37,4,0,On Time,669,261,Overstocked,147,100.0
ORD100631,SUP008,Prime Mechanical Works,Salem,P001,Brake Disc,Automotive,WH002,Coimbatore Distribution Center,2025-01-06,2025-01-09,2025-01-14,2025-01-14,296,1250,370000,2796.59,5,0,On Time,492,231,Healthy,398,100.0
ORD100632,SUP007,Omega Components,Delhi,P007,Steel Gear,Mechanical,WH002,Coimbatore Distribution Center,2025-10-04,2025-10-07,2025-10-09,2025-10-09,94,1650,155100,1230.78,2,0,On Time,923,269,Overstocked,100,100.0
ORD100633,SUP001,Alpha Industrial Supplies,Chennai,P013,Air Filter,Maintenance,WH002,Coimbatore Distribution Center,2025-02-05,2025-02-06,2025-02-11,2025-02-16,419,260,108940,3121.61,5,5,Delayed,673,294,Healthy,507,50.0
ORD100634,SUP003,Gamma Manufacturing,Bengaluru,P009,Motor Coupling,Electrical,WH002,Coimbatore Distribution Center,2025-10-18,2025-10-20,2025-10-23,2025-10-23,436,980,427280,4093.05,3,0,On Time,1322,265,Overstocked,482,100.0
ORD100635,SUP001,Alpha Industrial Supplies,Chennai,P008,Timing Belt,Automotive,WH003,Bengaluru Warehouse,2025-07-11,2025-07-13,2025-07-15,2025-07-15,22,620,13640,811.02,2,0,On Time,1141,273,Overstocked,23,100.0
ORD100636,SUP001,Alpha Industrial Supplies,Chennai,P006,Control Valve,Hydraulics,WH001,Chennai Central Warehouse,2026-01-21,2026-01-24,2026-01-29,2026-01-29,486,2150,1044900,4315.21,5,0,On Time,1190,228,Overstocked,425,100.0
ORD100637,SUP006,Zeta Industrial Corp,Mumbai,P007,Steel Gear,Mechanical,WH002,Coimbatore Distribution Center,2026-04-26,2026-04-29,2026-05-06,2026-05-06,21,1650,34650,849.58,7,0,On Time,830,240,Overstocked,21,100.0
ORD100638,SUP006,Zeta Industrial Corp,Mumbai,P003,Bearing Assembly,Mechanical,WH004,Pune Logistics Hub,2025-09-24,2025-09-26,2025-10-01,2025-10-01,235,540,126900,2117.86,5,0,On Time,1105,260,Overstocked,310,100.0
ORD100639,SUP007,Omega Components,Delhi,P012,Oil Filter,Maintenance,WH001,Chennai Central Warehouse,2025-12-17,2025-12-18,2025-12-22,2025-12-22,337,310,104470,3173.3,4,0,On Time,706,420,Healthy,462,100.0
ORD100640,SUP007,Omega Components,Delhi,P003,Bearing Assembly,Mechanical,WH001,Chennai Central Warehouse,2025-11-24,2025-11-26,2025-11-30,2025-11-30,170,540,91800,1512.05,4,0,On Time,651,320,Healthy,257,100.0
ORD100641,SUP006,Zeta Industrial Corp,Mumbai,P010,Pressure Sensor,Electrical,WH001,Chennai Central Warehouse,2026-06-22,2026-06-23,2026-06-29,2026-06-29,109,1450,158050,1686.38,6,0,On Time,826,196,Overstocked,92,100.0
ORD100642,SUP007,Omega Components,Delhi,P011,Clutch Plate,Automotive,WH001,Chennai Central Warehouse,2025-05-07,2025-05-10,2025-05-14,2025-05-16,33,2750,90750,1024.81,4,2,Delayed,653,252,Overstocked,41,66.67
ORD100643,SUP001,Alpha Industrial Supplies,Chennai,P008,Timing Belt,Automotive,WH003,Bengaluru Warehouse,2025-05-11,2025-05-14,2025-05-16,2025-05-16,367,620,227540,3149.98,2,0,On Time,719,371,Healthy,435,100.0
ORD100644,SUP002,Beta Components Ltd,Coimbatore,P012,Oil Filter,Maintenance,WH001,Chennai Central Warehouse,2025-07-26,2025-07-29,2025-08-04,2025-08-04,28,310,8680,868.65,6,0,On Time,754,278,Overstocked,40,100.0
ORD100645,SUP005,Epsilon Engineering,Hyderabad,P004,Drive Shaft,Automotive,WH002,Coimbatore Distribution Center,2026-02-07,2026-02-09,2026-02-14,2026-02-14,247,3200,790400,1773.49,5,0,On Time,540,153,Overstocked,198,100.0
ORD100646,SUP007,Omega Components,Delhi,P013,Air Filter,Maintenance,WH005,Hyderabad Warehouse,2026-04-18,2026-04-21,2026-04-24,2026-04-24,202,260,52520,2512.4,3,0,On Time,606,274,Healthy,223,100.0
ORD100647,SUP001,Alpha Industrial Supplies,Chennai,P011,Clutch Plate,Automotive,WH005,Hyderabad Warehouse,2025-06-01,2025-06-03,2025-06-05,2025-06-05,485,2750,1333750,3257.76,2,0,On Time,875,218,Overstocked,474,100.0
ORD100648,SUP004,Delta Auto Parts,Pune,P012,Oil Filter,Maintenance,WH001,Chennai Central Warehouse,2025-03-02,2025-03-04,2025-03-10,2025-03-10,466,310,144460,4731.36,6,0,On Time,792,255,Overstocked,615,100.0
ORD100649,SUP006,Zeta Industrial Corp,Mumbai,P009,Motor Coupling,Electrical,WH002,Coimbatore Distribution Center,2025-11-29,2025-12-02,2025-12-06,2025-12-06,411,980,402780,4588.93,4,0,On Time,892,212,Overstocked,487,100.0
ORD100650,SUP001,Alpha Industrial Supplies,Chennai,P012,Oil Filter,Maintenance,WH003,Bengaluru Warehouse,2025-11-23,2025-11-24,2025-11-28,2025-11-28,368,310,114080,2398.38,4,0,On Time,707,331,Healthy,655,100.0
ORD100651,SUP004,Delta Auto Parts,Pune,P015,Pneumatic Cylinder,Pneumatics,WH005,Hyderabad Warehouse,2025-07-24,2025-07-27,2025-08-02,2025-08-02,276,1850,510600,3074.7,6,0,On Time,569,227,Overstocked,225,100.0
ORD100652,SUP007,Omega Components,Delhi,P006,Control Valve,Hydraulics,WH004,Pune Logistics Hub,2025-04-11,2025-04-14,2025-04-17,2025-04-17,181,2150,389150,2060.29,3,0,On Time,559,209,Overstocked,201,100.0
ORD100653,SUP006,Zeta Industrial Corp,Mumbai,P012,Oil Filter,Maintenance,WH001,Chennai Central Warehouse,2026-04-10,2026-04-12,2026-04-15,2026-04-15,91,310,28210,1295.06,3,0,On Time,641,314,Healthy,140,100.0
ORD100654,SUP002,Beta Components Ltd,Coimbatore,P011,Clutch Plate,Automotive,WH001,Chennai Central Warehouse,2026-04-08,2026-04-09,2026-04-13,2026-04-13,485,2750,1333750,2935.1,4,0,On Time,993,280,Overstocked,552,100.0
ORD100655,SUP007,Omega Components,Delhi,P007,Steel Gear,Mechanical,WH002,Coimbatore Distribution Center,2026-02-13,2026-02-16,2026-02-19,2026-02-19,198,1650,326700,2311.11,3,0,On Time,830,185,Overstocked,163,100.0
ORD100656,SUP003,Gamma Manufacturing,Bengaluru,P013,Air Filter,Maintenance,WH005,Hyderabad Warehouse,2025-11-13,2025-11-14,2025-11-17,2025-11-17,220,260,57200,1820.89,3,0,On Time,512,303,Healthy,277,100.0
ORD100657,SUP007,Omega Components,Delhi,P006,Control Valve,Hydraulics,WH005,Hyderabad Warehouse,2025-05-23,2025-05-26,2025-05-28,2025-05-28,79,2150,169850,1495.18,2,0,On Time,793,307,Overstocked,93,100.0
ORD100658,SUP003,Gamma Manufacturing,Bengaluru,P008,Timing Belt,Automotive,WH001,Chennai Central Warehouse,2025-08-09,2025-08-12,2025-08-15,2025-08-15,145,620,89900,1579.99,3,0,On Time,1079,319,Overstocked,194,100.0
ORD100659,SUP005,Epsilon Engineering,Hyderabad,P002,Brake Pad Set,Automotive,WH003,Bengaluru Warehouse,2025-02-07,2025-02-09,2025-02-14,2025-02-14,321,780,250380,3191.49,5,0,On Time,835,289,Overstocked,368,100.0
ORD100660,SUP004,Delta Auto Parts,Pune,P003,Bearing Assembly,Mechanical,WH001,Chennai Central Warehouse,2025-05-17,2025-05-19,2025-05-25,2025-05-25,219,540,118260,2592.59,6,0,On Time,731,292,Overstocked,291,100.0
ORD100661,SUP003,Gamma Manufacturing,Bengaluru,P012,Oil Filter,Maintenance,WH004,Pune Logistics Hub,2025-09-03,2025-09-04,2025-09-06,2025-09-06,297,310,92070,3400.47,2,0,On Time,387,424,Low,366,100.0
ORD100662,SUP007,Omega Components,Delhi,P006,Control Valve,Hydraulics,WH005,Hyderabad Warehouse,2025-08-27,2025-08-29,2025-08-31,2025-08-31,113,2150,242950,1580.7,2,0,On Time,658,205,Overstocked,123,100.0
ORD100663,SUP002,Beta Components Ltd,Coimbatore,P006,Control Valve,Hydraulics,WH002,Coimbatore Distribution Center,2025-02-13,2025-02-14,2025-02-18,2025-02-18,50,2150,107500,1070.2,4,0,On Time,854,170,Overstocked,46,100.0
ORD100664,SUP001,Alpha Industrial Supplies,Chennai,P003,Bearing Assembly,Mechanical,WH001,Chennai Central Warehouse,2026-06-07,2026-06-10,2026-06-14,2026-06-14,444,540,239760,3388.45,4,0,On Time,843,344,Healthy,604,100.0
ORD100665,SUP003,Gamma Manufacturing,Bengaluru,P007,Steel Gear,Mechanical,WH003,Bengaluru Warehouse,2025-05-27,2025-05-29,2025-06-01,2025-06-01,222,1650,366300,2066.67,3,0,On Time,960,213,Overstocked,273,100.0
ORD100666,SUP006,Zeta Industrial Corp,Mumbai,P012,Oil Filter,Maintenance,WH002,Coimbatore Distribution Center,2025-10-06,2025-10-07,2025-10-11,2025-10-11,187,310,57970,2414.09,4,0,On Time,702,385,Healthy,286,100.0
ORD100667,SUP007,Omega Components,Delhi,P013,Air Filter,Maintenance,WH004,Pune Logistics Hub,2025-09-12,2025-09-15,2025-09-19,2025-09-27,150,260,39000,1589.97,4,8,Delayed,579,237,Healthy,165,33.33
ORD100668,SUP008,Prime Mechanical Works,Salem,P001,Brake Disc,Automotive,WH002,Coimbatore Distribution Center,2025-09-14,2025-09-15,2025-09-21,2025-09-21,333,1250,416250,2738.99,6,0,On Time,539,312,Healthy,514,100.0
ORD100669,SUP003,Gamma Manufacturing,Bengaluru,P008,Timing Belt,Automotive,WH005,Hyderabad Warehouse,2026-04-07,2026-04-09,2026-04-12,2026-04-12,286,620,177320,3277.06,3,0,On Time,1160,323,Overstocked,382,100.0
ORD100670,SUP004,Delta Auto Parts,Pune,P007,Steel Gear,Mechanical,WH002,Coimbatore Distribution Center,2026-02-12,2026-02-13,2026-02-17,2026-02-17,201,1650,331650,1884.08,4,0,On Time,630,241,Overstocked,186,100.0
ORD100671,SUP002,Beta Components Ltd,Coimbatore,P009,Motor Coupling,Electrical,WH001,Chennai Central Warehouse,2026-04-19,2026-04-20,2026-04-24,2026-04-24,467,980,457660,4629.02,4,0,On Time,543,237,Healthy,505,100.0
ORD100672,SUP005,Epsilon Engineering,Hyderabad,P007,Steel Gear,Mechanical,WH002,Coimbatore Distribution Center,2025-07-26,2025-07-27,2025-08-03,2025-08-03,452,1650,745800,3046.77,7,0,On Time,355,222,Healthy,461,100.0
ORD100673,SUP008,Prime Mechanical Works,Salem,P006,Control Valve,Hydraulics,WH001,Chennai Central Warehouse,2025-05-25,2025-05-26,2025-05-29,2025-05-29,107,2150,230050,1149.94,3,0,On Time,791,226,Overstocked,106,100.0
ORD100674,SUP006,Zeta Industrial Corp,Mumbai,P007,Steel Gear,Mechanical,WH002,Coimbatore Distribution Center,2025-08-22,2025-08-25,2025-08-30,2025-08-30,325,1650,536250,3129.1,5,0,On Time,1010,298,Overstocked,413,100.0
ORD100675,SUP005,Epsilon Engineering,Hyderabad,P008,Timing Belt,Automotive,WH004,Pune Logistics Hub,2025-11-03,2025-11-06,2025-11-10,2025-11-10,485,620,300700,4380.6,4,0,On Time,521,280,Healthy,751,100.0
ORD100676,SUP004,Delta Auto Parts,Pune,P007,Steel Gear,Mechanical,WH001,Chennai Central Warehouse,2025-07-03,2025-07-06,2025-07-12,2025-07-12,249,1650,410850,2894.0,6,0,On Time,1204,275,Overstocked,300,100.0
ORD100677,SUP008,Prime Mechanical Works,Salem,P007,Steel Gear,Mechanical,WH001,Chennai Central Warehouse,2025-09-09,2025-09-12,2025-09-17,2025-09-17,24,1650,39600,898.84,5,0,On Time,808,284,Overstocked,31,100.0
ORD100678,SUP004,Delta Auto Parts,Pune,P012,Oil Filter,Maintenance,WH001,Chennai Central Warehouse,2025-03-24,2025-03-26,2025-04-02,2025-04-02,74,310,22940,1021.23,7,0,On Time,893,294,Overstocked,97,100.0
ORD100679,SUP002,Beta Components Ltd,Coimbatore,P011,Clutch Plate,Automotive,WH001,Chennai Central Warehouse,2025-11-15,2025-11-17,2025-11-21,2025-11-21,337,2750,926750,2592.02,4,0,On Time,638,281,Healthy,392,100.0
ORD100680,SUP003,Gamma Manufacturing,Bengaluru,P005,Hydraulic Pump,Hydraulics,WH005,Hyderabad Warehouse,2026-01-25,2026-01-26,2026-01-31,2026-01-31,452,4800,2169600,3745.05,5,0,On Time,823,198,Overstocked,356,100.0
ORD100681,SUP001,Alpha Industrial Supplies,Chennai,P012,Oil Filter,Maintenance,WH005,Hyderabad Warehouse,2025-10-15,2025-10-18,2025-10-21,2025-10-21,73,310,22630,1269.23,3,0,On Time,648,354,Healthy,112,100.0
ORD100682,SUP002,Beta Components Ltd,Coimbatore,P012,Oil Filter,Maintenance,WH001,Chennai Central Warehouse,2026-04-22,2026-04-24,2026-04-28,2026-04-28,278,310,86180,2103.06,4,0,On Time,758,268,Overstocked,387,100.0
ORD100683,SUP001,Alpha Industrial Supplies,Chennai,P002,Brake Pad Set,Automotive,WH004,Pune Logistics Hub,2026-06-28,2026-06-30,2026-07-03,2026-07-03,253,780,197340,2689.58,3,0,On Time,595,397,Healthy,344,100.0
ORD100684,SUP004,Delta Auto Parts,Pune,P008,Timing Belt,Automotive,WH004,Pune Logistics Hub,2026-05-10,2026-05-11,2026-05-14,2026-05-14,149,620,92380,2228.18,3,0,On Time,705,258,Overstocked,162,100.0
ORD100685,SUP005,Epsilon Engineering,Hyderabad,P004,Drive Shaft,Automotive,WH005,Hyderabad Warehouse,2025-02-20,2025-02-22,2025-02-27,2025-02-27,320,3200,1024000,2884.52,5,0,On Time,1220,204,Overstocked,203,100.0
ORD100686,SUP003,Gamma Manufacturing,Bengaluru,P011,Clutch Plate,Automotive,WH002,Coimbatore Distribution Center,2026-04-26,2026-04-29,2026-05-04,2026-05-04,441,2750,1212750,4049.82,5,0,On Time,431,199,Healthy,479,100.0
ORD100687,SUP004,Delta Auto Parts,Pune,P003,Bearing Assembly,Mechanical,WH002,Coimbatore Distribution Center,2025-07-02,2025-07-04,2025-07-10,2025-07-10,127,540,68580,1350.18,6,0,On Time,653,259,Overstocked,157,100.0
ORD100688,SUP008,Prime Mechanical Works,Salem,P010,Pressure Sensor,Electrical,WH002,Coimbatore Distribution Center,2025-09-04,2025-09-06,2025-09-11,2025-09-11,36,1450,52200,1013.85,5,0,On Time,839,216,Overstocked,31,100.0
ORD100689,SUP006,Zeta Industrial Corp,Mumbai,P003,Bearing Assembly,Mechanical,WH005,Hyderabad Warehouse,2025-08-13,2025-08-16,2025-08-20,2025-08-20,186,540,100440,1773.92,4,0,On Time,628,223,Overstocked,197,100.0
ORD100690,SUP005,Epsilon Engineering,Hyderabad,P008,Timing Belt,Automotive,WH004,Pune Logistics Hub,2025-06-05,2025-06-06,2025-06-10,2025-06-10,164,620,101680,2028.21,4,0,On Time,729,357,Healthy,211,100.0
ORD100691,SUP003,Gamma Manufacturing,Bengaluru,P014,Industrial Fan,Electrical,WH003,Bengaluru Warehouse,2026-04-24,2026-04-27,2026-05-01,2026-05-01,367,3900,1431300,2853.03,4,0,On Time,1090,148,Overstocked,271,100.0
ORD100692,SUP007,Omega Components,Delhi,P006,Control Valve,Hydraulics,WH002,Coimbatore Distribution Center,2025-12-15,2025-12-18,2025-12-24,2025-12-24,273,2150,586950,1837.3,6,0,On Time,289,271,Healthy,263,100.0
ORD100693,SUP002,Beta Components Ltd,Coimbatore,P013,Air Filter,Maintenance,WH004,Pune Logistics Hub,2026-06-12,2026-06-14,2026-06-20,2026-06-20,18,260,4680,817.52,6,0,On Time,609,356,Healthy,24,100.0
ORD100694,SUP003,Gamma Manufacturing,Bengaluru,P015,Pneumatic Cylinder,Pneumatics,WH005,Hyderabad Warehouse,2026-06-06,2026-06-09,2026-06-13,2026-06-13,176,1850,325600,1709.94,4,0,On Time,624,242,Overstocked,178,100.0
ORD100695,SUP008,Prime Mechanical Works,Salem,P013,Air Filter,Maintenance,WH002,Coimbatore Distribution Center,2025-08-18,2025-08-19,2025-08-24,2025-08-24,370,260,96200,3975.24,5,0,On Time,819,291,Overstocked,440,100.0
ORD100696,SUP004,Delta Auto Parts,Pune,P002,Brake Pad Set,Automotive,WH004,Pune Logistics Hub,2026-02-01,2026-02-02,2026-02-08,2026-02-08,244,780,190320,2168.16,6,0,On Time,800,249,Overstocked,278,100.0
ORD100697,SUP006,Zeta Industrial Corp,Mumbai,P012,Oil Filter,Maintenance,WH002,Coimbatore Distribution Center,2025-10-02,2025-10-03,2025-10-07,2025-10-08,286,310,88660,3366.01,4,1,Delayed,177,295,Critical,489,80.0
ORD100698,SUP005,Epsilon Engineering,Hyderabad,P001,Brake Disc,Automotive,WH003,Bengaluru Warehouse,2025-09-28,2025-09-30,2025-10-02,2025-10-02,139,1250,173750,1664.7,2,0,On Time,507,399,Healthy,175,100.0
ORD100699,SUP005,Epsilon Engineering,Hyderabad,P006,Control Valve,Hydraulics,WH003,Bengaluru Warehouse,2026-02-08,2026-02-11,2026-02-14,2026-02-14,166,2150,356900,1605.12,3,0,On Time,999,222,Overstocked,129,100.0
ORD100700,SUP003,Gamma Manufacturing,Bengaluru,P013,Air Filter,Maintenance,WH004,Pune Logistics Hub,2026-01-12,2026-01-14,2026-01-17,2026-01-17,73,260,18980,1200.85,3,0,On Time,354,282,Healthy,69,100.0
ORD100701,SUP002,Beta Components Ltd,Coimbatore,P010,Pressure Sensor,Electrical,WH005,Hyderabad Warehouse,2026-05-13,2026-05-16,2026-05-20,2026-05-20,50,1450,72500,1013.09,4,0,On Time,1285,205,Overstocked,46,100.0
ORD100702,SUP003,Gamma Manufacturing,Bengaluru,P008,Timing Belt,Automotive,WH002,Coimbatore Distribution Center,2026-02-26,2026-02-27,2026-02-28,2026-02-28,28,620,17360,957.73,1,0,On Time,923,249,Overstocked,34,100.0
ORD100703,SUP002,Beta Components Ltd,Coimbatore,P006,Control Valve,Hydraulics,WH002,Coimbatore Distribution Center,2025-12-06,2025-12-09,2025-12-13,2025-12-13,316,2150,679400,2132.64,4,0,On Time,807,211,Overstocked,365,100.0
ORD100704,SUP007,Omega Components,Delhi,P012,Oil Filter,Maintenance,WH002,Coimbatore Distribution Center,2026-05-17,2026-05-18,2026-05-21,2026-05-21,87,310,26970,1462.96,3,0,On Time,464,290,Healthy,140,100.0
ORD100705,SUP003,Gamma Manufacturing,Bengaluru,P010,Pressure Sensor,Electrical,WH001,Chennai Central Warehouse,2025-02-25,2025-02-27,2025-03-01,2025-03-01,291,1450,421950,1835.03,2,0,On Time,254,173,Healthy,228,100.0
ORD100706,SUP005,Epsilon Engineering,Hyderabad,P007,Steel Gear,Mechanical,WH002,Coimbatore Distribution Center,2026-02-21,2026-02-24,2026-02-28,2026-02-28,477,1650,787050,3341.13,4,0,On Time,978,207,Overstocked,432,100.0
ORD100707,SUP007,Omega Components,Delhi,P013,Air Filter,Maintenance,WH001,Chennai Central Warehouse,2025-08-03,2025-08-06,2025-08-09,2025-08-09,352,260,91520,2206.03,3,0,On Time,1227,235,Overstocked,398,100.0
ORD100708,SUP007,Omega Components,Delhi,P003,Bearing Assembly,Mechanical,WH002,Coimbatore Distribution Center,2025-08-25,2025-08-28,2025-08-30,2025-08-30,292,540,157680,2947.81,2,0,On Time,1171,290,Overstocked,357,100.0
ORD100709,SUP004,Delta Auto Parts,Pune,P002,Brake Pad Set,Automotive,WH001,Chennai Central Warehouse,2026-03-03,2026-03-05,2026-03-12,2026-03-12,67,780,52260,1135.31,7,0,On Time,663,288,Healthy,85,100.0
ORD100710,SUP004,Delta Auto Parts,Pune,P009,Motor Coupling,Electrical,WH002,Coimbatore Distribution Center,2025-05-30,2025-06-01,2025-06-04,2025-06-16,250,980,245000,3005.34,3,12,Delayed,576,228,Overstocked,245,20.0
ORD100711,SUP008,Prime Mechanical Works,Salem,P015,Pneumatic Cylinder,Pneumatics,WH004,Pune Logistics Hub,2026-04-28,2026-04-30,2026-05-02,2026-05-02,447,1850,826950,3686.41,2,0,On Time,1139,246,Overstocked,402,100.0
ORD100712,SUP006,Zeta Industrial Corp,Mumbai,P003,Bearing Assembly,Mechanical,WH002,Coimbatore Distribution Center,2025-09-30,2025-10-02,2025-10-07,2025-10-13,198,540,106920,1489.36,5,6,Delayed,705,308,Healthy,234,45.45
ORD100713,SUP007,Omega Components,Delhi,P003,Bearing Assembly,Mechanical,WH003,Bengaluru Warehouse,2025-07-10,2025-07-13,2025-07-16,2025-07-16,415,540,224100,4219.34,3,0,On Time,894,213,Overstocked,449,100.0
ORD100714,SUP008,Prime Mechanical Works,Salem,P002,Brake Pad Set,Automotive,WH005,Hyderabad Warehouse,2025-06-29,2025-07-01,2025-07-06,2025-07-06,357,780,278460,3465.93,5,0,On Time,749,367,Healthy,499,100.0
ORD100715,SUP007,Omega Components,Delhi,P012,Oil Filter,Maintenance,WH003,Bengaluru Warehouse,2025-08-18,2025-08-20,2025-08-23,2025-08-23,140,310,43400,1948.52,3,0,On Time,674,333,Healthy,207,100.0
ORD100716,SUP002,Beta Components Ltd,Coimbatore,P003,Bearing Assembly,Mechanical,WH001,Chennai Central Warehouse,2026-05-30,2026-06-01,2026-06-04,2026-06-12,79,540,42660,1177.08,3,8,Delayed,1035,292,Overstocked,103,27.27
ORD100717,SUP005,Epsilon Engineering,Hyderabad,P007,Steel Gear,Mechanical,WH002,Coimbatore Distribution Center,2025-02-26,2025-02-27,2025-03-03,2025-03-03,18,1650,29700,893.18,4,0,On Time,1042,278,Overstocked,16,100.0
ORD100718,SUP001,Alpha Industrial Supplies,Chennai,P015,Pneumatic Cylinder,Pneumatics,WH003,Bengaluru Warehouse,2025-10-05,2025-10-06,2025-10-09,2025-10-09,145,1850,268250,1430.65,3,0,On Time,828,200,Overstocked,161,100.0
ORD100719,SUP005,Epsilon Engineering,Hyderabad,P001,Brake Disc,Automotive,WH003,Bengaluru Warehouse,2026-04-01,2026-04-03,2026-04-09,2026-04-13,173,1250,216250,2451.08,6,4,Delayed,473,335,Healthy,214,60.0
ORD100720,SUP008,Prime Mechanical Works,Salem,P008,Timing Belt,Automotive,WH001,Chennai Central Warehouse,2025-09-15,2025-09-17,2025-09-21,2025-09-26,332,620,205840,2188.15,4,5,Delayed,127,285,Critical,406,44.44
ORD100721,SUP004,Delta Auto Parts,Pune,P008,Timing Belt,Automotive,WH002,Coimbatore Distribution Center,2025-11-06,2025-11-08,2025-11-13,2025-11-13,291,620,180420,3182.72,5,0,On Time,608,283,Healthy,469,100.0
ORD100722,SUP004,Delta Auto Parts,Pune,P012,Oil Filter,Maintenance,WH003,Bengaluru Warehouse,2025-07-10,2025-07-13,2025-07-21,2025-07-21,245,310,75950,1962.39,8,0,On Time,418,317,Healthy,374,100.0
ORD100723,SUP001,Alpha Industrial Supplies,Chennai,P005,Hydraulic Pump,Hydraulics,WH002,Coimbatore Distribution Center,2025-03-16,2025-03-19,2025-03-22,2025-03-22,364,4800,1747200,3799.65,3,0,On Time,1228,165,Overstocked,308,100.0
ORD100724,SUP008,Prime Mechanical Works,Salem,P006,Control Valve,Hydraulics,WH003,Bengaluru Warehouse,2025-12-16,2025-12-19,2025-12-24,2026-01-01,388,2150,834200,4261.95,5,8,Delayed,796,205,Overstocked,374,38.46
ORD100725,SUP001,Alpha Industrial Supplies,Chennai,P002,Brake Pad Set,Automotive,WH001,Chennai Central Warehouse,2026-05-18,2026-05-20,2026-05-24,2026-05-24,360,780,280800,3726.18,4,0,On Time,655,315,Healthy,437,100.0
ORD100726,SUP001,Alpha Industrial Supplies,Chennai,P011,Clutch Plate,Automotive,WH002,Coimbatore Distribution Center,2025-10-11,2025-10-14,2025-10-18,2025-10-18,450,2750,1237500,3669.57,4,0,On Time,1026,263,Overstocked,572,100.0
ORD100727,SUP002,Beta Components Ltd,Coimbatore,P011,Clutch Plate,Automotive,WH004,Pune Logistics Hub,2025-08-24,2025-08-27,2025-08-31,2025-08-31,186,2750,511500,2042.39,4,0,On Time,858,251,Overstocked,215,100.0
ORD100728,SUP001,Alpha Industrial Supplies,Chennai,P002,Brake Pad Set,Automotive,WH002,Coimbatore Distribution Center,2025-03-12,2025-03-13,2025-03-17,2025-03-17,414,780,322920,4239.12,4,0,On Time,649,227,Overstocked,497,100.0
ORD100729,SUP004,Delta Auto Parts,Pune,P006,Control Valve,Hydraulics,WH003,Bengaluru Warehouse,2026-05-31,2026-06-02,2026-06-08,2026-06-08,216,2150,464400,2322.9,6,0,On Time,1392,239,Overstocked,189,100.0
ORD100730,SUP004,Delta Auto Parts,Pune,P013,Air Filter,Maintenance,WH002,Coimbatore Distribution Center,2026-04-20,2026-04-22,2026-04-27,2026-04-27,100,260,26000,1431.12,5,0,On Time,875,290,Overstocked,121,100.0
ORD100731,SUP003,Gamma Manufacturing,Bengaluru,P001,Brake Disc,Automotive,WH002,Coimbatore Distribution Center,2026-05-08,2026-05-11,2026-05-14,2026-05-14,81,1250,101250,1134.79,3,0,On Time,559,324,Healthy,94,100.0
ORD100732,SUP001,Alpha Industrial Supplies,Chennai,P004,Drive Shaft,Automotive,WH005,Hyderabad Warehouse,2025-07-16,2025-07-18,2025-07-24,2025-07-24,54,3200,172800,1176.25,6,0,On Time,897,221,Overstocked,42,100.0
ORD100733,SUP001,Alpha Industrial Supplies,Chennai,P008,Timing Belt,Automotive,WH002,Coimbatore Distribution Center,2025-12-08,2025-12-09,2025-12-14,2025-12-14,479,620,296980,3506.06,5,0,On Time,864,406,Healthy,681,100.0
ORD100734,SUP003,Gamma Manufacturing,Bengaluru,P005,Hydraulic Pump,Hydraulics,WH001,Chennai Central Warehouse,2025-08-25,2025-08-26,2025-08-29,2025-08-29,93,4800,446400,1546.92,3,0,On Time,1209,152,Overstocked,66,100.0
ORD100735,SUP001,Alpha Industrial Supplies,Chennai,P004,Drive Shaft,Automotive,WH005,Hyderabad Warehouse,2025-05-09,2025-05-10,2025-05-15,2025-05-15,420,3200,1344000,2960.84,5,0,On Time,644,200,Overstocked,386,100.0
ORD100736,SUP006,Zeta Industrial Corp,Mumbai,P007,Steel Gear,Mechanical,WH004,Pune Logistics Hub,2025-04-23,2025-04-24,2025-04-28,2025-04-28,394,1650,650100,3429.41,4,0,On Time,936,313,Overstocked,450,100.0
ORD100737,SUP002,Beta Components Ltd,Coimbatore,P002,Brake Pad Set,Automotive,WH004,Pune Logistics Hub,2025-07-29,2025-07-30,2025-08-03,2025-08-03,225,780,175500,2932.55,4,0,On Time,894,319,Overstocked,272,100.0
ORD100738,SUP003,Gamma Manufacturing,Bengaluru,P008,Timing Belt,Automotive,WH001,Chennai Central Warehouse,2025-10-30,2025-11-02,2025-11-06,2025-11-06,458,620,283960,3691.06,4,0,On Time,1001,415,Healthy,613,100.0
ORD100739,SUP004,Delta Auto Parts,Pune,P010,Pressure Sensor,Electrical,WH001,Chennai Central Warehouse,2025-03-08,2025-03-10,2025-03-17,2025-03-17,455,1450,659750,4574.7,7,0,On Time,1602,214,Overstocked,409,100.0
ORD100740,SUP004,Delta Auto Parts,Pune,P008,Timing Belt,Automotive,WH003,Bengaluru Warehouse,2026-01-19,2026-01-22,2026-01-27,2026-01-27,464,620,287680,3163.55,5,0,On Time,1211,302,Overstocked,528,100.0
ORD100741,SUP001,Alpha Industrial Supplies,Chennai,P001,Brake Disc,Automotive,WH001,Chennai Central Warehouse,2025-09-07,2025-09-10,2025-09-13,2025-09-13,253,1250,316250,2217.12,3,0,On Time,1068,270,Overstocked,388,100.0
ORD100742,SUP001,Alpha Industrial Supplies,Chennai,P012,Oil Filter,Maintenance,WH001,Chennai Central Warehouse,2026-04-27,2026-04-29,2026-05-05,2026-05-05,156,310,48360,1681.94,6,0,On Time,727,298,Healthy,207,100.0
ORD100743,SUP007,Omega Components,Delhi,P002,Brake Pad Set,Automotive,WH004,Pune Logistics Hub,2025-06-02,2025-06-04,2025-06-07,2025-06-12,31,780,24180,940.26,3,5,Delayed,589,340,Healthy,43,37.5
ORD100744,SUP001,Alpha Industrial Supplies,Chennai,P011,Clutch Plate,Automotive,WH002,Coimbatore Distribution Center,2025-01-29,2025-01-30,2025-02-05,2025-02-05,422,2750,1160500,4000.12,6,0,On Time,322,234,Healthy,456,100.0
ORD100745,SUP004,Delta Auto Parts,Pune,P005,Hydraulic Pump,Hydraulics,WH001,Chennai Central Warehouse,2025-06-20,2025-06-23,2025-06-29,2025-07-10,438,4800,2102400,2774.27,6,11,Delayed,1137,230,Overstocked,326,35.29
ORD100746,SUP004,Delta Auto Parts,Pune,P011,Clutch Plate,Automotive,WH001,Chennai Central Warehouse,2026-06-16,2026-06-18,2026-06-24,2026-06-24,273,2750,750750,2515.0,6,0,On Time,995,335,Overstocked,284,100.0
ORD100747,SUP003,Gamma Manufacturing,Bengaluru,P003,Bearing Assembly,Mechanical,WH002,Coimbatore Distribution Center,2025-06-25,2025-06-28,2025-07-01,2025-07-01,44,540,23760,907.28,3,0,On Time,746,260,Overstocked,61,100.0
ORD100748,SUP004,Delta Auto Parts,Pune,P002,Brake Pad Set,Automotive,WH003,Bengaluru Warehouse,2026-01-20,2026-01-21,2026-01-28,2026-01-28,413,780,322140,3888.83,7,0,On Time,268,269,Low,460,100.0
ORD100749,SUP007,Omega Components,Delhi,P007,Steel Gear,Mechanical,WH005,Hyderabad Warehouse,2026-04-06,2026-04-07,2026-04-12,2026-04-12,156,1650,257400,2201.19,5,0,On Time,705,314,Healthy,160,100.0
ORD100750,SUP007,Omega Components,Delhi,P001,Brake Disc,Automotive,WH001,Chennai Central Warehouse,2025-06-05,2025-06-06,2025-06-08,2025-06-08,279,1250,348750,1754.7,2,0,On Time,825,395,Healthy,449,100.0
ORD100751,SUP003,Gamma Manufacturing,Bengaluru,P003,Bearing Assembly,Mechanical,WH001,Chennai Central Warehouse,2025-12-17,2025-12-20,2025-12-23,2025-12-23,333,540,179820,2715.49,3,0,On Time,512,353,Healthy,371,100.0
ORD100752,SUP003,Gamma Manufacturing,Bengaluru,P011,Clutch Plate,Automotive,WH003,Bengaluru Warehouse,2025-04-22,2025-04-24,2025-04-28,2025-04-28,81,2750,222750,1322.28,4,0,On Time,896,270,Overstocked,88,100.0
ORD100753,SUP002,Beta Components Ltd,Coimbatore,P012,Oil Filter,Maintenance,WH002,Coimbatore Distribution Center,2025-07-17,2025-07-18,2025-07-22,2025-07-22,40,310,12400,1019.49,4,0,On Time,711,401,Healthy,58,100.0
ORD100754,SUP004,Delta Auto Parts,Pune,P001,Brake Disc,Automotive,WH003,Bengaluru Warehouse,2025-06-11,2025-06-12,2025-06-17,2025-06-18,48,1250,60000,929.08,5,1,Delayed,930,319,Overstocked,73,83.33
ORD100755,SUP006,Zeta Industrial Corp,Mumbai,P013,Air Filter,Maintenance,WH005,Hyderabad Warehouse,2026-01-03,2026-01-05,2026-01-11,2026-01-11,480,260,124800,3875.05,6,0,On Time,1112,219,Overstocked,515,100.0
ORD100756,SUP002,Beta Components Ltd,Coimbatore,P012,Oil Filter,Maintenance,WH003,Bengaluru Warehouse,2026-04-24,2026-04-27,2026-05-02,2026-05-02,479,310,148490,4832.62,5,0,On Time,572,276,Healthy,564,100.0
ORD100757,SUP003,Gamma Manufacturing,Bengaluru,P012,Oil Filter,Maintenance,WH002,Coimbatore Distribution Center,2025-05-18,2025-05-21,2025-05-23,2025-05-23,219,310,67890,2185.87,2,0,On Time,660,332,Healthy,339,100.0
ORD100758,SUP008,Prime Mechanical Works,Salem,P010,Pressure Sensor,Electrical,WH005,Hyderabad Warehouse,2025-06-09,2025-06-11,2025-06-16,2025-06-16,219,1450,317550,2676.19,5,0,On Time,1094,249,Overstocked,214,100.0
ORD100759,SUP001,Alpha Industrial Supplies,Chennai,P010,Pressure Sensor,Electrical,WH001,Chennai Central Warehouse,2026-03-25,2026-03-28,2026-03-30,2026-03-30,209,1450,303050,1879.92,2,0,On Time,1290,191,Overstocked,154,100.0
ORD100760,SUP004,Delta Auto Parts,Pune,P008,Timing Belt,Automotive,WH005,Hyderabad Warehouse,2025-09-10,2025-09-11,2025-09-15,2025-09-15,182,620,112840,2513.72,4,0,On Time,815,333,Healthy,225,100.0
ORD100761,SUP006,Zeta Industrial Corp,Mumbai,P009,Motor Coupling,Electrical,WH003,Bengaluru Warehouse,2025-10-08,2025-10-11,2025-10-16,2025-10-16,277,980,271460,1924.53,5,0,On Time,1388,242,Overstocked,295,100.0
ORD100762,SUP002,Beta Components Ltd,Coimbatore,P013,Air Filter,Maintenance,WH003,Bengaluru Warehouse,2026-01-21,2026-01-22,2026-01-26,2026-01-26,184,260,47840,1518.08,4,0,On Time,172,293,Critical,178,100.0
ORD100763,SUP001,Alpha Industrial Supplies,Chennai,P002,Brake Pad Set,Automotive,WH005,Hyderabad Warehouse,2025-03-17,2025-03-19,2025-03-21,2025-03-21,312,780,243360,3023.32,2,0,On Time,775,246,Overstocked,410,100.0
ORD100764,SUP002,Beta Components Ltd,Coimbatore,P004,Drive Shaft,Automotive,WH003,Bengaluru Warehouse,2026-04-22,2026-04-25,2026-04-28,2026-04-28,196,3200,627200,2105.94,3,0,On Time,1233,207,Overstocked,185,100.0
ORD100765,SUP008,Prime Mechanical Works,Salem,P001,Brake Disc,Automotive,WH002,Coimbatore Distribution Center,2025-07-19,2025-07-22,2025-07-25,2025-07-25,319,1250,398750,3092.99,3,0,On Time,597,268,Healthy,387,100.0
ORD100766,SUP001,Alpha Industrial Supplies,Chennai,P014,Industrial Fan,Electrical,WH002,Coimbatore Distribution Center,2025-12-26,2025-12-27,2025-12-31,2025-12-31,473,3900,1844700,3148.82,4,0,On Time,317,180,Healthy,399,100.0
ORD100767,SUP002,Beta Components Ltd,Coimbatore,P007,Steel Gear,Mechanical,WH003,Bengaluru Warehouse,2025-08-24,2025-08-26,2025-08-28,2025-08-28,111,1650,183150,1337.67,2,0,On Time,793,263,Overstocked,135,100.0
ORD100768,SUP001,Alpha Industrial Supplies,Chennai,P010,Pressure Sensor,Electrical,WH003,Bengaluru Warehouse,2026-02-16,2026-02-17,2026-02-19,2026-02-19,40,1450,58000,1057.76,2,0,On Time,814,188,Overstocked,31,100.0
ORD100769,SUP001,Alpha Industrial Supplies,Chennai,P012,Oil Filter,Maintenance,WH001,Chennai Central Warehouse,2025-11-30,2025-12-01,2025-12-02,2025-12-02,268,310,83080,2073.02,1,0,On Time,1015,398,Overstocked,497,100.0
ORD100770,SUP005,Epsilon Engineering,Hyderabad,P015,Pneumatic Cylinder,Pneumatics,WH004,Pune Logistics Hub,2025-04-05,2025-04-07,2025-04-12,2025-04-12,68,1850,125800,1370.32,5,0,On Time,1003,265,Overstocked,57,100.0
ORD100771,SUP002,Beta Components Ltd,Coimbatore,P002,Brake Pad Set,Automotive,WH003,Bengaluru Warehouse,2025-04-13,2025-04-15,2025-04-17,2025-04-17,123,780,95940,1675.69,2,0,On Time,523,364,Healthy,174,100.0
ORD100772,SUP005,Epsilon Engineering,Hyderabad,P012,Oil Filter,Maintenance,WH002,Coimbatore Distribution Center,2026-04-25,2026-04-26,2026-04-30,2026-04-30,397,310,123070,2361.51,4,0,On Time,202,301,Low,477,100.0
ORD100773,SUP005,Epsilon Engineering,Hyderabad,P013,Air Filter,Maintenance,WH001,Chennai Central Warehouse,2025-10-11,2025-10-14,2025-10-20,2025-10-20,215,260,55900,2298.15,6,0,On Time,883,273,Overstocked,290,100.0
ORD100774,SUP007,Omega Components,Delhi,P001,Brake Disc,Automotive,WH002,Coimbatore Distribution Center,2025-05-31,2025-06-02,2025-06-07,2025-06-07,279,1250,348750,3157.02,5,0,On Time,796,263,Overstocked,383,100.0
ORD100775,SUP001,Alpha Industrial Supplies,Chennai,P011,Clutch Plate,Automotive,WH001,Chennai Central Warehouse,2025-03-20,2025-03-22,2025-03-23,2025-03-23,391,2750,1075250,3894.06,1,0,On Time,790,210,Overstocked,347,100.0
ORD100776,SUP007,Omega Components,Delhi,P005,Hydraulic Pump,Hydraulics,WH001,Chennai Central Warehouse,2025-03-12,2025-03-14,2025-03-18,2025-03-18,73,4800,350400,1133.11,4,0,On Time,1359,159,Overstocked,59,100.0
ORD100777,SUP005,Epsilon Engineering,Hyderabad,P009,Motor Coupling,Electrical,WH002,Coimbatore Distribution Center,2026-05-18,2026-05-20,2026-05-23,2026-05-23,245,980,240100,2402.36,3,0,On Time,796,279,Overstocked,236,100.0
ORD100778,SUP002,Beta Components Ltd,Coimbatore,P008,Timing Belt,Automotive,WH001,Chennai Central Warehouse,2026-06-18,2026-06-19,2026-06-22,2026-06-22,26,620,16120,943.76,3,0,On Time,974,385,Overstocked,34,100.0
ORD100779,SUP007,Omega Components,Delhi,P003,Bearing Assembly,Mechanical,WH002,Coimbatore Distribution Center,2025-08-03,2025-08-05,2025-08-08,2025-08-08,255,540,137700,2532.16,3,0,On Time,977,249,Overstocked,305,100.0
ORD100780,SUP007,Omega Components,Delhi,P002,Brake Pad Set,Automotive,WH003,Bengaluru Warehouse,2025-04-21,2025-04-24,2025-04-29,2025-04-29,120,780,93600,1400.78,5,0,On Time,326,344,Low,135,100.0
ORD100781,SUP003,Gamma Manufacturing,Bengaluru,P002,Brake Pad Set,Automotive,WH002,Coimbatore Distribution Center,2025-08-17,2025-08-19,2025-08-23,2025-08-23,457,780,356460,2905.72,4,0,On Time,365,358,Healthy,529,100.0
ORD100782,SUP008,Prime Mechanical Works,Salem,P002,Brake Pad Set,Automotive,WH005,Hyderabad Warehouse,2025-03-16,2025-03-18,2025-03-22,2025-03-29,138,780,107640,1882.66,4,7,Delayed,1137,276,Overstocked,150,36.36
ORD100783,SUP004,Delta Auto Parts,Pune,P009,Motor Coupling,Electrical,WH005,Hyderabad Warehouse,2025-10-28,2025-10-31,2025-11-06,2025-11-06,108,980,105840,1688.01,6,0,On Time,1187,303,Overstocked,130,100.0
ORD100784,SUP005,Epsilon Engineering,Hyderabad,P005,Hydraulic Pump,Hydraulics,WH003,Bengaluru Warehouse,2025-12-08,2025-12-10,2025-12-12,2025-12-12,16,4800,76800,954.01,2,0,On Time,662,258,Overstocked,15,100.0
ORD100785,SUP008,Prime Mechanical Works,Salem,P003,Bearing Assembly,Mechanical,WH005,Hyderabad Warehouse,2026-06-22,2026-06-23,2026-06-27,2026-06-27,75,540,40500,1446.35,4,0,On Time,359,365,Low,93,100.0
ORD100786,SUP003,Gamma Manufacturing,Bengaluru,P010,Pressure Sensor,Electrical,WH005,Hyderabad Warehouse,2025-06-24,2025-06-25,2025-06-27,2025-06-27,116,1450,168200,1464.43,2,0,On Time,1092,243,Overstocked,109,100.0
ORD100787,SUP007,Omega Components,Delhi,P010,Pressure Sensor,Electrical,WH002,Coimbatore Distribution Center,2025-04-19,2025-04-22,2025-04-25,2025-04-25,121,1450,175450,1591.59,3,0,On Time,631,193,Overstocked,106,100.0
ORD100788,SUP003,Gamma Manufacturing,Bengaluru,P008,Timing Belt,Automotive,WH004,Pune Logistics Hub,2025-03-14,2025-03-16,2025-03-19,2025-03-19,372,620,230640,2519.74,3,0,On Time,576,251,Healthy,408,100.0
ORD100789,SUP007,Omega Components,Delhi,P014,Industrial Fan,Electrical,WH001,Chennai Central Warehouse,2025-07-25,2025-07-27,2025-07-30,2025-07-30,445,3900,1735500,2613.47,3,0,On Time,1287,200,Overstocked,261,100.0
ORD100790,SUP005,Epsilon Engineering,Hyderabad,P006,Control Valve,Hydraulics,WH004,Pune Logistics Hub,2025-11-25,2025-11-26,2025-11-30,2025-11-30,430,2150,924500,2791.76,4,0,On Time,775,260,Overstocked,519,100.0
ORD100791,SUP002,Beta Components Ltd,Coimbatore,P012,Oil Filter,Maintenance,WH003,Bengaluru Warehouse,2025-02-06,2025-02-07,2025-02-11,2025-02-11,479,310,148490,5239.99,4,0,On Time,896,283,Overstocked,532,100.0
ORD100792,SUP004,Delta Auto Parts,Pune,P001,Brake Disc,Automotive,WH001,Chennai Central Warehouse,2026-02-19,2026-02-21,2026-02-27,2026-02-27,451,1250,563750,2674.46,6,0,On Time,1091,250,Overstocked,577,100.0
ORD100793,SUP003,Gamma Manufacturing,Bengaluru,P011,Clutch Plate,Automotive,WH002,Coimbatore Distribution Center,2025-09-09,2025-09-12,2025-09-15,2025-09-15,233,2750,640750,2285.86,3,0,On Time,682,268,Overstocked,236,100.0
ORD100794,SUP001,Alpha Industrial Supplies,Chennai,P015,Pneumatic Cylinder,Pneumatics,WH005,Hyderabad Warehouse,2026-03-10,2026-03-11,2026-03-14,2026-03-14,201,1850,371850,2084.57,3,0,On Time,603,170,Overstocked,175,100.0
ORD100795,SUP001,Alpha Industrial Supplies,Chennai,P012,Oil Filter,Maintenance,WH002,Coimbatore Distribution Center,2025-09-11,2025-09-13,2025-09-17,2025-09-17,328,310,101680,2526.5,4,0,On Time,702,398,Healthy,458,100.0
ORD100796,SUP003,Gamma Manufacturing,Bengaluru,P008,Timing Belt,Automotive,WH001,Chennai Central Warehouse,2025-03-26,2025-03-29,2025-04-02,2025-04-02,166,620,102920,1778.74,4,0,On Time,1107,288,Overstocked,210,100.0
ORD100797,SUP001,Alpha Industrial Supplies,Chennai,P009,Motor Coupling,Electrical,WH001,Chennai Central Warehouse,2025-01-12,2025-01-13,2025-01-16,2025-01-16,306,980,299880,1799.83,3,0,On Time,819,201,Overstocked,297,100.0
ORD100798,SUP002,Beta Components Ltd,Coimbatore,P005,Hydraulic Pump,Hydraulics,WH003,Bengaluru Warehouse,2025-11-01,2025-11-02,2025-11-06,2025-11-06,500,4800,2400000,3869.23,4,0,On Time,1451,214,Overstocked,456,100.0
ORD100799,SUP006,Zeta Industrial Corp,Mumbai,P010,Pressure Sensor,Electrical,WH005,Hyderabad Warehouse,2025-10-22,2025-10-23,2025-10-29,2025-10-29,107,1450,155150,1473.83,6,0,On Time,740,239,Overstocked,87,100.0
ORD100800,SUP006,Zeta Industrial Corp,Mumbai,P011,Clutch Plate,Automotive,WH004,Pune Logistics Hub,2026-03-21,2026-03-24,2026-03-27,2026-03-27,387,2750,1064250,4430.19,3,0,On Time,764,275,Overstocked,406,100.0
ORD100801,SUP006,Zeta Industrial Corp,Mumbai,P015,Pneumatic Cylinder,Pneumatics,WH002,Coimbatore Distribution Center,2026-04-24,2026-04-26,2026-05-03,2026-05-03,469,1850,867650,4376.56,7,0,On Time,588,258,Healthy,372,100.0
ORD100802,SUP003,Gamma Manufacturing,Bengaluru,P007,Steel Gear,Mechanical,WH001,Chennai Central Warehouse,2025-03-29,2025-04-01,2025-04-02,2025-04-02,273,1650,450450,2962.23,1,0,On Time,812,296,Overstocked,253,100.0
ORD100803,SUP007,Omega Components,Delhi,P001,Brake Disc,Automotive,WH001,Chennai Central Warehouse,2025-06-21,2025-06-24,2025-06-27,2025-06-27,184,1250,230000,1742.68,3,0,On Time,654,333,Healthy,270,100.0
ORD100804,SUP005,Epsilon Engineering,Hyderabad,P008,Timing Belt,Automotive,WH003,Bengaluru Warehouse,2025-04-24,2025-04-26,2025-04-29,2025-04-29,135,620,83700,1351.17,3,0,On Time,865,349,Healthy,147,100.0
ORD100805,SUP002,Beta Components Ltd,Coimbatore,P002,Brake Pad Set,Automotive,WH004,Pune Logistics Hub,2025-02-28,2025-03-01,2025-03-08,2025-03-08,92,780,71760,1355.35,7,0,On Time,1003,273,Overstocked,90,100.0
ORD100806,SUP002,Beta Components Ltd,Coimbatore,P003,Bearing Assembly,Mechanical,WH004,Pune Logistics Hub,2025-01-02,2025-01-03,2025-01-06,2025-01-06,167,540,90180,2481.73,3,0,On Time,602,271,Healthy,171,100.0
ORD100807,SUP006,Zeta Industrial Corp,Mumbai,P005,Hydraulic Pump,Hydraulics,WH002,Coimbatore Distribution Center,2025-02-14,2025-02-16,2025-02-20,2025-02-20,376,4800,1804800,2663.17,4,0,On Time,368,182,Healthy,256,100.0
ORD100808,SUP002,Beta Components Ltd,Coimbatore,P011,Clutch Plate,Automotive,WH003,Bengaluru Warehouse,2025-10-14,2025-10-16,2025-10-20,2025-10-20,263,2750,723250,2076.78,4,0,On Time,793,274,Overstocked,349,100.0
ORD100809,SUP004,Delta Auto Parts,Pune,P002,Brake Pad Set,Automotive,WH002,Coimbatore Distribution Center,2025-03-24,2025-03-25,2025-03-31,2025-03-31,118,780,92040,1804.47,6,0,On Time,741,291,Overstocked,132,100.0
ORD100810,SUP008,Prime Mechanical Works,Salem,P002,Brake Pad Set,Automotive,WH003,Bengaluru Warehouse,2025-04-17,2025-04-20,2025-04-24,2025-04-24,276,780,215280,3372.33,4,0,On Time,755,334,Healthy,337,100.0
ORD100811,SUP001,Alpha Industrial Supplies,Chennai,P001,Brake Disc,Automotive,WH003,Bengaluru Warehouse,2025-03-06,2025-03-07,2025-03-10,2025-03-10,407,1250,508750,2666.7,3,0,On Time,645,278,Healthy,540,100.0
ORD100812,SUP001,Alpha Industrial Supplies,Chennai,P013,Air Filter,Maintenance,WH004,Pune Logistics Hub,2026-01-31,2026-02-02,2026-02-03,2026-02-03,16,260,4160,851.52,1,0,On Time,983,297,Overstocked,19,100.0
ORD100813,SUP008,Prime Mechanical Works,Salem,P010,Pressure Sensor,Electrical,WH003,Bengaluru Warehouse,2025-12-14,2025-12-17,2025-12-22,2025-12-22,20,1450,29000,856.12,5,0,On Time,1110,209,Overstocked,18,100.0
ORD100814,SUP005,Epsilon Engineering,Hyderabad,P001,Brake Disc,Automotive,WH005,Hyderabad Warehouse,2026-06-10,2026-06-12,2026-06-16,2026-06-16,481,1250,601250,4158.0,4,0,On Time,631,355,Healthy,700,100.0
ORD100815,SUP002,Beta Components Ltd,Coimbatore,P001,Brake Disc,Automotive,WH002,Coimbatore Distribution Center,2025-03-02,2025-03-05,2025-03-10,2025-03-10,377,1250,471250,3198.52,5,0,On Time,482,352,Healthy,489,100.0
ORD100816,SUP007,Omega Components,Delhi,P008,Timing Belt,Automotive,WH001,Chennai Central Warehouse,2025-04-24,2025-04-25,2025-04-30,2025-04-30,292,620,181040,3301.09,5,0,On Time,306,236,Healthy,340,100.0
ORD100817,SUP007,Omega Components,Delhi,P004,Drive Shaft,Automotive,WH001,Chennai Central Warehouse,2025-09-06,2025-09-09,2025-09-12,2025-09-12,454,3200,1452800,2802.15,3,0,On Time,1178,189,Overstocked,354,100.0
ORD100818,SUP004,Delta Auto Parts,Pune,P008,Timing Belt,Automotive,WH003,Bengaluru Warehouse,2025-12-21,2025-12-24,2025-12-30,2026-01-06,299,620,185380,3265.86,6,7,Delayed,779,340,Healthy,428,46.15
ORD100819,SUP005,Epsilon Engineering,Hyderabad,P007,Steel Gear,Mechanical,WH003,Bengaluru Warehouse,2025-03-13,2025-03-16,2025-03-19,2025-03-19,265,1650,437250,1794.91,3,0,On Time,527,209,Overstocked,259,100.0
ORD100820,SUP003,Gamma Manufacturing,Bengaluru,P013,Air Filter,Maintenance,WH003,Bengaluru Warehouse,2025-04-26,2025-04-27,2025-05-01,2025-05-01,113,260,29380,1572.23,4,0,On Time,728,254,Overstocked,129,100.0
ORD100821,SUP001,Alpha Industrial Supplies,Chennai,P004,Drive Shaft,Automotive,WH004,Pune Logistics Hub,2025-08-19,2025-08-20,2025-08-23,2025-08-23,408,3200,1305600,4223.19,3,0,On Time,904,230,Overstocked,353,100.0
ORD100822,SUP005,Epsilon Engineering,Hyderabad,P010,Pressure Sensor,Electrical,WH002,Coimbatore Distribution Center,2025-01-10,2025-01-11,2025-01-14,2025-01-14,385,1450,558250,3846.91,3,0,On Time,804,145,Overstocked,263,100.0
ORD100823,SUP003,Gamma Manufacturing,Bengaluru,P001,Brake Disc,Automotive,WH004,Pune Logistics Hub,2025-08-04,2025-08-07,2025-08-10,2025-08-10,155,1250,193750,2323.37,3,0,On Time,448,339,Healthy,189,100.0
ORD100824,SUP006,Zeta Industrial Corp,Mumbai,P014,Industrial Fan,Electrical,WH004,Pune Logistics Hub,2026-02-19,2026-02-20,2026-02-26,2026-02-26,371,3900,1446900,4148.64,6,0,On Time,1323,114,Overstocked,218,100.0
ORD100825,SUP007,Omega Components,Delhi,P015,Pneumatic Cylinder,Pneumatics,WH002,Coimbatore Distribution Center,2025-10-15,2025-10-17,2025-10-20,2025-10-26,367,1850,678950,3642.89,3,6,Delayed,882,201,Overstocked,410,33.33
ORD100826,SUP001,Alpha Industrial Supplies,Chennai,P011,Clutch Plate,Automotive,WH002,Coimbatore Distribution Center,2025-08-25,2025-08-27,2025-09-01,2025-09-01,56,2750,154000,1035.23,5,0,On Time,652,245,Overstocked,64,100.0
ORD100827,SUP005,Epsilon Engineering,Hyderabad,P007,Steel Gear,Mechanical,WH001,Chennai Central Warehouse,2025-09-24,2025-09-27,2025-09-30,2025-09-30,88,1650,145200,1545.57,3,0,On Time,580,342,Healthy,96,100.0
ORD100828,SUP002,Beta Components Ltd,Coimbatore,P003,Bearing Assembly,Mechanical,WH002,Coimbatore Distribution Center,2026-06-01,2026-06-04,2026-06-09,2026-06-09,302,540,163080,2635.74,5,0,On Time,704,307,Healthy,350,100.0
ORD100829,SUP007,Omega Components,Delhi,P012,Oil Filter,Maintenance,WH004,Pune Logistics Hub,2025-10-12,2025-10-13,2025-10-15,2025-10-15,316,310,97960,2908.56,2,0,On Time,762,342,Healthy,556,100.0
ORD100830,SUP003,Gamma Manufacturing,Bengaluru,P011,Clutch Plate,Automotive,WH005,Hyderabad Warehouse,2025-10-19,2025-10-22,2025-10-25,2025-10-25,333,2750,915750,3127.88,3,0,On Time,873,276,Overstocked,411,100.0
ORD100831,SUP005,Epsilon Engineering,Hyderabad,P003,Bearing Assembly,Mechanical,WH003,Bengaluru Warehouse,2026-05-24,2026-05-25,2026-05-29,2026-05-29,193,540,104220,1923.62,4,0,On Time,712,299,Healthy,242,100.0
ORD100832,SUP005,Epsilon Engineering,Hyderabad,P007,Steel Gear,Mechanical,WH002,Coimbatore Distribution Center,2025-03-27,2025-03-28,2025-04-02,2025-04-02,420,1650,693000,3701.96,5,0,On Time,849,270,Overstocked,382,100.0
ORD100833,SUP004,Delta Auto Parts,Pune,P007,Steel Gear,Mechanical,WH004,Pune Logistics Hub,2025-02-22,2025-02-23,2025-03-01,2025-03-01,228,1650,376200,2246.67,6,0,On Time,1048,210,Overstocked,194,100.0
ORD100834,SUP006,Zeta Industrial Corp,Mumbai,P012,Oil Filter,Maintenance,WH004,Pune Logistics Hub,2025-09-03,2025-09-05,2025-09-09,2025-09-09,111,310,34410,1345.77,4,0,On Time,678,300,Healthy,149,100.0
ORD100835,SUP006,Zeta Industrial Corp,Mumbai,P010,Pressure Sensor,Electrical,WH002,Coimbatore Distribution Center,2025-06-23,2025-06-25,2025-07-01,2025-07-01,66,1450,95700,1348.71,6,0,On Time,1099,218,Overstocked,65,100.0
ORD100836,SUP005,Epsilon Engineering,Hyderabad,P009,Motor Coupling,Electrical,WH004,Pune Logistics Hub,2025-04-21,2025-04-24,2025-04-30,2025-04-30,440,980,431200,5276.66,6,0,On Time,1021,246,Overstocked,467,100.0
ORD100837,SUP006,Zeta Industrial Corp,Mumbai,P009,Motor Coupling,Electrical,WH001,Chennai Central Warehouse,2025-03-07,2025-03-10,2025-03-14,2025-03-14,357,980,349860,2951.15,4,0,On Time,895,251,Overstocked,292,100.0
ORD100838,SUP008,Prime Mechanical Works,Salem,P004,Drive Shaft,Automotive,WH001,Chennai Central Warehouse,2026-04-25,2026-04-27,2026-04-29,2026-04-29,236,3200,755200,2810.32,2,0,On Time,1127,214,Overstocked,211,100.0
ORD100839,SUP004,Delta Auto Parts,Pune,P006,Control Valve,Hydraulics,WH001,Chennai Central Warehouse,2025-12-02,2025-12-04,2025-12-10,2025-12-10,112,2150,240800,1409.65,6,0,On Time,751,290,Overstocked,136,100.0
ORD100840,SUP004,Delta Auto Parts,Pune,P001,Brake Disc,Automotive,WH001,Chennai Central Warehouse,2026-01-13,2026-01-14,2026-01-19,2026-01-19,57,1250,71250,1056.61,5,0,On Time,333,287,Healthy,75,100.0
ORD100841,SUP001,Alpha Industrial Supplies,Chennai,P011,Clutch Plate,Automotive,WH005,Hyderabad Warehouse,2025-03-06,2025-03-09,2025-03-12,2025-03-12,85,2750,233750,1608.55,3,0,On Time,910,251,Overstocked,84,100.0
ORD100842,SUP007,Omega Components,Delhi,P007,Steel Gear,Mechanical,WH002,Coimbatore Distribution Center,2025-07-06,2025-07-08,2025-07-12,2025-07-12,61,1650,100650,1194.9,4,0,On Time,859,280,Overstocked,61,100.0
ORD100843,SUP004,Delta Auto Parts,Pune,P007,Steel Gear,Mechanical,WH002,Coimbatore Distribution Center,2025-12-05,2025-12-08,2025-12-13,2025-12-13,269,1650,443850,2937.55,5,0,On Time,698,259,Overstocked,369,100.0
ORD100844,SUP004,Delta Auto Parts,Pune,P003,Bearing Assembly,Mechanical,WH002,Coimbatore Distribution Center,2025-10-16,2025-10-18,2025-10-23,2025-10-23,107,540,57780,1369.8,5,0,On Time,987,380,Overstocked,130,100.0
ORD100845,SUP001,Alpha Industrial Supplies,Chennai,P003,Bearing Assembly,Mechanical,WH002,Coimbatore Distribution Center,2026-01-15,2026-01-18,2026-01-21,2026-01-21,72,540,38880,1147.66,3,0,On Time,561,237,Healthy,70,100.0
ORD100846,SUP007,Omega Components,Delhi,P008,Timing Belt,Automotive,WH002,Coimbatore Distribution Center,2026-01-01,2026-01-04,2026-01-09,2026-01-09,148,620,91760,1323.01,5,0,On Time,286,286,Healthy,151,100.0
ORD100847,SUP004,Delta Auto Parts,Pune,P003,Bearing Assembly,Mechanical,WH001,Chennai Central Warehouse,2025-08-14,2025-08-17,2025-08-23,2025-08-23,353,540,190620,3820.0,6,0,On Time,595,292,Healthy,416,100.0
ORD100848,SUP006,Zeta Industrial Corp,Mumbai,P001,Brake Disc,Automotive,WH003,Bengaluru Warehouse,2026-03-04,2026-03-06,2026-03-09,2026-03-09,253,1250,316250,2062.49,3,0,On Time,335,354,Low,279,100.0
ORD100849,SUP002,Beta Components Ltd,Coimbatore,P011,Clutch Plate,Automotive,WH001,Chennai Central Warehouse,2025-05-22,2025-05-23,2025-05-26,2025-05-26,85,2750,233750,1337.08,3,0,On Time,945,216,Overstocked,94,100.0
ORD100850,SUP008,Prime Mechanical Works,Salem,P006,Control Valve,Hydraulics,WH004,Pune Logistics Hub,2025-02-13,2025-02-14,2025-02-19,2025-02-19,377,2150,810550,2618.2,5,0,On Time,601,251,Healthy,373,100.0
ORD100851,SUP002,Beta Components Ltd,Coimbatore,P006,Control Valve,Hydraulics,WH001,Chennai Central Warehouse,2026-05-14,2026-05-16,2026-05-19,2026-05-19,250,2150,537500,2492.38,3,0,On Time,1185,208,Overstocked,257,100.0
ORD100852,SUP002,Beta Components Ltd,Coimbatore,P007,Steel Gear,Mechanical,WH004,Pune Logistics Hub,2025-01-13,2025-01-16,2025-01-18,2025-01-18,101,1650,166650,1418.73,2,0,On Time,952,203,Overstocked,115,100.0
ORD100853,SUP007,Omega Components,Delhi,P012,Oil Filter,Maintenance,WH004,Pune Logistics Hub,2025-06-04,2025-06-07,2025-06-11,2025-06-11,349,310,108190,3940.71,4,0,On Time,406,414,Low,570,100.0
ORD100854,SUP008,Prime Mechanical Works,Salem,P005,Hydraulic Pump,Hydraulics,WH001,Chennai Central Warehouse,2025-03-04,2025-03-05,2025-03-10,2025-03-10,497,4800,2385600,4075.33,5,0,On Time,832,162,Overstocked,405,100.0
ORD100855,SUP002,Beta Components Ltd,Coimbatore,P011,Clutch Plate,Automotive,WH001,Chennai Central Warehouse,2025-05-07,2025-05-09,2025-05-13,2025-05-13,275,2750,756250,1942.48,4,0,On Time,1000,277,Overstocked,307,100.0
ORD100856,SUP004,Delta Auto Parts,Pune,P014,Industrial Fan,Electrical,WH005,Hyderabad Warehouse,2025-08-04,2025-08-07,2025-08-13,2025-08-13,89,3900,347100,1117.06,6,0,On Time,1663,165,Overstocked,68,100.0
ORD100857,SUP006,Zeta Industrial Corp,Mumbai,P009,Motor Coupling,Electrical,WH003,Bengaluru Warehouse,2025-03-12,2025-03-13,2025-03-18,2025-03-18,161,980,157780,1546.5,5,0,On Time,318,263,Healthy,147,100.0
ORD100858,SUP007,Omega Components,Delhi,P007,Steel Gear,Mechanical,WH003,Bengaluru Warehouse,2025-09-12,2025-09-14,2025-09-18,2025-09-21,304,1650,501600,3221.52,4,3,Delayed,885,318,Overstocked,320,57.14
ORD100859,SUP003,Gamma Manufacturing,Bengaluru,P011,Clutch Plate,Automotive,WH001,Chennai Central Warehouse,2026-05-22,2026-05-25,2026-05-29,2026-05-29,500,2750,1375000,4809.79,4,0,On Time,235,243,Low,609,100.0
ORD100860,SUP004,Delta Auto Parts,Pune,P007,Steel Gear,Mechanical,WH002,Coimbatore Distribution Center,2025-03-16,2025-03-17,2025-03-19,2025-03-19,466,1650,768900,3380.93,2,0,On Time,632,293,Healthy,490,100.0
ORD100861,SUP006,Zeta Industrial Corp,Mumbai,P006,Control Valve,Hydraulics,WH003,Bengaluru Warehouse,2026-05-21,2026-05-22,2026-05-27,2026-05-29,468,2150,1006200,4044.43,5,2,Delayed,1217,218,Overstocked,539,71.43
ORD100862,SUP006,Zeta Industrial Corp,Mumbai,P008,Timing Belt,Automotive,WH005,Hyderabad Warehouse,2025-08-13,2025-08-15,2025-08-20,2025-08-20,418,620,259160,3029.45,5,0,On Time,1379,321,Overstocked,506,100.0
ORD100863,SUP007,Omega Components,Delhi,P004,Drive Shaft,Automotive,WH002,Coimbatore Distribution Center,2025-11-20,2025-11-23,2025-11-26,2025-11-26,292,3200,934400,3376.46,3,0,On Time,932,272,Overstocked,278,100.0
ORD100864,SUP005,Epsilon Engineering,Hyderabad,P002,Brake Pad Set,Automotive,WH004,Pune Logistics Hub,2025-08-30,2025-08-31,2025-09-04,2025-09-04,328,780,255840,4194.23,4,0,On Time,373,339,Healthy,451,100.0
ORD100865,SUP001,Alpha Industrial Supplies,Chennai,P006,Control Valve,Hydraulics,WH004,Pune Logistics Hub,2025-06-22,2025-06-25,2025-06-29,2025-06-29,370,2150,795500,4151.22,4,0,On Time,664,278,Healthy,410,100.0
ORD100866,SUP008,Prime Mechanical Works,Salem,P002,Brake Pad Set,Automotive,WH001,Chennai Central Warehouse,2025-03-01,2025-03-02,2025-03-07,2025-03-07,361,780,281580,2159.12,5,0,On Time,724,337,Healthy,425,100.0
ORD100867,SUP007,Omega Components,Delhi,P006,Control Valve,Hydraulics,WH002,Coimbatore Distribution Center,2025-11-20,2025-11-22,2025-11-27,2025-11-27,323,2150,694450,2787.93,5,0,On Time,664,297,Healthy,427,100.0
ORD100868,SUP007,Omega Components,Delhi,P008,Timing Belt,Automotive,WH001,Chennai Central Warehouse,2026-05-16,2026-05-18,2026-05-23,2026-05-23,75,620,46500,1390.72,5,0,On Time,501,372,Healthy,96,100.0
ORD100869,SUP001,Alpha Industrial Supplies,Chennai,P014,Industrial Fan,Electrical,WH002,Coimbatore Distribution Center,2025-10-12,2025-10-13,2025-10-16,2025-10-16,441,3900,1719900,3055.32,3,0,On Time,1070,156,Overstocked,289,100.0
ORD100870,SUP002,Beta Components Ltd,Coimbatore,P001,Brake Disc,Automotive,WH003,Bengaluru Warehouse,2025-11-24,2025-11-27,2025-12-01,2025-12-01,14,1250,17500,825.87,4,0,On Time,769,355,Healthy,23,100.0
ORD100871,SUP006,Zeta Industrial Corp,Mumbai,P009,Motor Coupling,Electrical,WH002,Coimbatore Distribution Center,2025-12-18,2025-12-21,2025-12-22,2025-12-22,219,980,214620,2707.89,1,0,On Time,849,285,Overstocked,197,100.0
ORD100872,SUP001,Alpha Industrial Supplies,Chennai,P007,Steel Gear,Mechanical,WH002,Coimbatore Distribution Center,2025-08-01,2025-08-04,2025-08-07,2025-08-07,223,1650,367950,2533.32,3,0,On Time,547,247,Healthy,247,100.0
ORD100873,SUP008,Prime Mechanical Works,Salem,P001,Brake Disc,Automotive,WH004,Pune Logistics Hub,2025-03-07,2025-03-08,2025-03-11,2025-03-12,499,1250,623750,4846.07,3,1,Delayed,473,297,Healthy,566,75.0
ORD100874,SUP003,Gamma Manufacturing,Bengaluru,P003,Bearing Assembly,Mechanical,WH003,Bengaluru Warehouse,2025-10-04,2025-10-06,2025-10-09,2025-10-09,53,540,28620,1083.17,3,0,On Time,667,356,Healthy,63,100.0
ORD100875,SUP006,Zeta Industrial Corp,Mumbai,P002,Brake Pad Set,Automotive,WH003,Bengaluru Warehouse,2026-04-20,2026-04-23,2026-04-28,2026-04-28,243,780,189540,3013.0,5,0,On Time,475,313,Healthy,350,100.0
ORD100876,SUP007,Omega Components,Delhi,P003,Bearing Assembly,Mechanical,WH003,Bengaluru Warehouse,2025-06-21,2025-06-22,2025-06-26,2025-06-26,185,540,99900,1875.24,4,0,On Time,593,257,Healthy,201,100.0
ORD100877,SUP004,Delta Auto Parts,Pune,P004,Drive Shaft,Automotive,WH001,Chennai Central Warehouse,2026-04-21,2026-04-23,2026-04-30,2026-04-30,57,3200,182400,1305.8,7,0,On Time,1288,174,Overstocked,52,100.0
ORD100878,SUP003,Gamma Manufacturing,Bengaluru,P006,Control Valve,Hydraulics,WH004,Pune Logistics Hub,2026-04-12,2026-04-14,2026-04-17,2026-04-17,119,2150,255850,1574.34,3,0,On Time,738,221,Overstocked,124,100.0
ORD100879,SUP005,Epsilon Engineering,Hyderabad,P008,Timing Belt,Automotive,WH002,Coimbatore Distribution Center,2025-05-14,2025-05-16,2025-05-23,2025-05-23,217,620,134540,2463.79,7,0,On Time,290,282,Healthy,251,100.0
ORD100880,SUP005,Epsilon Engineering,Hyderabad,P001,Brake Disc,Automotive,WH002,Coimbatore Distribution Center,2025-11-10,2025-11-12,2025-11-16,2025-11-16,459,1250,573750,4851.68,4,0,On Time,866,317,Overstocked,811,100.0
ORD100881,SUP004,Delta Auto Parts,Pune,P002,Brake Pad Set,Automotive,WH001,Chennai Central Warehouse,2026-02-13,2026-02-16,2026-02-20,2026-02-20,200,780,156000,2013.6,4,0,On Time,806,311,Overstocked,201,100.0
ORD100882,SUP005,Epsilon Engineering,Hyderabad,P001,Brake Disc,Automotive,WH003,Bengaluru Warehouse,2025-09-28,2025-09-29,2025-10-03,2025-10-03,442,1250,552500,3268.68,4,0,On Time,370,302,Healthy,611,100.0
ORD100883,SUP008,Prime Mechanical Works,Salem,P008,Timing Belt,Automotive,WH003,Bengaluru Warehouse,2026-01-17,2026-01-20,2026-01-24,2026-01-24,370,620,229400,2248.95,4,0,On Time,634,311,Healthy,451,100.0
ORD100884,SUP004,Delta Auto Parts,Pune,P005,Hydraulic Pump,Hydraulics,WH002,Coimbatore Distribution Center,2026-05-13,2026-05-16,2026-05-22,2026-05-22,412,4800,1977600,4317.36,6,0,On Time,798,241,Overstocked,360,100.0
ORD100885,SUP002,Beta Components Ltd,Coimbatore,P008,Timing Belt,Automotive,WH005,Hyderabad Warehouse,2025-12-09,2025-12-10,2025-12-13,2025-12-13,429,620,265980,4136.3,3,0,On Time,847,305,Overstocked,551,100.0
ORD100886,SUP003,Gamma Manufacturing,Bengaluru,P003,Bearing Assembly,Mechanical,WH005,Hyderabad Warehouse,2026-04-03,2026-04-06,2026-04-09,2026-04-12,360,540,194400,2768.02,3,3,Delayed,652,343,Healthy,458,50.0
ORD100887,SUP004,Delta Auto Parts,Pune,P001,Brake Disc,Automotive,WH001,Chennai Central Warehouse,2026-03-14,2026-03-15,2026-03-20,2026-03-20,370,1250,462500,3821.44,5,0,On Time,664,261,Overstocked,527,100.0
ORD100888,SUP002,Beta Components Ltd,Coimbatore,P014,Industrial Fan,Electrical,WH004,Pune Logistics Hub,2026-03-20,2026-03-21,2026-03-24,2026-04-01,85,3900,331500,1631.58,3,8,Delayed,1095,169,Overstocked,55,27.27
ORD100889,SUP002,Beta Components Ltd,Coimbatore,P002,Brake Pad Set,Automotive,WH002,Coimbatore Distribution Center,2026-04-11,2026-04-13,2026-04-18,2026-04-18,362,780,282360,3901.25,5,0,On Time,346,377,Low,477,100.0
ORD100890,SUP006,Zeta Industrial Corp,Mumbai,P002,Brake Pad Set,Automotive,WH005,Hyderabad Warehouse,2025-05-04,2025-05-07,2025-05-13,2025-05-13,33,780,25740,982.77,6,0,On Time,996,361,Overstocked,41,100.0
ORD100891,SUP003,Gamma Manufacturing,Bengaluru,P002,Brake Pad Set,Automotive,WH001,Chennai Central Warehouse,2025-01-11,2025-01-14,2025-01-18,2025-01-18,372,780,290160,4015.45,4,0,On Time,863,243,Overstocked,406,100.0
ORD100892,SUP008,Prime Mechanical Works,Salem,P015,Pneumatic Cylinder,Pneumatics,WH002,Coimbatore Distribution Center,2025-03-25,2025-03-27,2025-03-31,2025-03-31,331,1850,612350,3646.54,4,0,On Time,718,184,Overstocked,279,100.0
ORD100893,SUP002,Beta Components Ltd,Coimbatore,P009,Motor Coupling,Electrical,WH002,Coimbatore Distribution Center,2025-05-17,2025-05-20,2025-05-25,2025-05-25,381,980,373380,2349.26,5,0,On Time,956,211,Overstocked,337,100.0
ORD100894,SUP001,Alpha Industrial Supplies,Chennai,P009,Motor Coupling,Electrical,WH002,Coimbatore Distribution Center,2026-01-12,2026-01-13,2026-01-15,2026-01-15,325,980,318500,3750.81,2,0,On Time,1188,251,Overstocked,294,100.0
ORD100895,SUP006,Zeta Industrial Corp,Mumbai,P015,Pneumatic Cylinder,Pneumatics,WH004,Pune Logistics Hub,2025-10-06,2025-10-09,2025-10-12,2025-10-12,191,1850,353350,2241.28,3,0,On Time,909,216,Overstocked,172,100.0
ORD100896,SUP007,Omega Components,Delhi,P001,Brake Disc,Automotive,WH003,Bengaluru Warehouse,2025-09-13,2025-09-15,2025-09-17,2025-09-17,191,1250,238750,2536.73,2,0,On Time,1029,337,Overstocked,224,100.0
ORD100897,SUP003,Gamma Manufacturing,Bengaluru,P015,Pneumatic Cylinder,Pneumatics,WH001,Chennai Central Warehouse,2025-01-05,2025-01-06,2025-01-09,2025-01-09,302,1850,558700,3067.13,3,0,On Time,1961,183,Overstocked,239,100.0
ORD100898,SUP002,Beta Components Ltd,Coimbatore,P003,Bearing Assembly,Mechanical,WH003,Bengaluru Warehouse,2026-01-09,2026-01-10,2026-01-15,2026-01-15,242,540,130680,2595.6,5,0,On Time,741,238,Overstocked,221,100.0
ORD100899,SUP002,Beta Components Ltd,Coimbatore,P009,Motor Coupling,Electrical,WH005,Hyderabad Warehouse,2025-07-18,2025-07-19,2025-07-22,2025-07-22,177,980,173460,1800.82,3,0,On Time,734,216,Overstocked,167,100.0
ORD100900,SUP004,Delta Auto Parts,Pune,P006,Control Valve,Hydraulics,WH004,Pune Logistics Hub,2026-02-20,2026-02-21,2026-02-26,2026-03-05,250,2150,537500,1866.3,5,7,Delayed,539,198,Overstocked,220,41.67
ORD100901,SUP004,Delta Auto Parts,Pune,P006,Control Valve,Hydraulics,WH003,Bengaluru Warehouse,2025-03-03,2025-03-04,2025-03-09,2025-03-09,273,2150,586950,2271.54,5,0,On Time,242,242,Healthy,231,100.0
ORD100902,SUP003,Gamma Manufacturing,Bengaluru,P014,Industrial Fan,Electrical,WH002,Coimbatore Distribution Center,2025-06-11,2025-06-14,2025-06-18,2025-06-18,127,3900,495300,1775.95,4,0,On Time,1757,171,Overstocked,85,100.0
ORD100903,SUP001,Alpha Industrial Supplies,Chennai,P002,Brake Pad Set,Automotive,WH001,Chennai Central Warehouse,2025-01-30,2025-01-31,2025-02-03,2025-02-03,323,780,251940,3381.81,3,0,On Time,626,270,Healthy,316,100.0
ORD100904,SUP004,Delta Auto Parts,Pune,P015,Pneumatic Cylinder,Pneumatics,WH005,Hyderabad Warehouse,2025-06-05,2025-06-07,2025-06-12,2025-06-12,164,1850,303400,1410.77,5,0,On Time,1239,233,Overstocked,161,100.0
ORD100905,SUP008,Prime Mechanical Works,Salem,P006,Control Valve,Hydraulics,WH004,Pune Logistics Hub,2026-05-20,2026-05-23,2026-05-26,2026-06-02,141,2150,303150,1510.53,3,7,Delayed,1082,233,Overstocked,136,30.0
ORD100906,SUP005,Epsilon Engineering,Hyderabad,P009,Motor Coupling,Electrical,WH003,Bengaluru Warehouse,2025-09-25,2025-09-26,2025-09-30,2025-09-30,215,980,210700,2432.64,4,0,On Time,608,270,Healthy,226,100.0
ORD100907,SUP004,Delta Auto Parts,Pune,P014,Industrial Fan,Electrical,WH005,Hyderabad Warehouse,2025-08-28,2025-08-31,2025-09-07,2025-09-07,60,3900,234000,1112.06,7,0,On Time,872,168,Overstocked,43,100.0
ORD100908,SUP001,Alpha Industrial Supplies,Chennai,P001,Brake Disc,Automotive,WH001,Chennai Central Warehouse,2025-05-30,2025-06-01,2025-06-05,2025-06-05,306,1250,382500,2054.24,4,0,On Time,1071,330,Overstocked,397,100.0
ORD100909,SUP003,Gamma Manufacturing,Bengaluru,P013,Air Filter,Maintenance,WH004,Pune Logistics Hub,2025-05-25,2025-05-26,2025-05-28,2025-05-28,370,260,96200,2463.02,2,0,On Time,645,262,Healthy,394,100.0
ORD100910,SUP003,Gamma Manufacturing,Bengaluru,P008,Timing Belt,Automotive,WH001,Chennai Central Warehouse,2025-12-31,2026-01-03,2026-01-07,2026-01-07,479,620,296980,4073.01,4,0,On Time,564,259,Healthy,615,100.0
ORD100911,SUP006,Zeta Industrial Corp,Mumbai,P010,Pressure Sensor,Electrical,WH001,Chennai Central Warehouse,2026-06-22,2026-06-24,2026-06-28,2026-06-28,149,1450,216050,1760.34,4,0,On Time,697,250,Overstocked,126,100.0
ORD100912,SUP007,Omega Components,Delhi,P002,Brake Pad Set,Automotive,WH003,Bengaluru Warehouse,2026-02-12,2026-02-14,2026-02-19,2026-02-19,274,780,213720,3201.72,5,0,On Time,675,313,Healthy,287,100.0
ORD100913,SUP008,Prime Mechanical Works,Salem,P008,Timing Belt,Automotive,WH002,Coimbatore Distribution Center,2026-02-07,2026-02-10,2026-02-16,2026-02-16,257,620,159340,2120.58,6,0,On Time,1027,233,Overstocked,317,100.0
ORD100914,SUP008,Prime Mechanical Works,Salem,P010,Pressure Sensor,Electrical,WH005,Hyderabad Warehouse,2025-09-15,2025-09-18,2025-09-23,2025-09-23,369,1450,535050,2551.04,5,0,On Time,1252,201,Overstocked,292,100.0
ORD100915,SUP008,Prime Mechanical Works,Salem,P007,Steel Gear,Mechanical,WH002,Coimbatore Distribution Center,2025-02-23,2025-02-26,2025-03-01,2025-03-01,316,1650,521400,3385.47,3,0,On Time,817,220,Overstocked,284,100.0
ORD100916,SUP008,Prime Mechanical Works,Salem,P002,Brake Pad Set,Automotive,WH004,Pune Logistics Hub,2026-01-31,2026-02-03,2026-02-10,2026-02-10,406,780,316680,5061.9,7,0,On Time,963,302,Overstocked,509,100.0
ORD100917,SUP001,Alpha Industrial Supplies,Chennai,P003,Bearing Assembly,Mechanical,WH004,Pune Logistics Hub,2026-03-18,2026-03-19,2026-03-23,2026-03-23,427,540,230580,3518.42,4,0,On Time,1007,229,Overstocked,530,100.0
ORD100918,SUP002,Beta Components Ltd,Coimbatore,P012,Oil Filter,Maintenance,WH004,Pune Logistics Hub,2025-10-06,2025-10-08,2025-10-12,2025-10-14,65,310,20150,1352.89,4,2,Delayed,648,457,Healthy,99,66.67
ORD100919,SUP003,Gamma Manufacturing,Bengaluru,P001,Brake Disc,Automotive,WH005,Hyderabad Warehouse,2025-02-19,2025-02-20,2025-02-24,2025-02-24,184,1250,230000,2356.12,4,0,On Time,1252,224,Overstocked,214,100.0
ORD100920,SUP005,Epsilon Engineering,Hyderabad,P010,Pressure Sensor,Electrical,WH002,Coimbatore Distribution Center,2026-01-25,2026-01-28,2026-02-02,2026-02-02,330,1450,478500,3692.24,5,0,On Time,929,226,Overstocked,217,100.0
ORD100921,SUP001,Alpha Industrial Supplies,Chennai,P015,Pneumatic Cylinder,Pneumatics,WH002,Coimbatore Distribution Center,2026-05-18,2026-05-21,2026-05-26,2026-05-26,276,1850,510600,2441.75,5,0,On Time,1297,179,Overstocked,277,100.0
ORD100922,SUP007,Omega Components,Delhi,P001,Brake Disc,Automotive,WH001,Chennai Central Warehouse,2025-05-03,2025-05-05,2025-05-07,2025-05-07,246,1250,307500,1740.11,2,0,On Time,592,301,Healthy,342,100.0
ORD100923,SUP005,Epsilon Engineering,Hyderabad,P002,Brake Pad Set,Automotive,WH002,Coimbatore Distribution Center,2025-03-29,2025-03-31,2025-04-05,2025-04-05,95,780,74100,1123.52,5,0,On Time,875,259,Overstocked,113,100.0
ORD100924,SUP005,Epsilon Engineering,Hyderabad,P010,Pressure Sensor,Electrical,WH005,Hyderabad Warehouse,2026-02-08,2026-02-11,2026-02-14,2026-02-14,291,1450,421950,3309.67,3,0,On Time,938,159,Overstocked,201,100.0
ORD100925,SUP002,Beta Components Ltd,Coimbatore,P001,Brake Disc,Automotive,WH003,Bengaluru Warehouse,2025-07-01,2025-07-02,2025-07-07,2025-07-07,373,1250,466250,4129.04,5,0,On Time,783,385,Healthy,472,100.0
ORD100926,SUP003,Gamma Manufacturing,Bengaluru,P008,Timing Belt,Automotive,WH002,Coimbatore Distribution Center,2026-01-26,2026-01-28,2026-01-31,2026-01-31,28,620,17360,889.75,3,0,On Time,1226,268,Overstocked,34,100.0
ORD100927,SUP002,Beta Components Ltd,Coimbatore,P010,Pressure Sensor,Electrical,WH001,Chennai Central Warehouse,2026-01-19,2026-01-22,2026-01-26,2026-01-26,300,1450,435000,1884.71,4,0,On Time,1396,153,Overstocked,199,100.0
ORD100928,SUP007,Omega Components,Delhi,P008,Timing Belt,Automotive,WH003,Bengaluru Warehouse,2025-05-26,2025-05-27,2025-05-30,2025-05-30,454,620,281480,2637.72,3,0,On Time,833,380,Healthy,580,100.0
ORD100929,SUP005,Epsilon Engineering,Hyderabad,P005,Hydraulic Pump,Hydraulics,WH004,Pune Logistics Hub,2025-01-24,2025-01-27,2025-01-31,2025-01-31,291,4800,1396800,3152.15,4,0,On Time,754,153,Overstocked,178,100.0
ORD100930,SUP006,Zeta Industrial Corp,Mumbai,P010,Pressure Sensor,Electrical,WH002,Coimbatore Distribution Center,2025-10-31,2025-11-01,2025-11-05,2025-11-05,477,1450,691650,5018.16,4,0,On Time,1075,185,Overstocked,487,100.0
ORD100931,SUP003,Gamma Manufacturing,Bengaluru,P008,Timing Belt,Automotive,WH004,Pune Logistics Hub,2025-08-11,2025-08-14,2025-08-18,2025-08-18,183,620,113460,1964.84,4,0,On Time,430,238,Healthy,209,100.0
ORD100932,SUP003,Gamma Manufacturing,Bengaluru,P003,Bearing Assembly,Mechanical,WH003,Bengaluru Warehouse,2026-04-13,2026-04-15,2026-04-20,2026-04-20,11,540,5940,802.63,5,0,On Time,999,277,Overstocked,14,100.0
ORD100933,SUP004,Delta Auto Parts,Pune,P008,Timing Belt,Automotive,WH004,Pune Logistics Hub,2025-07-15,2025-07-18,2025-07-23,2025-07-23,344,620,213280,3392.96,5,0,On Time,826,353,Healthy,415,100.0
ORD100934,SUP006,Zeta Industrial Corp,Mumbai,P013,Air Filter,Maintenance,WH002,Coimbatore Distribution Center,2025-05-17,2025-05-20,2025-05-25,2025-05-25,114,260,29640,1714.19,5,0,On Time,662,235,Overstocked,140,100.0
ORD100935,SUP007,Omega Components,Delhi,P009,Motor Coupling,Electrical,WH003,Bengaluru Warehouse,2026-04-15,2026-04-17,2026-04-21,2026-04-21,14,980,13720,859.33,4,0,On Time,1462,254,Overstocked,13,100.0
ORD100936,SUP002,Beta Components Ltd,Coimbatore,P007,Steel Gear,Mechanical,WH001,Chennai Central Warehouse,2026-02-06,2026-02-09,2026-02-13,2026-02-13,98,1650,161700,1178.89,4,0,On Time,1216,209,Overstocked,95,100.0
ORD100937,SUP008,Prime Mechanical Works,Salem,P005,Hydraulic Pump,Hydraulics,WH002,Coimbatore Distribution Center,2025-12-04,2025-12-06,2025-12-09,2025-12-09,468,4800,2246400,4301.64,3,0,On Time,1133,183,Overstocked,384,100.0
ORD100938,SUP002,Beta Components Ltd,Coimbatore,P001,Brake Disc,Automotive,WH004,Pune Logistics Hub,2026-06-05,2026-06-07,2026-06-09,2026-06-09,393,1250,491250,4593.4,2,0,On Time,720,373,Healthy,527,100.0
ORD100939,SUP007,Omega Components,Delhi,P003,Bearing Assembly,Mechanical,WH003,Bengaluru Warehouse,2026-03-04,2026-03-07,2026-03-09,2026-03-09,145,540,78300,2085.04,2,0,On Time,623,299,Healthy,145,100.0
ORD100940,SUP001,Alpha Industrial Supplies,Chennai,P001,Brake Disc,Automotive,WH001,Chennai Central Warehouse,2026-04-18,2026-04-19,2026-04-20,2026-04-20,303,1250,378750,2769.13,1,0,On Time,619,329,Healthy,379,100.0
ORD100941,SUP003,Gamma Manufacturing,Bengaluru,P015,Pneumatic Cylinder,Pneumatics,WH005,Hyderabad Warehouse,2026-03-13,2026-03-15,2026-03-20,2026-03-20,176,1850,325600,1631.52,5,0,On Time,620,179,Overstocked,164,100.0
ORD100942,SUP007,Omega Components,Delhi,P003,Bearing Assembly,Mechanical,WH001,Chennai Central Warehouse,2025-08-08,2025-08-09,2025-08-13,2025-08-13,97,540,52380,1353.94,4,0,On Time,651,219,Overstocked,104,100.0
ORD100943,SUP002,Beta Components Ltd,Coimbatore,P012,Oil Filter,Maintenance,WH003,Bengaluru Warehouse,2025-02-04,2025-02-06,2025-02-10,2025-02-10,495,310,153450,4605.42,4,0,On Time,631,323,Healthy,649,100.0
ORD100944,SUP004,Delta Auto Parts,Pune,P002,Brake Pad Set,Automotive,WH005,Hyderabad Warehouse,2025-11-28,2025-12-01,2025-12-04,2025-12-04,409,780,319020,3063.07,3,0,On Time,309,382,Low,680,100.0
ORD100945,SUP004,Delta Auto Parts,Pune,P004,Drive Shaft,Automotive,WH003,Bengaluru Warehouse,2026-02-22,2026-02-23,2026-02-26,2026-02-26,188,3200,601600,2610.82,3,0,On Time,1264,173,Overstocked,145,100.0
ORD100946,SUP002,Beta Components Ltd,Coimbatore,P006,Control Valve,Hydraulics,WH004,Pune Logistics Hub,2026-06-26,2026-06-28,2026-07-02,2026-07-02,183,2150,393450,1815.48,4,0,On Time,1068,225,Overstocked,167,100.0
ORD100947,SUP006,Zeta Industrial Corp,Mumbai,P005,Hydraulic Pump,Hydraulics,WH003,Bengaluru Warehouse,2026-01-08,2026-01-10,2026-01-17,2026-01-17,410,4800,1968000,4625.93,7,0,On Time,1130,195,Overstocked,297,100.0
ORD100948,SUP007,Omega Components,Delhi,P012,Oil Filter,Maintenance,WH004,Pune Logistics Hub,2025-11-07,2025-11-10,2025-11-12,2025-11-12,236,310,73160,2363.28,2,0,On Time,65,318,Critical,422,100.0
ORD100949,SUP007,Omega Components,Delhi,P014,Industrial Fan,Electrical,WH003,Bengaluru Warehouse,2025-11-11,2025-11-12,2025-11-16,2025-11-16,195,3900,760500,1544.45,4,0,On Time,1199,211,Overstocked,152,100.0
ORD100950,SUP003,Gamma Manufacturing,Bengaluru,P013,Air Filter,Maintenance,WH004,Pune Logistics Hub,2025-03-04,2025-03-05,2025-03-07,2025-03-07,200,260,52000,2262.89,2,0,On Time,357,305,Healthy,215,100.0
ORD100951,SUP004,Delta Auto Parts,Pune,P002,Brake Pad Set,Automotive,WH001,Chennai Central Warehouse,2025-01-05,2025-01-06,2025-01-12,2025-01-12,229,780,178620,2309.04,6,0,On Time,566,242,Healthy,247,100.0
ORD100952,SUP002,Beta Components Ltd,Coimbatore,P011,Clutch Plate,Automotive,WH004,Pune Logistics Hub,2025-01-25,2025-01-27,2025-02-01,2025-02-01,265,2750,728750,3373.03,5,0,On Time,1122,230,Overstocked,246,100.0
ORD100953,SUP002,Beta Components Ltd,Coimbatore,P002,Brake Pad Set,Automotive,WH001,Chennai Central Warehouse,2026-05-10,2026-05-12,2026-05-16,2026-05-16,29,780,22620,903.3,4,0,On Time,140,319,Critical,33,100.0
ORD100954,SUP002,Beta Components Ltd,Coimbatore,P013,Air Filter,Maintenance,WH005,Hyderabad Warehouse,2026-03-08,2026-03-11,2026-03-14,2026-03-14,245,260,63700,1841.45,3,0,On Time,520,292,Healthy,260,100.0
ORD100955,SUP008,Prime Mechanical Works,Salem,P008,Timing Belt,Automotive,WH001,Chennai Central Warehouse,2025-05-23,2025-05-25,2025-05-31,2025-05-31,226,620,140120,2651.13,6,0,On Time,917,368,Healthy,301,100.0
ORD100956,SUP007,Omega Components,Delhi,P005,Hydraulic Pump,Hydraulics,WH001,Chennai Central Warehouse,2025-08-20,2025-08-21,2025-08-24,2025-08-24,144,4800,691200,1837.76,3,0,On Time,871,198,Overstocked,114,100.0
ORD100957,SUP007,Omega Components,Delhi,P002,Brake Pad Set,Automotive,WH005,Hyderabad Warehouse,2025-09-22,2025-09-25,2025-09-30,2025-09-30,184,780,143520,1766.92,5,0,On Time,506,257,Healthy,224,100.0
ORD100958,SUP004,Delta Auto Parts,Pune,P001,Brake Disc,Automotive,WH002,Coimbatore Distribution Center,2025-05-15,2025-05-16,2025-05-21,2025-05-21,218,1250,272500,2658.84,5,0,On Time,1081,306,Overstocked,332,100.0
ORD100959,SUP004,Delta Auto Parts,Pune,P003,Bearing Assembly,Mechanical,WH002,Coimbatore Distribution Center,2025-08-19,2025-08-21,2025-08-28,2025-09-02,189,540,102060,1541.77,7,5,Delayed,828,301,Overstocked,207,58.33
ORD100960,SUP004,Delta Auto Parts,Pune,P013,Air Filter,Maintenance,WH004,Pune Logistics Hub,2025-07-09,2025-07-11,2025-07-17,2025-07-17,455,260,118300,2912.88,6,0,On Time,863,266,Overstocked,479,100.0
ORD100961,SUP004,Delta Auto Parts,Pune,P012,Oil Filter,Maintenance,WH001,Chennai Central Warehouse,2026-01-15,2026-01-16,2026-01-22,2026-01-22,269,310,83390,2437.48,6,0,On Time,760,338,Healthy,302,100.0
ORD100962,SUP004,Delta Auto Parts,Pune,P014,Industrial Fan,Electrical,WH001,Chennai Central Warehouse,2026-02-18,2026-02-20,2026-02-26,2026-02-26,256,3900,998400,2531.35,6,0,On Time,1377,125,Overstocked,144,100.0
ORD100963,SUP002,Beta Components Ltd,Coimbatore,P002,Brake Pad Set,Automotive,WH003,Bengaluru Warehouse,2025-02-23,2025-02-25,2025-02-28,2025-03-06,139,780,108420,1687.35,3,6,Delayed,1003,225,Overstocked,154,33.33
ORD100964,SUP002,Beta Components Ltd,Coimbatore,P008,Timing Belt,Automotive,WH002,Coimbatore Distribution Center,2025-09-12,2025-09-15,2025-09-19,2025-09-19,459,620,284580,4860.97,4,0,On Time,1117,277,Overstocked,518,100.0
ORD100965,SUP008,Prime Mechanical Works,Salem,P003,Bearing Assembly,Mechanical,WH001,Chennai Central Warehouse,2026-06-26,2026-06-27,2026-07-01,2026-07-01,21,540,11340,819.7,4,0,On Time,344,352,Low,29,100.0
ORD100966,SUP004,Delta Auto Parts,Pune,P008,Timing Belt,Automotive,WH001,Chennai Central Warehouse,2026-04-20,2026-04-23,2026-04-30,2026-04-30,280,620,173600,3226.42,7,0,On Time,712,327,Healthy,386,100.0
ORD100967,SUP008,Prime Mechanical Works,Salem,P005,Hydraulic Pump,Hydraulics,WH002,Coimbatore Distribution Center,2026-03-10,2026-03-12,2026-03-16,2026-03-16,92,4800,441600,1107.45,4,0,On Time,1064,185,Overstocked,65,100.0
ORD100968,SUP002,Beta Components Ltd,Coimbatore,P004,Drive Shaft,Automotive,WH002,Coimbatore Distribution Center,2026-02-06,2026-02-09,2026-02-11,2026-02-11,387,3200,1238400,2500.21,2,0,On Time,869,163,Overstocked,308,100.0
ORD100969,SUP005,Epsilon Engineering,Hyderabad,P008,Timing Belt,Automotive,WH001,Chennai Central Warehouse,2025-01-03,2025-01-04,2025-01-06,2025-01-13,195,620,120900,1588.54,2,7,Delayed,953,326,Overstocked,225,22.22
ORD100970,SUP002,Beta Components Ltd,Coimbatore,P002,Brake Pad Set,Automotive,WH003,Bengaluru Warehouse,2026-06-16,2026-06-17,2026-06-19,2026-06-19,154,780,120120,1395.87,2,0,On Time,768,386,Healthy,228,100.0
ORD100971,SUP003,Gamma Manufacturing,Bengaluru,P007,Steel Gear,Mechanical,WH003,Bengaluru Warehouse,2026-02-06,2026-02-09,2026-02-13,2026-02-13,38,1650,62700,1011.84,4,0,On Time,1323,225,Overstocked,34,100.0
ORD100972,SUP001,Alpha Industrial Supplies,Chennai,P009,Motor Coupling,Electrical,WH001,Chennai Central Warehouse,2026-05-01,2026-05-03,2026-05-05,2026-05-05,398,980,390040,4016.72,2,0,On Time,1287,265,Overstocked,400,100.0
ORD100973,SUP001,Alpha Industrial Supplies,Chennai,P002,Brake Pad Set,Automotive,WH002,Coimbatore Distribution Center,2026-05-12,2026-05-13,2026-05-17,2026-05-17,204,780,159120,2447.47,4,0,On Time,978,376,Overstocked,230,100.0
ORD100974,SUP008,Prime Mechanical Works,Salem,P014,Industrial Fan,Electrical,WH005,Hyderabad Warehouse,2025-05-19,2025-05-22,2025-05-27,2025-06-03,139,3900,542100,2049.42,5,7,Delayed,761,156,Overstocked,83,41.67
ORD100975,SUP003,Gamma Manufacturing,Bengaluru,P007,Steel Gear,Mechanical,WH003,Bengaluru Warehouse,2025-01-08,2025-01-09,2025-01-12,2025-01-12,424,1650,699600,2370.1,3,0,On Time,595,224,Overstocked,470,100.0
ORD100976,SUP005,Epsilon Engineering,Hyderabad,P012,Oil Filter,Maintenance,WH002,Coimbatore Distribution Center,2025-12-26,2025-12-28,2026-01-02,2026-01-02,19,310,5890,867.95,5,0,On Time,474,372,Healthy,27,100.0
ORD100977,SUP004,Delta Auto Parts,Pune,P009,Motor Coupling,Electrical,WH003,Bengaluru Warehouse,2025-09-08,2025-09-11,2025-09-17,2025-09-17,240,980,235200,2210.13,6,0,On Time,1356,231,Overstocked,234,100.0
ORD100978,SUP004,Delta Auto Parts,Pune,P010,Pressure Sensor,Electrical,WH001,Chennai Central Warehouse,2025-01-12,2025-01-15,2025-01-17,2025-01-17,88,1450,127600,1396.27,2,0,On Time,724,208,Overstocked,61,100.0
ORD100979,SUP004,Delta Auto Parts,Pune,P010,Pressure Sensor,Electrical,WH004,Pune Logistics Hub,2025-05-28,2025-05-31,2025-06-05,2025-06-05,72,1450,104400,1389.45,5,0,On Time,656,214,Overstocked,69,100.0
ORD100980,SUP002,Beta Components Ltd,Coimbatore,P013,Air Filter,Maintenance,WH005,Hyderabad Warehouse,2026-06-26,2026-06-28,2026-07-03,2026-07-03,20,260,5200,809.31,5,0,On Time,448,272,Healthy,25,100.0
ORD100981,SUP008,Prime Mechanical Works,Salem,P009,Motor Coupling,Electrical,WH005,Hyderabad Warehouse,2025-07-18,2025-07-19,2025-07-25,2025-07-25,101,980,98980,1465.48,6,0,On Time,1732,211,Overstocked,85,100.0
ORD100982,SUP007,Omega Components,Delhi,P004,Drive Shaft,Automotive,WH001,Chennai Central Warehouse,2025-05-23,2025-05-24,2025-05-29,2025-05-29,475,3200,1520000,4857.31,5,0,On Time,1013,227,Overstocked,424,100.0
ORD100983,SUP006,Zeta Industrial Corp,Mumbai,P001,Brake Disc,Automotive,WH002,Coimbatore Distribution Center,2025-12-24,2025-12-27,2025-12-30,2025-12-30,228,1250,285000,1898.35,3,0,On Time,761,278,Overstocked,299,100.0
ORD100984,SUP004,Delta Auto Parts,Pune,P009,Motor Coupling,Electrical,WH001,Chennai Central Warehouse,2025-12-29,2025-12-31,2026-01-05,2026-01-05,500,980,490000,4432.78,5,0,On Time,590,234,Overstocked,480,100.0
ORD100985,SUP002,Beta Components Ltd,Coimbatore,P001,Brake Disc,Automotive,WH002,Coimbatore Distribution Center,2025-07-01,2025-07-02,2025-07-04,2025-07-04,141,1250,176250,2048.02,2,0,On Time,852,244,Overstocked,191,100.0
ORD100986,SUP008,Prime Mechanical Works,Salem,P003,Bearing Assembly,Mechanical,WH002,Coimbatore Distribution Center,2026-04-09,2026-04-12,2026-04-18,2026-04-18,384,540,207360,2921.94,6,0,On Time,306,323,Low,505,100.0
ORD100987,SUP003,Gamma Manufacturing,Bengaluru,P001,Brake Disc,Automotive,WH003,Bengaluru Warehouse,2025-11-13,2025-11-16,2025-11-20,2025-11-20,53,1250,66250,1053.02,4,0,On Time,461,314,Healthy,89,100.0
ORD100988,SUP001,Alpha Industrial Supplies,Chennai,P008,Timing Belt,Automotive,WH001,Chennai Central Warehouse,2025-03-29,2025-03-30,2025-04-03,2025-04-03,63,620,39060,1086.35,4,0,On Time,547,231,Healthy,66,100.0
ORD100989,SUP003,Gamma Manufacturing,Bengaluru,P002,Brake Pad Set,Automotive,WH005,Hyderabad Warehouse,2025-06-27,2025-06-30,2025-07-03,2025-07-03,18,780,14040,895.46,3,0,On Time,730,371,Healthy,23,100.0
ORD100990,SUP007,Omega Components,Delhi,P009,Motor Coupling,Electrical,WH001,Chennai Central Warehouse,2026-04-08,2026-04-10,2026-04-15,2026-04-15,451,980,441980,3384.72,5,0,On Time,698,187,Overstocked,464,100.0
ORD100991,SUP005,Epsilon Engineering,Hyderabad,P012,Oil Filter,Maintenance,WH001,Chennai Central Warehouse,2025-02-18,2025-02-20,2025-02-26,2025-02-26,339,310,105090,2802.22,6,0,On Time,982,316,Overstocked,378,100.0
ORD100992,SUP006,Zeta Industrial Corp,Mumbai,P012,Oil Filter,Maintenance,WH005,Hyderabad Warehouse,2025-01-07,2025-01-10,2025-01-16,2025-01-16,375,310,116250,2740.18,6,0,On Time,733,284,Overstocked,496,100.0
ORD100993,SUP007,Omega Components,Delhi,P004,Drive Shaft,Automotive,WH004,Pune Logistics Hub,2025-12-25,2025-12-26,2025-12-30,2025-12-30,465,3200,1488000,5724.61,4,0,On Time,733,258,Overstocked,424,100.0
ORD100994,SUP002,Beta Components Ltd,Coimbatore,P008,Timing Belt,Automotive,WH002,Coimbatore Distribution Center,2025-08-30,2025-08-31,2025-09-04,2025-09-04,173,620,107260,2246.84,4,0,On Time,911,260,Overstocked,241,100.0
ORD100995,SUP008,Prime Mechanical Works,Salem,P008,Timing Belt,Automotive,WH003,Bengaluru Warehouse,2025-05-19,2025-05-22,2025-05-27,2025-05-28,364,620,225680,3441.29,5,1,Delayed,627,251,Healthy,444,83.33
ORD100996,SUP004,Delta Auto Parts,Pune,P007,Steel Gear,Mechanical,WH001,Chennai Central Warehouse,2025-09-15,2025-09-17,2025-09-23,2025-09-23,256,1650,422400,2998.64,6,0,On Time,652,246,Overstocked,334,100.0
ORD100997,SUP005,Epsilon Engineering,Hyderabad,P009,Motor Coupling,Electrical,WH001,Chennai Central Warehouse,2025-04-11,2025-04-12,2025-04-16,2025-04-16,276,980,270480,2725.45,4,0,On Time,1223,276,Overstocked,254,100.0
ORD100998,SUP001,Alpha Industrial Supplies,Chennai,P003,Bearing Assembly,Mechanical,WH003,Bengaluru Warehouse,2025-07-24,2025-07-27,2025-07-30,2025-07-30,334,540,180360,3945.32,3,0,On Time,148,318,Critical,404,100.0
ORD100999,SUP008,Prime Mechanical Works,Salem,P015,Pneumatic Cylinder,Pneumatics,WH002,Coimbatore Distribution Center,2025-05-08,2025-05-09,2025-05-15,2025-05-15,240,1850,444000,1855.38,6,0,On Time,1183,202,Overstocked,200,100.0
ORD101000,SUP003,Gamma Manufacturing,Bengaluru,P001,Brake Disc,Automotive,WH003,Bengaluru Warehouse,2025-11-17,2025-11-20,2025-11-25,2025-11-26,21,1250,26250,858.35,5,1,Delayed,520,329,Healthy,33,83.33
ORD101001,SUP001,Alpha Industrial Supplies,Chennai,P012,Oil Filter,Maintenance,WH001,Chennai Central Warehouse,2026-01-03,2026-01-04,2026-01-07,2026-01-07,46,310,14260,1089.58,3,0,On Time,500,253,Healthy,54,100.0
ORD101002,SUP004,Delta Auto Parts,Pune,P008,Timing Belt,Automotive,WH004,Pune Logistics Hub,2026-05-15,2026-05-17,2026-05-22,2026-05-22,256,620,158720,2498.35,5,0,On Time,1058,271,Overstocked,279,100.0
ORD101003,SUP002,Beta Components Ltd,Coimbatore,P003,Bearing Assembly,Mechanical,WH004,Pune Logistics Hub,2025-02-06,2025-02-08,2025-02-12,2025-02-12,289,540,156060,2632.58,4,0,On Time,569,213,Overstocked,287,100.0
ORD101004,SUP002,Beta Components Ltd,Coimbatore,P011,Clutch Plate,Automotive,WH001,Chennai Central Warehouse,2025-06-28,2025-07-01,2025-07-06,2025-07-06,369,2750,1014750,3612.22,5,0,On Time,1118,322,Overstocked,373,100.0
ORD101005,SUP005,Epsilon Engineering,Hyderabad,P001,Brake Disc,Automotive,WH001,Chennai Central Warehouse,2025-05-25,2025-05-27,2025-05-31,2025-05-31,290,1250,362500,2760.9,4,0,On Time,743,256,Overstocked,445,100.0
ORD101006,SUP004,Delta Auto Parts,Pune,P011,Clutch Plate,Automotive,WH002,Coimbatore Distribution Center,2025-11-13,2025-11-16,2025-11-24,2025-11-24,102,2750,280500,1345.17,8,0,On Time,912,358,Overstocked,139,100.0
ORD101007,SUP008,Prime Mechanical Works,Salem,P008,Timing Belt,Automotive,WH004,Pune Logistics Hub,2025-10-19,2025-10-20,2025-10-25,2025-10-25,190,620,117800,2003.42,5,0,On Time,590,268,Healthy,284,100.0
ORD101008,SUP003,Gamma Manufacturing,Bengaluru,P002,Brake Pad Set,Automotive,WH003,Bengaluru Warehouse,2026-04-25,2026-04-27,2026-05-01,2026-05-06,227,780,177060,2146.7,4,5,Delayed,638,353,Healthy,282,44.44
ORD101009,SUP006,Zeta Industrial Corp,Mumbai,P001,Brake Disc,Automotive,WH004,Pune Logistics Hub,2026-05-17,2026-05-20,2026-05-27,2026-05-27,493,1250,616250,3196.04,7,0,On Time,913,318,Overstocked,617,100.0
ORD101010,SUP004,Delta Auto Parts,Pune,P011,Clutch Plate,Automotive,WH002,Coimbatore Distribution Center,2026-02-27,2026-02-28,2026-03-05,2026-03-05,271,2750,745250,2152.56,5,0,On Time,1058,180,Overstocked,236,100.0
ORD101011,SUP005,Epsilon Engineering,Hyderabad,P004,Drive Shaft,Automotive,WH001,Chennai Central Warehouse,2025-04-19,2025-04-22,2025-04-26,2025-04-26,321,3200,1027200,2832.33,4,0,On Time,888,233,Overstocked,246,100.0
ORD101012,SUP005,Epsilon Engineering,Hyderabad,P013,Air Filter,Maintenance,WH003,Bengaluru Warehouse,2025-01-23,2025-01-26,2025-01-29,2025-01-29,371,260,96460,3886.72,3,0,On Time,484,236,Healthy,412,100.0
ORD101013,SUP004,Delta Auto Parts,Pune,P011,Clutch Plate,Automotive,WH001,Chennai Central Warehouse,2026-05-06,2026-05-09,2026-05-14,2026-05-14,187,2750,514250,1842.21,5,0,On Time,686,309,Healthy,221,100.0
ORD101014,SUP008,Prime Mechanical Works,Salem,P010,Pressure Sensor,Electrical,WH004,Pune Logistics Hub,2026-05-30,2026-05-31,2026-06-03,2026-06-07,483,1450,700350,3968.51,3,4,Delayed,1255,235,Overstocked,378,42.86
ORD101015,SUP003,Gamma Manufacturing,Bengaluru,P004,Drive Shaft,Automotive,WH001,Chennai Central Warehouse,2025-05-17,2025-05-20,2025-05-24,2025-05-24,341,3200,1091200,3239.51,4,0,On Time,1475,257,Overstocked,251,100.0
ORD101016,SUP002,Beta Components Ltd,Coimbatore,P010,Pressure Sensor,Electrical,WH002,Coimbatore Distribution Center,2025-01-26,2025-01-29,2025-02-03,2025-02-03,426,1450,617700,2680.62,5,0,On Time,1197,214,Overstocked,287,100.0
ORD101017,SUP006,Zeta Industrial Corp,Mumbai,P014,Industrial Fan,Electrical,WH003,Bengaluru Warehouse,2026-01-07,2026-01-08,2026-01-12,2026-01-12,377,3900,1470300,3168.05,4,0,On Time,611,133,Overstocked,230,100.0
ORD101018,SUP007,Omega Components,Delhi,P001,Brake Disc,Automotive,WH003,Bengaluru Warehouse,2025-11-18,2025-11-20,2025-11-23,2025-11-23,315,1250,393750,2347.51,3,0,On Time,849,365,Healthy,421,100.0
ORD101019,SUP001,Alpha Industrial Supplies,Chennai,P005,Hydraulic Pump,Hydraulics,WH003,Bengaluru Warehouse,2026-05-01,2026-05-02,2026-05-06,2026-05-06,25,4800,120000,1024.33,4,0,On Time,1620,215,Overstocked,20,100.0
ORD101020,SUP004,Delta Auto Parts,Pune,P003,Bearing Assembly,Mechanical,WH002,Coimbatore Distribution Center,2025-11-11,2025-11-13,2025-11-17,2025-11-17,296,540,159840,1992.98,4,0,On Time,778,307,Overstocked,360,100.0
ORD101021,SUP007,Omega Components,Delhi,P006,Control Valve,Hydraulics,WH005,Hyderabad Warehouse,2026-02-20,2026-02-21,2026-02-24,2026-02-24,73,2150,156950,1266.43,3,0,On Time,1421,218,Overstocked,56,100.0
ORD101022,SUP006,Zeta Industrial Corp,Mumbai,P011,Clutch Plate,Automotive,WH004,Pune Logistics Hub,2026-03-06,2026-03-08,2026-03-14,2026-03-14,306,2750,841500,3273.37,6,0,On Time,429,214,Healthy,326,100.0
ORD101023,SUP008,Prime Mechanical Works,Salem,P007,Steel Gear,Mechanical,WH005,Hyderabad Warehouse,2025-01-06,2025-01-08,2025-01-10,2025-01-10,354,1650,584100,4008.51,2,0,On Time,954,261,Overstocked,406,100.0
ORD101024,SUP004,Delta Auto Parts,Pune,P008,Timing Belt,Automotive,WH003,Bengaluru Warehouse,2025-03-23,2025-03-25,2025-03-31,2025-03-31,277,620,171740,3003.77,6,0,On Time,478,267,Healthy,297,100.0
ORD101025,SUP005,Epsilon Engineering,Hyderabad,P004,Drive Shaft,Automotive,WH003,Bengaluru Warehouse,2026-03-02,2026-03-05,2026-03-07,2026-03-07,161,3200,515200,2305.57,2,0,On Time,1433,155,Overstocked,118,100.0
ORD101026,SUP003,Gamma Manufacturing,Bengaluru,P002,Brake Pad Set,Automotive,WH003,Bengaluru Warehouse,2025-04-08,2025-04-11,2025-04-14,2025-04-14,39,780,30420,1026.63,3,0,On Time,851,373,Healthy,46,100.0
ORD101027,SUP008,Prime Mechanical Works,Salem,P003,Bearing Assembly,Mechanical,WH002,Coimbatore Distribution Center,2025-04-23,2025-04-24,2025-04-27,2025-04-27,339,540,183060,2641.43,3,0,On Time,1173,326,Overstocked,425,100.0
ORD101028,SUP003,Gamma Manufacturing,Bengaluru,P012,Oil Filter,Maintenance,WH002,Coimbatore Distribution Center,2026-02-15,2026-02-16,2026-02-21,2026-02-21,352,310,109120,2474.12,5,0,On Time,725,265,Overstocked,422,100.0
ORD101029,SUP006,Zeta Industrial Corp,Mumbai,P009,Motor Coupling,Electrical,WH003,Bengaluru Warehouse,2025-04-22,2025-04-23,2025-04-26,2025-05-01,244,980,239120,1743.78,3,5,Delayed,819,191,Overstocked,235,37.5
ORD101030,SUP004,Delta Auto Parts,Pune,P006,Control Valve,Hydraulics,WH001,Chennai Central Warehouse,2025-03-23,2025-03-26,2025-03-30,2025-03-30,361,2150,776150,2560.26,4,0,On Time,750,257,Overstocked,348,100.0
ORD101031,SUP005,Epsilon Engineering,Hyderabad,P011,Clutch Plate,Automotive,WH001,Chennai Central Warehouse,2025-01-08,2025-01-09,2025-01-13,2025-01-20,392,2750,1078000,2399.78,4,7,Delayed,780,202,Overstocked,421,36.36
ORD101032,SUP006,Zeta Industrial Corp,Mumbai,P001,Brake Disc,Automotive,WH005,Hyderabad Warehouse,2025-09-14,2025-09-15,2025-09-19,2025-09-19,261,1250,326250,2388.17,4,0,On Time,544,351,Healthy,309,100.0
ORD101033,SUP004,Delta Auto Parts,Pune,P003,Bearing Assembly,Mechanical,WH001,Chennai Central Warehouse,2025-12-14,2025-12-15,2025-12-19,2025-12-30,33,540,17820,950.84,4,11,Delayed,1116,348,Overstocked,37,26.67
ORD101034,SUP008,Prime Mechanical Works,Salem,P003,Bearing Assembly,Mechanical,WH003,Bengaluru Warehouse,2026-02-04,2026-02-07,2026-02-12,2026-02-12,437,540,235980,4231.34,5,0,On Time,1097,221,Overstocked,427,100.0
ORD101035,SUP004,Delta Auto Parts,Pune,P015,Pneumatic Cylinder,Pneumatics,WH003,Bengaluru Warehouse,2026-05-10,2026-05-12,2026-05-15,2026-05-15,239,1850,442150,2117.27,3,0,On Time,507,202,Overstocked,219,100.0
ORD101036,SUP005,Epsilon Engineering,Hyderabad,P010,Pressure Sensor,Electrical,WH001,Chennai Central Warehouse,2025-12-22,2025-12-25,2025-12-28,2025-12-28,340,1450,493000,2897.29,3,0,On Time,1076,179,Overstocked,277,100.0
ORD101037,SUP003,Gamma Manufacturing,Bengaluru,P009,Motor Coupling,Electrical,WH005,Hyderabad Warehouse,2026-02-18,2026-02-19,2026-02-21,2026-02-21,457,980,447860,3195.93,2,0,On Time,927,185,Overstocked,423,100.0
ORD101038,SUP004,Delta Auto Parts,Pune,P001,Brake Disc,Automotive,WH001,Chennai Central Warehouse,2025-04-25,2025-04-27,2025-05-03,2025-05-03,188,1250,235000,1918.93,6,0,On Time,505,334,Healthy,260,100.0
ORD101039,SUP004,Delta Auto Parts,Pune,P002,Brake Pad Set,Automotive,WH005,Hyderabad Warehouse,2025-07-05,2025-07-07,2025-07-14,2025-07-14,315,780,245700,3014.13,7,0,On Time,779,253,Overstocked,440,100.0
ORD101040,SUP002,Beta Components Ltd,Coimbatore,P009,Motor Coupling,Electrical,WH004,Pune Logistics Hub,2025-06-15,2025-06-16,2025-06-21,2025-06-21,19,980,18620,834.41,5,0,On Time,1249,297,Overstocked,22,100.0
ORD101041,SUP001,Alpha Industrial Supplies,Chennai,P006,Control Valve,Hydraulics,WH002,Coimbatore Distribution Center,2025-02-05,2025-02-08,2025-02-11,2025-02-11,444,2150,954600,3055.09,3,0,On Time,1102,235,Overstocked,390,100.0
ORD101042,SUP006,Zeta Industrial Corp,Mumbai,P013,Air Filter,Maintenance,WH001,Chennai Central Warehouse,2026-06-14,2026-06-17,2026-06-19,2026-06-19,39,260,10140,1049.54,2,0,On Time,1067,271,Overstocked,56,100.0
ORD101043,SUP005,Epsilon Engineering,Hyderabad,P011,Clutch Plate,Automotive,WH002,Coimbatore Distribution Center,2025-05-12,2025-05-13,2025-05-18,2025-05-18,275,2750,756250,2599.46,5,0,On Time,618,267,Healthy,318,100.0
ORD101044,SUP006,Zeta Industrial Corp,Mumbai,P007,Steel Gear,Mechanical,WH002,Coimbatore Distribution Center,2025-09-02,2025-09-05,2025-09-12,2025-09-12,182,1650,300300,1994.27,7,0,On Time,780,267,Overstocked,201,100.0
ORD101045,SUP001,Alpha Industrial Supplies,Chennai,P011,Clutch Plate,Automotive,WH002,Coimbatore Distribution Center,2025-07-14,2025-07-16,2025-07-21,2025-07-21,27,2750,74250,884.25,5,0,On Time,605,237,Overstocked,29,100.0
ORD101046,SUP003,Gamma Manufacturing,Bengaluru,P015,Pneumatic Cylinder,Pneumatics,WH005,Hyderabad Warehouse,2025-01-25,2025-01-27,2025-01-31,2025-01-31,236,1850,436600,1985.99,4,0,On Time,1037,202,Overstocked,216,100.0
ORD101047,SUP002,Beta Components Ltd,Coimbatore,P007,Steel Gear,Mechanical,WH001,Chennai Central Warehouse,2026-05-09,2026-05-12,2026-05-15,2026-05-15,469,1650,773850,3290.6,3,0,On Time,897,226,Overstocked,574,100.0
ORD101048,SUP007,Omega Components,Delhi,P009,Motor Coupling,Electrical,WH004,Pune Logistics Hub,2025-04-30,2025-05-02,2025-05-05,2025-05-05,91,980,89180,1694.19,3,0,On Time,1110,200,Overstocked,91,100.0
ORD101049,SUP007,Omega Components,Delhi,P013,Air Filter,Maintenance,WH001,Chennai Central Warehouse,2025-02-24,2025-02-25,2025-03-03,2025-03-03,153,260,39780,1387.32,6,0,On Time,1059,216,Overstocked,148,100.0
ORD101050,SUP002,Beta Components Ltd,Coimbatore,P003,Bearing Assembly,Mechanical,WH005,Hyderabad Warehouse,2025-07-06,2025-07-09,2025-07-11,2025-07-11,102,540,55080,1311.72,2,0,On Time,912,235,Overstocked,127,100.0
ORD101051,SUP006,Zeta Industrial Corp,Mumbai,P013,Air Filter,Maintenance,WH001,Chennai Central Warehouse,2025-03-20,2025-03-23,2025-03-26,2025-03-26,71,260,18460,1338.18,3,0,On Time,530,300,Healthy,79,100.0
ORD101052,SUP002,Beta Components Ltd,Coimbatore,P001,Brake Disc,Automotive,WH002,Coimbatore Distribution Center,2026-06-30,2026-07-01,2026-07-06,2026-07-06,123,1250,153750,1528.23,5,0,On Time,359,419,Low,179,100.0
ORD101053,SUP003,Gamma Manufacturing,Bengaluru,P009,Motor Coupling,Electrical,WH003,Bengaluru Warehouse,2025-04-14,2025-04-17,2025-04-19,2025-04-19,290,980,284200,2399.56,2,0,On Time,1106,246,Overstocked,289,100.0
ORD101054,SUP002,Beta Components Ltd,Coimbatore,P011,Clutch Plate,Automotive,WH001,Chennai Central Warehouse,2025-06-15,2025-06-17,2025-06-20,2025-06-20,393,2750,1080750,3496.48,3,0,On Time,1270,334,Overstocked,442,100.0
ORD101055,SUP003,Gamma Manufacturing,Bengaluru,P009,Motor Coupling,Electrical,WH004,Pune Logistics Hub,2025-05-29,2025-05-30,2025-06-04,2025-06-04,348,980,341040,3311.5,5,0,On Time,836,245,Overstocked,304,100.0
ORD101056,SUP006,Zeta Industrial Corp,Mumbai,P007,Steel Gear,Mechanical,WH002,Coimbatore Distribution Center,2025-01-15,2025-01-17,2025-01-22,2025-01-22,388,1650,640200,4315.87,5,0,On Time,383,219,Healthy,410,100.0
ORD101057,SUP008,Prime Mechanical Works,Salem,P009,Motor Coupling,Electrical,WH003,Bengaluru Warehouse,2025-01-08,2025-01-11,2025-01-15,2025-01-15,361,980,353780,2305.39,4,0,On Time,1593,244,Overstocked,285,100.0
ORD101058,SUP002,Beta Components Ltd,Coimbatore,P002,Brake Pad Set,Automotive,WH003,Bengaluru Warehouse,2025-10-08,2025-10-09,2025-10-12,2025-10-12,198,780,154440,2418.7,3,0,On Time,823,276,Overstocked,261,100.0
ORD101059,SUP005,Epsilon Engineering,Hyderabad,P003,Bearing Assembly,Mechanical,WH003,Bengaluru Warehouse,2025-05-08,2025-05-11,2025-05-18,2025-05-18,452,540,244080,3220.72,7,0,On Time,816,236,Overstocked,477,100.0
ORD101060,SUP006,Zeta Industrial Corp,Mumbai,P003,Bearing Assembly,Mechanical,WH001,Chennai Central Warehouse,2025-02-15,2025-02-18,2025-02-23,2025-02-23,94,540,50760,1461.73,5,0,On Time,475,298,Healthy,99,100.0
ORD101061,SUP008,Prime Mechanical Works,Salem,P008,Timing Belt,Automotive,WH001,Chennai Central Warehouse,2025-06-09,2025-06-12,2025-06-18,2025-06-18,353,620,218860,3596.47,6,0,On Time,724,344,Healthy,413,100.0
ORD101062,SUP005,Epsilon Engineering,Hyderabad,P007,Steel Gear,Mechanical,WH001,Chennai Central Warehouse,2025-05-30,2025-05-31,2025-06-05,2025-06-05,64,1650,105600,1241.82,5,0,On Time,993,331,Overstocked,69,100.0
ORD101063,SUP003,Gamma Manufacturing,Bengaluru,P003,Bearing Assembly,Mechanical,WH002,Coimbatore Distribution Center,2025-08-20,2025-08-21,2025-08-23,2025-08-23,385,540,207900,4062.23,2,0,On Time,858,236,Overstocked,501,100.0
ORD101064,SUP005,Epsilon Engineering,Hyderabad,P013,Air Filter,Maintenance,WH001,Chennai Central Warehouse,2026-06-26,2026-06-29,2026-07-03,2026-07-03,52,260,13520,1093.71,4,0,On Time,574,353,Healthy,66,100.0
ORD101065,SUP003,Gamma Manufacturing,Bengaluru,P006,Control Valve,Hydraulics,WH005,Hyderabad Warehouse,2025-06-17,2025-06-19,2025-06-24,2025-06-24,116,2150,249400,1318.66,5,0,On Time,844,228,Overstocked,138,100.0
ORD101066,SUP008,Prime Mechanical Works,Salem,P007,Steel Gear,Mechanical,WH003,Bengaluru Warehouse,2026-01-20,2026-01-22,2026-01-28,2026-01-28,202,1650,333300,1600.27,6,0,On Time,645,226,Overstocked,201,100.0
ORD101067,SUP004,Delta Auto Parts,Pune,P006,Control Valve,Hydraulics,WH003,Bengaluru Warehouse,2026-02-24,2026-02-26,2026-03-01,2026-03-04,350,2150,752500,2845.11,3,3,Delayed,1385,252,Overstocked,276,50.0
ORD101068,SUP006,Zeta Industrial Corp,Mumbai,P002,Brake Pad Set,Automotive,WH002,Coimbatore Distribution Center,2025-01-28,2025-01-30,2025-02-04,2025-02-04,32,780,24960,933.91,5,0,On Time,873,266,Overstocked,39,100.0
ORD101069,SUP001,Alpha Industrial Supplies,Chennai,P011,Clutch Plate,Automotive,WH002,Coimbatore Distribution Center,2025-10-01,2025-10-03,2025-10-06,2025-10-06,136,2750,374000,1533.4,3,0,On Time,670,310,Healthy,153,100.0
ORD101070,SUP004,Delta Auto Parts,Pune,P007,Steel Gear,Mechanical,WH003,Bengaluru Warehouse,2025-09-02,2025-09-04,2025-09-08,2025-09-08,173,1650,285450,2165.54,4,0,On Time,498,332,Healthy,228,100.0
ORD101071,SUP007,Omega Components,Delhi,P001,Brake Disc,Automotive,WH002,Coimbatore Distribution Center,2025-10-05,2025-10-07,2025-10-11,2025-10-11,368,1250,460000,3628.77,4,0,On Time,707,421,Healthy,504,100.0
ORD101072,SUP005,Epsilon Engineering,Hyderabad,P014,Industrial Fan,Electrical,WH002,Coimbatore Distribution Center,2025-04-04,2025-04-06,2025-04-09,2025-04-09,482,3900,1879800,5254.13,3,0,On Time,1043,129,Overstocked,361,100.0
ORD101073,SUP004,Delta Auto Parts,Pune,P012,Oil Filter,Maintenance,WH002,Coimbatore Distribution Center,2025-09-11,2025-09-13,2025-09-18,2025-09-18,311,310,96410,2573.53,5,0,On Time,537,294,Healthy,444,100.0
ORD101074,SUP008,Prime Mechanical Works,Salem,P011,Clutch Plate,Automotive,WH003,Bengaluru Warehouse,2025-03-09,2025-03-12,2025-03-16,2025-03-16,259,2750,712250,2986.39,4,0,On Time,532,291,Healthy,286,100.0
ORD101075,SUP007,Omega Components,Delhi,P012,Oil Filter,Maintenance,WH005,Hyderabad Warehouse,2026-06-01,2026-06-03,2026-06-06,2026-06-06,175,310,54250,2228.4,3,0,On Time,419,365,Healthy,231,100.0
ORD101076,SUP003,Gamma Manufacturing,Bengaluru,P013,Air Filter,Maintenance,WH001,Chennai Central Warehouse,2025-11-17,2025-11-20,2025-11-23,2025-11-23,413,260,107380,4397.28,3,0,On Time,779,347,Healthy,617,100.0
ORD101077,SUP005,Epsilon Engineering,Hyderabad,P005,Hydraulic Pump,Hydraulics,WH003,Bengaluru Warehouse,2025-01-19,2025-01-21,2025-01-24,2025-01-24,62,4800,297600,1385.86,3,0,On Time,1034,139,Overstocked,39,100.0
ORD101078,SUP004,Delta Auto Parts,Pune,P009,Motor Coupling,Electrical,WH001,Chennai Central Warehouse,2025-10-04,2025-10-07,2025-10-14,2025-10-22,73,980,71540,1093.88,7,8,Delayed,1721,202,Overstocked,85,46.67
ORD101079,SUP005,Epsilon Engineering,Hyderabad,P009,Motor Coupling,Electrical,WH002,Coimbatore Distribution Center,2026-05-21,2026-05-23,2026-05-28,2026-05-28,108,980,105840,1138.68,5,0,On Time,1076,287,Overstocked,97,100.0
ORD101080,SUP003,Gamma Manufacturing,Bengaluru,P003,Bearing Assembly,Mechanical,WH004,Pune Logistics Hub,2026-02-10,2026-02-12,2026-02-17,2026-02-17,141,540,76140,2199.15,5,0,On Time,428,244,Healthy,140,100.0
ORD101081,SUP002,Beta Components Ltd,Coimbatore,P003,Bearing Assembly,Mechanical,WH001,Chennai Central Warehouse,2025-05-30,2025-05-31,2025-06-04,2025-06-04,236,540,127440,2463.73,4,0,On Time,382,328,Healthy,293,100.0
ORD101082,SUP008,Prime Mechanical Works,Salem,P002,Brake Pad Set,Automotive,WH003,Bengaluru Warehouse,2026-05-03,2026-05-04,2026-05-08,2026-05-08,474,780,369720,4876.2,4,0,On Time,801,275,Overstocked,610,100.0
ORD101083,SUP008,Prime Mechanical Works,Salem,P009,Motor Coupling,Electrical,WH002,Coimbatore Distribution Center,2025-04-12,2025-04-15,2025-04-22,2025-04-22,329,980,322420,3437.35,7,0,On Time,782,202,Overstocked,337,100.0
ORD101084,SUP007,Omega Components,Delhi,P011,Clutch Plate,Automotive,WH001,Chennai Central Warehouse,2025-05-15,2025-05-16,2025-05-19,2025-05-19,198,2750,544500,2277.86,3,0,On Time,1223,271,Overstocked,226,100.0
ORD101085,SUP008,Prime Mechanical Works,Salem,P011,Clutch Plate,Automotive,WH005,Hyderabad Warehouse,2025-03-26,2025-03-27,2025-03-31,2025-03-31,113,2750,310750,1798.83,4,0,On Time,893,286,Overstocked,100,100.0
ORD101086,SUP006,Zeta Industrial Corp,Mumbai,P004,Drive Shaft,Automotive,WH002,Coimbatore Distribution Center,2026-05-19,2026-05-22,2026-05-28,2026-05-28,328,3200,1049600,3761.33,6,0,On Time,351,190,Healthy,307,100.0
ORD101087,SUP006,Zeta Industrial Corp,Mumbai,P003,Bearing Assembly,Mechanical,WH004,Pune Logistics Hub,2026-01-27,2026-01-30,2026-02-02,2026-02-02,134,540,72360,2083.4,3,0,On Time,458,235,Healthy,137,100.0
ORD101088,SUP006,Zeta Industrial Corp,Mumbai,P007,Steel Gear,Mechanical,WH002,Coimbatore Distribution Center,2025-10-10,2025-10-12,2025-10-18,2025-10-18,489,1650,806850,3611.35,6,0,On Time,599,309,Healthy,624,100.0
ORD101089,SUP004,Delta Auto Parts,Pune,P008,Timing Belt,Automotive,WH005,Hyderabad Warehouse,2025-12-31,2026-01-02,2026-01-08,2026-01-08,244,620,151280,1753.06,6,0,On Time,793,261,Overstocked,303,100.0
ORD101090,SUP004,Delta Auto Parts,Pune,P013,Air Filter,Maintenance,WH002,Coimbatore Distribution Center,2025-05-22,2025-05-24,2025-05-31,2025-05-31,280,260,72800,1799.4,7,0,On Time,460,286,Healthy,340,100.0
ORD101091,SUP002,Beta Components Ltd,Coimbatore,P013,Air Filter,Maintenance,WH002,Coimbatore Distribution Center,2025-02-08,2025-02-11,2025-02-16,2025-02-16,453,260,117780,3542.08,5,0,On Time,739,265,Overstocked,525,100.0
ORD101092,SUP005,Epsilon Engineering,Hyderabad,P013,Air Filter,Maintenance,WH004,Pune Logistics Hub,2026-04-07,2026-04-09,2026-04-15,2026-04-15,159,260,41340,2248.98,6,0,On Time,369,227,Healthy,217,100.0
ORD101093,SUP003,Gamma Manufacturing,Bengaluru,P012,Oil Filter,Maintenance,WH002,Coimbatore Distribution Center,2026-06-11,2026-06-12,2026-06-15,2026-06-19,241,310,74710,2775.38,3,4,Delayed,624,378,Healthy,397,42.86
ORD101094,SUP003,Gamma Manufacturing,Bengaluru,P014,Industrial Fan,Electrical,WH002,Coimbatore Distribution Center,2025-01-20,2025-01-22,2025-01-24,2025-01-24,271,3900,1056900,2384.12,2,0,On Time,1397,119,Overstocked,177,100.0
ORD101095,SUP005,Epsilon Engineering,Hyderabad,P007,Steel Gear,Mechanical,WH005,Hyderabad Warehouse,2025-01-29,2025-01-30,2025-02-06,2025-02-06,143,1650,235950,1601.99,7,0,On Time,1153,268,Overstocked,125,100.0
ORD101096,SUP004,Delta Auto Parts,Pune,P001,Brake Disc,Automotive,WH003,Bengaluru Warehouse,2025-11-02,2025-11-05,2025-11-09,2025-11-09,36,1250,45000,994.5,4,0,On Time,735,434,Healthy,55,100.0
ORD101097,SUP002,Beta Components Ltd,Coimbatore,P001,Brake Disc,Automotive,WH004,Pune Logistics Hub,2025-01-24,2025-01-25,2025-01-27,2025-01-27,149,1250,186250,2190.78,2,0,On Time,444,335,Healthy,161,100.0
ORD101098,SUP007,Omega Components,Delhi,P006,Control Valve,Hydraulics,WH003,Bengaluru Warehouse,2026-01-30,2026-02-01,2026-02-05,2026-02-05,65,2150,139750,1229.57,4,0,On Time,1335,238,Overstocked,62,100.0
ORD101099,SUP007,Omega Components,Delhi,P003,Bearing Assembly,Mechanical,WH004,Pune Logistics Hub,2026-06-01,2026-06-02,2026-06-07,2026-06-07,341,540,184140,2465.69,5,0,On Time,648,309,Healthy,377,100.0
ORD101100,SUP002,Beta Components Ltd,Coimbatore,P002,Brake Pad Set,Automotive,WH005,Hyderabad Warehouse,2025-06-02,2025-06-05,2025-06-09,2025-06-09,13,780,10140,792.48,4,0,On Time,855,299,Overstocked,20,100.0
ORD101101,SUP001,Alpha Industrial Supplies,Chennai,P014,Industrial Fan,Electrical,WH003,Bengaluru Warehouse,2025-06-10,2025-06-12,2025-06-17,2025-06-17,165,3900,643500,1984.68,5,0,On Time,1044,171,Overstocked,109,100.0
ORD101102,SUP003,Gamma Manufacturing,Bengaluru,P003,Bearing Assembly,Mechanical,WH002,Coimbatore Distribution Center,2026-04-17,2026-04-18,2026-04-19,2026-04-19,444,540,239760,3728.32,1,0,On Time,758,228,Overstocked,444,100.0
ORD101103,SUP007,Omega Components,Delhi,P014,Industrial Fan,Electrical,WH001,Chennai Central Warehouse,2025-07-14,2025-07-17,2025-07-20,2025-07-20,289,3900,1127100,3127.45,3,0,On Time,963,179,Overstocked,213,100.0
ORD101104,SUP007,Omega Components,Delhi,P011,Clutch Plate,Automotive,WH003,Bengaluru Warehouse,2025-05-12,2025-05-14,2025-05-15,2025-05-19,339,2750,932250,3972.53,1,4,Delayed,940,205,Overstocked,333,20.0
ORD101105,SUP002,Beta Components Ltd,Coimbatore,P009,Motor Coupling,Electrical,WH004,Pune Logistics Hub,2025-02-16,2025-02-18,2025-02-23,2025-02-23,338,980,331240,2373.62,5,0,On Time,1067,194,Overstocked,240,100.0
ORD101106,SUP007,Omega Components,Delhi,P010,Pressure Sensor,Electrical,WH002,Coimbatore Distribution Center,2026-04-04,2026-04-05,2026-04-06,2026-04-06,156,1450,226200,1518.72,1,0,On Time,847,205,Overstocked,133,100.0
ORD101107,SUP001,Alpha Industrial Supplies,Chennai,P005,Hydraulic Pump,Hydraulics,WH001,Chennai Central Warehouse,2026-05-21,2026-05-22,2026-05-24,2026-05-24,320,4800,1536000,2642.13,2,0,On Time,928,211,Overstocked,296,100.0
ORD101108,SUP004,Delta Auto Parts,Pune,P009,Motor Coupling,Electrical,WH002,Coimbatore Distribution Center,2025-02-12,2025-02-15,2025-02-21,2025-02-21,118,980,115640,1360.97,6,0,On Time,1005,187,Overstocked,91,100.0
ORD101109,SUP008,Prime Mechanical Works,Salem,P002,Brake Pad Set,Automotive,WH003,Bengaluru Warehouse,2026-03-15,2026-03-17,2026-03-23,2026-03-23,322,780,251160,2759.41,6,0,On Time,516,285,Healthy,376,100.0
ORD101110,SUP002,Beta Components Ltd,Coimbatore,P014,Industrial Fan,Electrical,WH004,Pune Logistics Hub,2025-03-29,2025-03-31,2025-04-04,2025-04-04,345,3900,1345500,2327.88,4,0,On Time,584,165,Overstocked,207,100.0
ORD101111,SUP002,Beta Components Ltd,Coimbatore,P004,Drive Shaft,Automotive,WH001,Chennai Central Warehouse,2025-03-17,2025-03-20,2025-03-25,2025-03-25,440,3200,1408000,2438.35,5,0,On Time,1186,233,Overstocked,358,100.0
ORD101112,SUP004,Delta Auto Parts,Pune,P003,Bearing Assembly,Mechanical,WH003,Bengaluru Warehouse,2025-07-28,2025-07-30,2025-08-05,2025-08-05,461,540,248940,4827.19,6,0,On Time,745,298,Healthy,495,100.0
ORD101113,SUP005,Epsilon Engineering,Hyderabad,P010,Pressure Sensor,Electrical,WH004,Pune Logistics Hub,2025-08-27,2025-08-29,2025-09-02,2025-09-02,21,1450,30450,848.39,4,0,On Time,908,183,Overstocked,18,100.0
ORD101114,SUP008,Prime Mechanical Works,Salem,P009,Motor Coupling,Electrical,WH005,Hyderabad Warehouse,2026-04-12,2026-04-15,2026-04-18,2026-04-18,156,980,152880,2159.61,3,0,On Time,1064,267,Overstocked,146,100.0
ORD101115,SUP008,Prime Mechanical Works,Salem,P007,Steel Gear,Mechanical,WH001,Chennai Central Warehouse,2026-01-18,2026-01-19,2026-01-24,2026-01-24,278,1650,458700,2165.12,5,0,On Time,986,193,Overstocked,313,100.0
ORD101116,SUP001,Alpha Industrial Supplies,Chennai,P009,Motor Coupling,Electrical,WH005,Hyderabad Warehouse,2025-03-20,2025-03-22,2025-03-26,2025-03-26,167,980,163660,1735.41,4,0,On Time,860,196,Overstocked,158,100.0
ORD101117,SUP002,Beta Components Ltd,Coimbatore,P002,Brake Pad Set,Automotive,WH003,Bengaluru Warehouse,2025-11-15,2025-11-18,2025-11-23,2025-11-23,313,780,244140,2123.84,5,0,On Time,446,300,Healthy,495,100.0
ORD101118,SUP007,Omega Components,Delhi,P010,Pressure Sensor,Electrical,WH004,Pune Logistics Hub,2026-04-23,2026-04-24,2026-04-28,2026-04-28,429,1450,622050,2580.76,4,0,On Time,749,200,Overstocked,359,100.0
ORD101119,SUP003,Gamma Manufacturing,Bengaluru,P004,Drive Shaft,Automotive,WH001,Chennai Central Warehouse,2025-12-28,2025-12-29,2025-12-31,2025-12-31,136,3200,435200,1549.27,2,0,On Time,1267,238,Overstocked,118,100.0
ORD101120,SUP007,Omega Components,Delhi,P004,Drive Shaft,Automotive,WH003,Bengaluru Warehouse,2025-05-06,2025-05-08,2025-05-12,2025-05-12,448,3200,1433600,4813.96,4,0,On Time,1110,214,Overstocked,365,100.0
ORD101121,SUP006,Zeta Industrial Corp,Mumbai,P002,Brake Pad Set,Automotive,WH003,Bengaluru Warehouse,2025-03-12,2025-03-13,2025-03-18,2025-03-18,443,780,345540,4892.29,5,0,On Time,580,335,Healthy,532,100.0
ORD101122,SUP001,Alpha Industrial Supplies,Chennai,P005,Hydraulic Pump,Hydraulics,WH002,Coimbatore Distribution Center,2025-09-05,2025-09-06,2025-09-09,2025-09-16,458,4800,2198400,2629.2,3,7,Delayed,800,207,Overstocked,343,30.0
ORD101123,SUP007,Omega Components,Delhi,P005,Hydraulic Pump,Hydraulics,WH002,Coimbatore Distribution Center,2025-09-15,2025-09-16,2025-09-19,2025-09-19,46,4800,220800,1017.25,3,0,On Time,1299,176,Overstocked,34,100.0
ORD101124,SUP002,Beta Components Ltd,Coimbatore,P007,Steel Gear,Mechanical,WH003,Bengaluru Warehouse,2025-07-12,2025-07-15,2025-07-18,2025-07-18,153,1650,252450,1497.82,3,0,On Time,750,268,Overstocked,159,100.0
ORD101125,SUP004,Delta Auto Parts,Pune,P003,Bearing Assembly,Mechanical,WH003,Bengaluru Warehouse,2025-03-01,2025-03-02,2025-03-09,2025-03-09,70,540,37800,1310.6,7,0,On Time,964,297,Overstocked,68,100.0
ORD101126,SUP005,Epsilon Engineering,Hyderabad,P003,Bearing Assembly,Mechanical,WH001,Chennai Central Warehouse,2025-03-06,2025-03-09,2025-03-11,2025-03-13,69,540,37260,1025.08,2,2,Delayed,997,268,Overstocked,70,50.0
ORD101127,SUP004,Delta Auto Parts,Pune,P008,Timing Belt,Automotive,WH002,Coimbatore Distribution Center,2025-10-16,2025-10-18,2025-10-22,2025-10-22,36,620,22320,903.54,4,0,On Time,615,330,Healthy,51,100.0
ORD101128,SUP006,Zeta Industrial Corp,Mumbai,P002,Brake Pad Set,Automotive,WH001,Chennai Central Warehouse,2026-05-31,2026-06-03,2026-06-07,2026-06-07,226,780,176280,2621.39,4,0,On Time,930,320,Overstocked,318,100.0
ORD101129,SUP005,Epsilon Engineering,Hyderabad,P010,Pressure Sensor,Electrical,WH005,Hyderabad Warehouse,2025-11-23,2025-11-24,2025-11-30,2025-11-30,52,1450,75400,1229.05,6,0,On Time,1068,249,Overstocked,48,100.0
ORD101130,SUP008,Prime Mechanical Works,Salem,P014,Industrial Fan,Electrical,WH005,Hyderabad Warehouse,2025-08-28,2025-08-31,2025-09-06,2025-09-06,155,3900,604500,2135.55,6,0,On Time,1368,153,Overstocked,116,100.0
ORD101131,SUP008,Prime Mechanical Works,Salem,P006,Control Valve,Hydraulics,WH002,Coimbatore Distribution Center,2026-05-24,2026-05-26,2026-05-29,2026-05-29,491,2150,1055650,3037.54,3,0,On Time,238,291,Low,431,100.0
ORD101132,SUP004,Delta Auto Parts,Pune,P013,Air Filter,Maintenance,WH001,Chennai Central Warehouse,2026-01-12,2026-01-15,2026-01-22,2026-01-22,443,260,115180,3188.21,7,0,On Time,503,230,Healthy,556,100.0
ORD101133,SUP001,Alpha Industrial Supplies,Chennai,P001,Brake Disc,Automotive,WH001,Chennai Central Warehouse,2026-01-27,2026-01-30,2026-02-04,2026-02-11,470,1250,587500,3003.39,5,7,Delayed,475,227,Healthy,561,41.67
ORD101134,SUP006,Zeta Industrial Corp,Mumbai,P001,Brake Disc,Automotive,WH003,Bengaluru Warehouse,2025-11-11,2025-11-13,2025-11-16,2025-11-16,27,1250,33750,927.68,3,0,On Time,609,423,Healthy,42,100.0
ORD101135,SUP008,Prime Mechanical Works,Salem,P011,Clutch Plate,Automotive,WH005,Hyderabad Warehouse,2026-02-21,2026-02-24,2026-02-25,2026-02-25,334,2750,918500,3783.38,1,0,On Time,848,260,Overstocked,321,100.0
ORD101136,SUP003,Gamma Manufacturing,Bengaluru,P011,Clutch Plate,Automotive,WH003,Bengaluru Warehouse,2025-10-01,2025-10-02,2025-10-05,2025-10-05,321,2750,882750,2271.25,3,0,On Time,893,307,Overstocked,376,100.0
ORD101137,SUP004,Delta Auto Parts,Pune,P012,Oil Filter,Maintenance,WH001,Chennai Central Warehouse,2025-12-06,2025-12-08,2025-12-15,2025-12-15,75,310,23250,1344.09,7,0,On Time,715,359,Healthy,109,100.0
ORD101138,SUP004,Delta Auto Parts,Pune,P001,Brake Disc,Automotive,WH001,Chennai Central Warehouse,2025-12-03,2025-12-05,2025-12-12,2025-12-12,454,1250,567500,3490.13,7,0,On Time,527,427,Healthy,627,100.0
ORD101139,SUP001,Alpha Industrial Supplies,Chennai,P011,Clutch Plate,Automotive,WH001,Chennai Central Warehouse,2026-02-15,2026-02-18,2026-02-20,2026-02-20,208,2750,572000,2433.35,2,0,On Time,1044,211,Overstocked,219,100.0
ORD101140,SUP006,Zeta Industrial Corp,Mumbai,P006,Control Valve,Hydraulics,WH005,Hyderabad Warehouse,2026-05-06,2026-05-09,2026-05-16,2026-05-18,489,2150,1051350,2899.69,7,2,Delayed,1373,239,Overstocked,556,77.78
ORD101141,SUP003,Gamma Manufacturing,Bengaluru,P004,Drive Shaft,Automotive,WH003,Bengaluru Warehouse,2025-06-10,2025-06-13,2025-06-14,2025-06-14,65,3200,208000,1200.3,1,0,On Time,939,228,Overstocked,58,100.0
ORD101142,SUP007,Omega Components,Delhi,P002,Brake Pad Set,Automotive,WH003,Bengaluru Warehouse,2026-01-17,2026-01-20,2026-01-23,2026-01-23,329,780,256620,2010.81,3,0,On Time,553,269,Healthy,413,100.0
ORD101143,SUP007,Omega Components,Delhi,P015,Pneumatic Cylinder,Pneumatics,WH002,Coimbatore Distribution Center,2025-01-18,2025-01-21,2025-01-24,2025-01-24,74,1850,136900,1320.06,3,0,On Time,737,202,Overstocked,53,100.0
ORD101144,SUP007,Omega Components,Delhi,P001,Brake Disc,Automotive,WH005,Hyderabad Warehouse,2025-10-18,2025-10-21,2025-10-26,2025-10-26,476,1250,595000,2871.92,5,0,On Time,672,437,Healthy,708,100.0
ORD101145,SUP004,Delta Auto Parts,Pune,P012,Oil Filter,Maintenance,WH002,Coimbatore Distribution Center,2026-05-06,2026-05-08,2026-05-15,2026-05-21,308,310,95480,2444.43,7,6,Delayed,515,301,Healthy,426,53.85
ORD101146,SUP003,Gamma Manufacturing,Bengaluru,P009,Motor Coupling,Electrical,WH004,Pune Logistics Hub,2025-12-19,2025-12-20,2025-12-24,2025-12-24,47,980,46060,1168.69,4,0,On Time,363,211,Healthy,46,100.0
ORD101147,SUP006,Zeta Industrial Corp,Mumbai,P011,Clutch Plate,Automotive,WH005,Hyderabad Warehouse,2025-05-27,2025-05-30,2025-06-02,2025-06-02,115,2750,316250,1785.7,3,0,On Time,425,254,Healthy,140,100.0
ORD101148,SUP007,Omega Components,Delhi,P010,Pressure Sensor,Electrical,WH003,Bengaluru Warehouse,2025-11-28,2025-11-29,2025-12-03,2025-12-03,186,1450,269700,2161.82,4,0,On Time,1420,244,Overstocked,205,100.0
ORD101149,SUP004,Delta Auto Parts,Pune,P012,Oil Filter,Maintenance,WH005,Hyderabad Warehouse,2025-07-15,2025-07-16,2025-07-22,2025-07-22,16,310,4960,843.45,6,0,On Time,894,358,Healthy,24,100.0
ORD101150,SUP007,Omega Components,Delhi,P002,Brake Pad Set,Automotive,WH002,Coimbatore Distribution Center,2025-08-25,2025-08-28,2025-08-29,2025-08-29,14,780,10920,822.54,1,0,On Time,1030,375,Overstocked,19,100.0
ORD101151,SUP002,Beta Components Ltd,Coimbatore,P001,Brake Disc,Automotive,WH003,Bengaluru Warehouse,2025-05-05,2025-05-06,2025-05-08,2025-05-08,464,1250,580000,4336.41,2,0,On Time,731,358,Healthy,603,100.0
ORD101152,SUP007,Omega Components,Delhi,P008,Timing Belt,Automotive,WH001,Chennai Central Warehouse,2025-12-08,2025-12-09,2025-12-13,2025-12-13,491,620,304420,3385.0,4,0,On Time,485,405,Healthy,718,100.0
ORD101153,SUP001,Alpha Industrial Supplies,Chennai,P005,Hydraulic Pump,Hydraulics,WH003,Bengaluru Warehouse,2025-04-19,2025-04-21,2025-04-24,2025-04-26,273,4800,1310400,1921.31,3,2,Delayed,970,169,Overstocked,190,60.0
ORD101154,SUP002,Beta Components Ltd,Coimbatore,P002,Brake Pad Set,Automotive,WH001,Chennai Central Warehouse,2025-08-31,2025-09-02,2025-09-04,2025-09-10,453,780,353340,3413.03,2,6,Delayed,360,268,Healthy,637,25.0
ORD101155,SUP004,Delta Auto Parts,Pune,P002,Brake Pad Set,Automotive,WH001,Chennai Central Warehouse,2026-05-28,2026-05-29,2026-06-03,2026-06-05,331,780,258180,1952.91,5,2,Delayed,351,288,Healthy,368,71.43
ORD101156,SUP001,Alpha Industrial Supplies,Chennai,P005,Hydraulic Pump,Hydraulics,WH001,Chennai Central Warehouse,2026-02-18,2026-02-20,2026-02-24,2026-02-24,23,4800,110400,902.41,4,0,On Time,1229,190,Overstocked,17,100.0
ORD101157,SUP001,Alpha Industrial Supplies,Chennai,P001,Brake Disc,Automotive,WH002,Coimbatore Distribution Center,2025-08-15,2025-08-16,2025-08-19,2025-08-19,360,1250,450000,3023.97,3,0,On Time,763,276,Overstocked,506,100.0
ORD101158,SUP001,Alpha Industrial Supplies,Chennai,P001,Brake Disc,Automotive,WH003,Bengaluru Warehouse,2026-06-14,2026-06-15,2026-06-17,2026-06-17,18,1250,22500,828.52,2,0,On Time,1119,293,Overstocked,22,100.0
ORD101159,SUP004,Delta Auto Parts,Pune,P013,Air Filter,Maintenance,WH002,Coimbatore Distribution Center,2025-01-08,2025-01-09,2025-01-17,2025-01-17,410,260,106600,4066.7,8,0,On Time,685,255,Overstocked,400,100.0
ORD101160,SUP007,Omega Components,Delhi,P004,Drive Shaft,Automotive,WH002,Coimbatore Distribution Center,2026-06-09,2026-06-12,2026-06-16,2026-06-16,190,3200,608000,2222.24,4,0,On Time,559,200,Overstocked,168,100.0
ORD101161,SUP001,Alpha Industrial Supplies,Chennai,P015,Pneumatic Cylinder,Pneumatics,WH005,Hyderabad Warehouse,2025-07-12,2025-07-14,2025-07-17,2025-07-17,79,1850,146150,1345.88,3,0,On Time,923,228,Overstocked,65,100.0
ORD101162,SUP005,Epsilon Engineering,Hyderabad,P014,Industrial Fan,Electrical,WH005,Hyderabad Warehouse,2026-03-25,2026-03-28,2026-04-01,2026-04-09,136,3900,530400,2090.22,4,8,Delayed,1140,187,Overstocked,98,33.33
ORD101163,SUP007,Omega Components,Delhi,P002,Brake Pad Set,Automotive,WH001,Chennai Central Warehouse,2026-06-02,2026-06-03,2026-06-07,2026-06-07,345,780,269100,2470.16,4,0,On Time,594,273,Healthy,421,100.0
ORD101164,SUP002,Beta Components Ltd,Coimbatore,P010,Pressure Sensor,Electrical,WH002,Coimbatore Distribution Center,2025-11-25,2025-11-28,2025-12-01,2025-12-01,425,1450,616250,2940.47,3,0,On Time,1126,249,Overstocked,414,100.0
ORD101165,SUP002,Beta Components Ltd,Coimbatore,P009,Motor Coupling,Electrical,WH003,Bengaluru Warehouse,2025-11-30,2025-12-03,2025-12-07,2025-12-07,290,980,284200,2175.24,4,0,On Time,567,222,Overstocked,303,100.0
ORD101166,SUP007,Omega Components,Delhi,P010,Pressure Sensor,Electrical,WH004,Pune Logistics Hub,2026-02-14,2026-02-16,2026-02-18,2026-02-18,88,1450,127600,1414.04,2,0,On Time,990,156,Overstocked,58,100.0
ORD101167,SUP007,Omega Components,Delhi,P001,Brake Disc,Automotive,WH002,Coimbatore Distribution Center,2025-05-11,2025-05-14,2025-05-17,2025-05-19,451,1250,563750,2911.11,3,2,Delayed,787,300,Overstocked,565,60.0
ORD101168,SUP004,Delta Auto Parts,Pune,P002,Brake Pad Set,Automotive,WH004,Pune Logistics Hub,2025-04-08,2025-04-10,2025-04-14,2025-04-14,398,780,310440,4661.99,4,0,On Time,928,318,Overstocked,556,100.0
ORD101169,SUP007,Omega Components,Delhi,P001,Brake Disc,Automotive,WH001,Chennai Central Warehouse,2025-07-07,2025-07-09,2025-07-11,2025-07-11,211,1250,263750,1808.71,2,0,On Time,750,322,Healthy,289,100.0
ORD101170,SUP001,Alpha Industrial Supplies,Chennai,P009,Motor Coupling,Electrical,WH002,Coimbatore Distribution Center,2025-09-19,2025-09-22,2025-09-27,2025-09-28,282,980,276360,2567.73,5,1,Delayed,1209,257,Overstocked,314,83.33
ORD101171,SUP004,Delta Auto Parts,Pune,P015,Pneumatic Cylinder,Pneumatics,WH004,Pune Logistics Hub,2026-02-10,2026-02-12,2026-02-18,2026-02-18,483,1850,893550,4459.77,6,0,On Time,762,219,Overstocked,367,100.0
ORD101172,SUP006,Zeta Industrial Corp,Mumbai,P010,Pressure Sensor,Electrical,WH003,Bengaluru Warehouse,2025-05-21,2025-05-23,2025-05-28,2025-05-28,195,1450,282750,1836.84,5,0,On Time,956,180,Overstocked,155,100.0
ORD101173,SUP003,Gamma Manufacturing,Bengaluru,P010,Pressure Sensor,Electrical,WH004,Pune Logistics Hub,2025-11-05,2025-11-08,2025-11-09,2025-11-09,22,1450,31900,954.71,1,0,On Time,1370,271,Overstocked,19,100.0
ORD101174,SUP006,Zeta Industrial Corp,Mumbai,P015,Pneumatic Cylinder,Pneumatics,WH001,Chennai Central Warehouse,2025-01-02,2025-01-04,2025-01-08,2025-01-08,81,1850,149850,1354.03,4,0,On Time,548,212,Overstocked,65,100.0
ORD101175,SUP004,Delta Auto Parts,Pune,P010,Pressure Sensor,Electrical,WH001,Chennai Central Warehouse,2025-01-17,2025-01-18,2025-01-24,2025-01-24,304,1450,440800,3055.55,6,0,On Time,921,149,Overstocked,199,100.0
ORD101176,SUP006,Zeta Industrial Corp,Mumbai,P001,Brake Disc,Automotive,WH001,Chennai Central Warehouse,2026-06-12,2026-06-15,2026-06-20,2026-06-20,499,1250,623750,4132.03,5,0,On Time,933,317,Overstocked,595,100.0
ORD101177,SUP004,Delta Auto Parts,Pune,P012,Oil Filter,Maintenance,WH001,Chennai Central Warehouse,2026-04-10,2026-04-13,2026-04-16,2026-04-19,373,310,115630,2960.56,3,3,Delayed,608,260,Healthy,525,50.0
ORD101178,SUP003,Gamma Manufacturing,Bengaluru,P005,Hydraulic Pump,Hydraulics,WH001,Chennai Central Warehouse,2026-04-17,2026-04-18,2026-04-21,2026-04-21,313,4800,1502400,2716.02,3,0,On Time,1027,156,Overstocked,222,100.0
ORD101179,SUP002,Beta Components Ltd,Coimbatore,P001,Brake Disc,Automotive,WH003,Bengaluru Warehouse,2025-06-29,2025-07-02,2025-07-06,2025-07-06,168,1250,210000,2123.04,4,0,On Time,621,307,Healthy,239,100.0
ORD101180,SUP002,Beta Components Ltd,Coimbatore,P007,Steel Gear,Mechanical,WH003,Bengaluru Warehouse,2025-10-08,2025-10-09,2025-10-15,2025-10-15,225,1650,371250,2099.76,6,0,On Time,841,266,Overstocked,285,100.0
ORD101181,SUP006,Zeta Industrial Corp,Mumbai,P014,Industrial Fan,Electrical,WH003,Bengaluru Warehouse,2026-01-04,2026-01-05,2026-01-09,2026-01-09,28,3900,109200,1011.59,4,0,On Time,1776,178,Overstocked,18,100.0
ORD101182,SUP001,Alpha Industrial Supplies,Chennai,P003,Bearing Assembly,Mechanical,WH002,Coimbatore Distribution Center,2025-05-19,2025-05-22,2025-05-23,2025-05-23,192,540,103680,1593.72,1,0,On Time,960,342,Overstocked,220,100.0
ORD101183,SUP001,Alpha Industrial Supplies,Chennai,P007,Steel Gear,Mechanical,WH001,Chennai Central Warehouse,2026-02-11,2026-02-13,2026-02-15,2026-02-15,316,1650,521400,3020.36,2,0,On Time,813,244,Overstocked,324,100.0
ORD101184,SUP002,Beta Components Ltd,Coimbatore,P002,Brake Pad Set,Automotive,WH004,Pune Logistics Hub,2026-01-14,2026-01-16,2026-01-19,2026-01-19,454,780,354120,2862.66,3,0,On Time,860,308,Overstocked,497,100.0
ORD101185,SUP002,Beta Components Ltd,Coimbatore,P001,Brake Disc,Automotive,WH001,Chennai Central Warehouse,2025-08-11,2025-08-13,2025-08-18,2025-08-18,462,1250,577500,4873.05,5,0,On Time,757,397,Healthy,538,100.0
ORD101186,SUP007,Omega Components,Delhi,P001,Brake Disc,Automotive,WH005,Hyderabad Warehouse,2025-08-26,2025-08-27,2025-08-28,2025-08-28,413,1250,516250,2750.38,1,0,On Time,839,310,Overstocked,516,100.0
ORD101187,SUP004,Delta Auto Parts,Pune,P011,Clutch Plate,Automotive,WH001,Chennai Central Warehouse,2025-06-17,2025-06-20,2025-06-25,2025-06-25,20,2750,55000,856.29,5,0,On Time,562,276,Healthy,19,100.0
ORD101188,SUP008,Prime Mechanical Works,Salem,P012,Oil Filter,Maintenance,WH003,Bengaluru Warehouse,2026-03-15,2026-03-16,2026-03-22,2026-03-22,408,310,126480,2868.08,6,0,On Time,1028,339,Overstocked,524,100.0
ORD101189,SUP002,Beta Components Ltd,Coimbatore,P002,Brake Pad Set,Automotive,WH005,Hyderabad Warehouse,2026-06-23,2026-06-26,2026-06-30,2026-06-30,117,780,91260,1396.77,4,0,On Time,730,391,Healthy,169,100.0
ORD101190,SUP005,Epsilon Engineering,Hyderabad,P004,Drive Shaft,Automotive,WH003,Bengaluru Warehouse,2026-06-30,2026-07-03,2026-07-08,2026-07-08,312,3200,998400,2573.2,5,0,On Time,101,248,Critical,303,100.0
ORD101191,SUP004,Delta Auto Parts,Pune,P003,Bearing Assembly,Mechanical,WH003,Bengaluru Warehouse,2026-02-26,2026-02-27,2026-03-03,2026-03-10,474,540,255960,4593.25,4,7,Delayed,1195,197,Overstocked,441,36.36
ORD101192,SUP004,Delta Auto Parts,Pune,P001,Brake Disc,Automotive,WH004,Pune Logistics Hub,2025-07-10,2025-07-12,2025-07-16,2025-07-16,445,1250,556250,3104.79,4,0,On Time,608,345,Healthy,505,100.0
ORD101193,SUP007,Omega Components,Delhi,P008,Timing Belt,Automotive,WH001,Chennai Central Warehouse,2026-03-03,2026-03-04,2026-03-09,2026-03-09,336,620,208320,2385.37,5,0,On Time,626,255,Healthy,359,100.0
ORD101194,SUP008,Prime Mechanical Works,Salem,P010,Pressure Sensor,Electrical,WH004,Pune Logistics Hub,2025-05-14,2025-05-16,2025-05-21,2025-05-21,156,1450,226200,1476.57,5,0,On Time,759,187,Overstocked,154,100.0
ORD101195,SUP007,Omega Components,Delhi,P009,Motor Coupling,Electrical,WH005,Hyderabad Warehouse,2026-05-05,2026-05-07,2026-05-10,2026-05-10,265,980,259700,2347.75,3,0,On Time,1040,242,Overstocked,243,100.0
ORD101196,SUP002,Beta Components Ltd,Coimbatore,P006,Control Valve,Hydraulics,WH005,Hyderabad Warehouse,2025-05-26,2025-05-27,2025-05-30,2025-05-30,355,2150,763250,4308.49,3,0,On Time,609,273,Healthy,357,100.0
ORD101197,SUP002,Beta Components Ltd,Coimbatore,P008,Timing Belt,Automotive,WH002,Coimbatore Distribution Center,2025-08-08,2025-08-11,2025-08-15,2025-08-15,262,620,162440,2245.25,4,0,On Time,556,257,Healthy,286,100.0
ORD101198,SUP005,Epsilon Engineering,Hyderabad,P001,Brake Disc,Automotive,WH002,Coimbatore Distribution Center,2025-02-20,2025-02-23,2025-02-26,2025-02-26,208,1250,260000,2434.39,3,0,On Time,530,256,Healthy,260,100.0
ORD101199,SUP003,Gamma Manufacturing,Bengaluru,P002,Brake Pad Set,Automotive,WH004,Pune Logistics Hub,2025-02-14,2025-02-15,2025-02-19,2025-02-19,207,780,161460,2215.8,4,0,On Time,572,296,Healthy,225,100.0
ORD101200,SUP006,Zeta Industrial Corp,Mumbai,P014,Industrial Fan,Electrical,WH003,Bengaluru Warehouse,2025-08-04,2025-08-07,2025-08-15,2025-08-15,304,3900,1185600,2833.83,8,0,On Time,1086,141,Overstocked,184,100.0
ORD101201,SUP005,Epsilon Engineering,Hyderabad,P011,Clutch Plate,Automotive,WH002,Coimbatore Distribution Center,2025-10-28,2025-10-31,2025-11-05,2025-11-12,27,2750,74250,1021.01,5,7,Delayed,1037,334,Overstocked,32,41.67
ORD101202,SUP005,Epsilon Engineering,Hyderabad,P013,Air Filter,Maintenance,WH001,Chennai Central Warehouse,2025-01-10,2025-01-12,2025-01-15,2025-01-15,500,260,130000,2532.55,3,0,On Time,805,261,Overstocked,581,100.0
ORD101203,SUP007,Omega Components,Delhi,P013,Air Filter,Maintenance,WH001,Chennai Central Warehouse,2026-04-08,2026-04-11,2026-04-12,2026-04-12,60,260,15600,1201.12,1,0,On Time,835,306,Overstocked,72,100.0
ORD101204,SUP006,Zeta Industrial Corp,Mumbai,P009,Motor Coupling,Electrical,WH002,Coimbatore Distribution Center,2025-03-04,2025-03-05,2025-03-08,2025-03-08,493,980,483140,3927.18,3,0,On Time,1080,177,Overstocked,506,100.0
ORD101205,SUP001,Alpha Industrial Supplies,Chennai,P013,Air Filter,Maintenance,WH001,Chennai Central Warehouse,2026-06-30,2026-07-03,2026-07-08,2026-07-08,27,260,7020,854.16,5,0,On Time,716,380,Healthy,39,100.0
ORD101206,SUP001,Alpha Industrial Supplies,Chennai,P006,Control Valve,Hydraulics,WH001,Chennai Central Warehouse,2025-05-29,2025-06-01,2025-06-03,2025-06-03,261,2150,561150,2961.19,2,0,On Time,594,297,Healthy,269,100.0
ORD101207,SUP005,Epsilon Engineering,Hyderabad,P001,Brake Disc,Automotive,WH001,Chennai Central Warehouse,2025-07-26,2025-07-28,2025-08-01,2025-08-01,215,1250,268750,1869.91,4,0,On Time,1084,269,Overstocked,313,100.0
ORD101208,SUP004,Delta Auto Parts,Pune,P001,Brake Disc,Automotive,WH005,Hyderabad Warehouse,2025-03-29,2025-04-01,2025-04-07,2025-04-07,291,1250,363750,3685.81,6,0,On Time,854,328,Overstocked,398,100.0
ORD101209,SUP003,Gamma Manufacturing,Bengaluru,P002,Brake Pad Set,Automotive,WH001,Chennai Central Warehouse,2026-03-27,2026-03-30,2026-04-04,2026-04-04,222,780,173160,2633.97,5,0,On Time,1085,332,Overstocked,256,100.0
ORD101210,SUP004,Delta Auto Parts,Pune,P001,Brake Disc,Automotive,WH001,Chennai Central Warehouse,2026-02-04,2026-02-07,2026-02-12,2026-02-17,450,1250,562500,2961.84,5,5,Delayed,912,231,Overstocked,560,50.0
ORD101211,SUP006,Zeta Industrial Corp,Mumbai,P005,Hydraulic Pump,Hydraulics,WH002,Coimbatore Distribution Center,2025-02-12,2025-02-14,2025-02-18,2025-02-18,18,4800,86400,983.12,4,0,On Time,916,174,Overstocked,12,100.0
ORD101212,SUP007,Omega Components,Delhi,P010,Pressure Sensor,Electrical,WH002,Coimbatore Distribution Center,2025-02-27,2025-03-02,2025-03-05,2025-03-09,493,1450,714850,4882.07,3,4,Delayed,229,208,Healthy,367,42.86
ORD101213,SUP005,Epsilon Engineering,Hyderabad,P012,Oil Filter,Maintenance,WH005,Hyderabad Warehouse,2025-11-29,2025-12-01,2025-12-04,2025-12-04,348,310,107880,2535.69,3,0,On Time,374,397,Low,569,100.0
ORD101214,SUP003,Gamma Manufacturing,Bengaluru,P008,Timing Belt,Automotive,WH005,Hyderabad Warehouse,2026-04-18,2026-04-20,2026-04-22,2026-04-22,392,620,243040,4116.34,2,0,On Time,838,361,Healthy,530,100.0
ORD101215,SUP003,Gamma Manufacturing,Bengaluru,P002,Brake Pad Set,Automotive,WH002,Coimbatore Distribution Center,2025-03-01,2025-03-02,2025-03-05,2025-03-05,78,780,60840,1069.16,3,0,On Time,652,231,Overstocked,105,100.0
ORD101216,SUP004,Delta Auto Parts,Pune,P011,Clutch Plate,Automotive,WH002,Coimbatore Distribution Center,2025-05-01,2025-05-02,2025-05-08,2025-05-08,42,2750,115500,972.85,6,0,On Time,698,314,Healthy,43,100.0
ORD101217,SUP003,Gamma Manufacturing,Bengaluru,P005,Hydraulic Pump,Hydraulics,WH002,Coimbatore Distribution Center,2025-10-25,2025-10-28,2025-11-03,2025-11-03,204,4800,979200,2224.82,6,0,On Time,192,263,Low,188,100.0
ORD101218,SUP005,Epsilon Engineering,Hyderabad,P001,Brake Disc,Automotive,WH001,Chennai Central Warehouse,2025-03-01,2025-03-03,2025-03-08,2025-03-08,168,1250,210000,2016.46,5,0,On Time,677,256,Overstocked,218,100.0
ORD101219,SUP006,Zeta Industrial Corp,Mumbai,P004,Drive Shaft,Automotive,WH002,Coimbatore Distribution Center,2025-06-16,2025-06-18,2025-06-24,2025-06-24,394,3200,1260800,3919.4,6,0,On Time,651,211,Overstocked,394,100.0
ORD101220,SUP001,Alpha Industrial Supplies,Chennai,P005,Hydraulic Pump,Hydraulics,WH001,Chennai Central Warehouse,2025-01-06,2025-01-09,2025-01-11,2025-01-11,450,4800,2160000,3860.25,2,0,On Time,863,183,Overstocked,316,100.0
ORD101221,SUP001,Alpha Industrial Supplies,Chennai,P004,Drive Shaft,Automotive,WH001,Chennai Central Warehouse,2025-09-30,2025-10-01,2025-10-05,2025-10-05,219,3200,700800,1849.73,4,0,On Time,1360,253,Overstocked,175,100.0
ORD101222,SUP002,Beta Components Ltd,Coimbatore,P012,Oil Filter,Maintenance,WH003,Bengaluru Warehouse,2026-01-26,2026-01-27,2026-01-30,2026-01-30,387,310,119970,3174.07,3,0,On Time,432,254,Healthy,435,100.0
ORD101223,SUP007,Omega Components,Delhi,P011,Clutch Plate,Automotive,WH001,Chennai Central Warehouse,2025-08-13,2025-08-14,2025-08-18,2025-08-18,39,2750,107250,934.55,4,0,On Time,589,239,Healthy,36,100.0
ORD101224,SUP005,Epsilon Engineering,Hyderabad,P010,Pressure Sensor,Electrical,WH001,Chennai Central Warehouse,2025-05-21,2025-05-22,2025-05-27,2025-06-01,374,1450,542300,2594.73,5,5,Delayed,1127,240,Overstocked,284,50.0
ORD101225,SUP002,Beta Components Ltd,Coimbatore,P002,Brake Pad Set,Automotive,WH003,Bengaluru Warehouse,2025-08-20,2025-08-22,2025-08-26,2025-08-26,58,780,45240,1050.75,4,0,On Time,912,297,Overstocked,69,100.0
ORD101226,SUP007,Omega Components,Delhi,P012,Oil Filter,Maintenance,WH002,Coimbatore Distribution Center,2025-10-06,2025-10-09,2025-10-15,2025-10-15,337,310,104470,3111.51,6,0,On Time,540,392,Healthy,455,100.0
ORD101227,SUP004,Delta Auto Parts,Pune,P010,Pressure Sensor,Electrical,WH001,Chennai Central Warehouse,2025-04-01,2025-04-02,2025-04-09,2025-04-09,197,1450,285650,1645.54,7,0,On Time,1576,210,Overstocked,184,100.0
ORD101228,SUP004,Delta Auto Parts,Pune,P003,Bearing Assembly,Mechanical,WH001,Chennai Central Warehouse,2025-03-02,2025-03-04,2025-03-11,2025-03-11,213,540,115020,1515.93,7,0,On Time,447,327,Healthy,225,100.0
ORD101229,SUP008,Prime Mechanical Works,Salem,P009,Motor Coupling,Electrical,WH001,Chennai Central Warehouse,2025-04-10,2025-04-11,2025-04-16,2025-04-19,145,980,142100,1781.84,5,3,Delayed,492,192,Overstocked,132,62.5
ORD101230,SUP001,Alpha Industrial Supplies,Chennai,P007,Steel Gear,Mechanical,WH001,Chennai Central Warehouse,2026-06-22,2026-06-25,2026-07-01,2026-07-01,207,1650,341550,1509.83,6,0,On Time,399,346,Healthy,262,100.0
ORD101231,SUP002,Beta Components Ltd,Coimbatore,P007,Steel Gear,Mechanical,WH004,Pune Logistics Hub,2026-01-30,2026-02-01,2026-02-03,2026-02-03,439,1650,724350,5402.49,2,0,On Time,329,250,Healthy,412,100.0
ORD101232,SUP005,Epsilon Engineering,Hyderabad,P002,Brake Pad Set,Automotive,WH005,Hyderabad Warehouse,2025-03-10,2025-03-11,2025-03-17,2025-03-17,407,780,317460,3259.97,6,0,On Time,757,347,Healthy,520,100.0
ORD101233,SUP002,Beta Components Ltd,Coimbatore,P008,Timing Belt,Automotive,WH002,Coimbatore Distribution Center,2025-06-14,2025-06-16,2025-06-19,2025-06-19,177,620,109740,1366.38,3,0,On Time,465,265,Healthy,257,100.0
ORD101234,SUP006,Zeta Industrial Corp,Mumbai,P001,Brake Disc,Automotive,WH002,Coimbatore Distribution Center,2025-08-13,2025-08-15,2025-08-19,2025-08-19,154,1250,192500,2075.32,4,0,On Time,347,344,Healthy,195,100.0
ORD101235,SUP002,Beta Components Ltd,Coimbatore,P002,Brake Pad Set,Automotive,WH004,Pune Logistics Hub,2025-04-09,2025-04-12,2025-04-17,2025-04-17,259,780,202020,2841.2,5,0,On Time,712,355,Healthy,324,100.0
ORD101236,SUP001,Alpha Industrial Supplies,Chennai,P002,Brake Pad Set,Automotive,WH003,Bengaluru Warehouse,2026-04-11,2026-04-12,2026-04-17,2026-04-17,346,780,269880,3769.2,5,0,On Time,901,348,Overstocked,413,100.0
ORD101237,SUP002,Beta Components Ltd,Coimbatore,P014,Industrial Fan,Electrical,WH001,Chennai Central Warehouse,2026-05-29,2026-06-01,2026-06-04,2026-06-04,99,3900,386100,1374.72,3,0,On Time,1760,132,Overstocked,68,100.0
ORD101238,SUP004,Delta Auto Parts,Pune,P004,Drive Shaft,Automotive,WH001,Chennai Central Warehouse,2025-05-14,2025-05-17,2025-05-22,2025-05-22,366,3200,1171200,2813.23,5,0,On Time,1369,206,Overstocked,324,100.0
ORD101239,SUP002,Beta Components Ltd,Coimbatore,P005,Hydraulic Pump,Hydraulics,WH002,Coimbatore Distribution Center,2025-01-10,2025-01-11,2025-01-15,2025-01-15,475,4800,2280000,4408.85,4,0,On Time,753,143,Overstocked,323,100.0
ORD101240,SUP002,Beta Components Ltd,Coimbatore,P005,Hydraulic Pump,Hydraulics,WH003,Bengaluru Warehouse,2025-05-26,2025-05-29,2025-06-02,2025-06-02,424,4800,2035200,3438.01,4,0,On Time,1236,166,Overstocked,340,100.0
ORD101241,SUP007,Omega Components,Delhi,P013,Air Filter,Maintenance,WH001,Chennai Central Warehouse,2025-11-15,2025-11-18,2025-11-22,2025-11-22,279,260,72540,2537.33,4,0,On Time,860,384,Healthy,401,100.0
ORD101242,SUP003,Gamma Manufacturing,Bengaluru,P008,Timing Belt,Automotive,WH002,Coimbatore Distribution Center,2026-03-18,2026-03-20,2026-03-27,2026-03-27,167,620,103540,1602.72,7,0,On Time,579,348,Healthy,169,100.0
ORD101243,SUP003,Gamma Manufacturing,Bengaluru,P013,Air Filter,Maintenance,WH002,Coimbatore Distribution Center,2025-07-05,2025-07-06,2025-07-10,2025-07-10,168,260,43680,1649.04,4,0,On Time,742,307,Healthy,179,100.0
ORD101244,SUP001,Alpha Industrial Supplies,Chennai,P004,Drive Shaft,Automotive,WH002,Coimbatore Distribution Center,2025-05-30,2025-06-01,2025-06-04,2025-06-04,374,3200,1196800,2292.74,3,0,On Time,595,172,Overstocked,327,100.0
ORD101245,SUP003,Gamma Manufacturing,Bengaluru,P002,Brake Pad Set,Automotive,WH003,Bengaluru Warehouse,2025-05-16,2025-05-18,2025-05-19,2025-05-19,233,780,181740,2711.57,1,0,On Time,562,279,Healthy,257,100.0
ORD101246,SUP003,Gamma Manufacturing,Bengaluru,P008,Timing Belt,Automotive,WH003,Bengaluru Warehouse,2025-01-02,2025-01-03,2025-01-06,2025-01-06,62,620,38440,1083.44,3,0,On Time,809,258,Overstocked,74,100.0
ORD101247,SUP005,Epsilon Engineering,Hyderabad,P005,Hydraulic Pump,Hydraulics,WH003,Bengaluru Warehouse,2025-01-08,2025-01-10,2025-01-13,2025-01-18,342,4800,1641600,4118.31,3,5,Delayed,1696,144,Overstocked,273,37.5
ORD101248,SUP002,Beta Components Ltd,Coimbatore,P012,Oil Filter,Maintenance,WH001,Chennai Central Warehouse,2025-08-22,2025-08-25,2025-08-30,2025-09-07,77,310,23870,1083.62,5,8,Delayed,902,390,Healthy,114,38.46
ORD101249,SUP007,Omega Components,Delhi,P013,Air Filter,Maintenance,WH001,Chennai Central Warehouse,2025-12-04,2025-12-06,2025-12-10,2025-12-10,494,260,128440,3727.22,4,0,On Time,900,277,Overstocked,617,100.0
ORD101250,SUP008,Prime Mechanical Works,Salem,P007,Steel Gear,Mechanical,WH004,Pune Logistics Hub,2025-01-07,2025-01-10,2025-01-14,2025-01-14,214,1650,353100,2071.95,4,0,On Time,742,202,Overstocked,210,100.0
ORD101251,SUP001,Alpha Industrial Supplies,Chennai,P015,Pneumatic Cylinder,Pneumatics,WH003,Bengaluru Warehouse,2025-04-20,2025-04-21,2025-04-27,2025-04-27,177,1850,327450,2151.64,6,0,On Time,975,240,Overstocked,165,100.0
ORD101252,SUP001,Alpha Industrial Supplies,Chennai,P008,Timing Belt,Automotive,WH001,Chennai Central Warehouse,2026-05-12,2026-05-15,2026-05-18,2026-05-18,37,620,22940,1011.11,3,0,On Time,377,257,Healthy,50,100.0
ORD101253,SUP001,Alpha Industrial Supplies,Chennai,P004,Drive Shaft,Automotive,WH002,Coimbatore Distribution Center,2026-06-25,2026-06-27,2026-06-30,2026-06-30,92,3200,294400,1334.8,3,0,On Time,733,209,Overstocked,94,100.0
ORD101254,SUP005,Epsilon Engineering,Hyderabad,P007,Steel Gear,Mechanical,WH004,Pune Logistics Hub,2025-12-17,2025-12-18,2025-12-23,2025-12-23,475,1650,783750,3880.78,5,0,On Time,532,296,Healthy,572,100.0
ORD101255,SUP002,Beta Components Ltd,Coimbatore,P001,Brake Disc,Automotive,WH004,Pune Logistics Hub,2025-10-12,2025-10-15,2025-10-20,2025-10-20,273,1250,341250,3230.71,5,0,On Time,722,290,Healthy,372,100.0
ORD101256,SUP007,Omega Components,Delhi,P012,Oil Filter,Maintenance,WH005,Hyderabad Warehouse,2025-11-15,2025-11-17,2025-11-22,2025-11-22,452,310,140120,3078.03,5,0,On Time,824,406,Healthy,704,100.0
ORD101257,SUP006,Zeta Industrial Corp,Mumbai,P002,Brake Pad Set,Automotive,WH003,Bengaluru Warehouse,2025-07-22,2025-07-24,2025-07-29,2025-07-29,479,780,373620,4294.91,5,0,On Time,880,299,Overstocked,667,100.0
ORD101258,SUP007,Omega Components,Delhi,P004,Drive Shaft,Automotive,WH002,Coimbatore Distribution Center,2025-04-21,2025-04-22,2025-04-26,2025-04-26,34,3200,108800,1083.51,4,0,On Time,1406,221,Overstocked,30,100.0
ORD101259,SUP004,Delta Auto Parts,Pune,P008,Timing Belt,Automotive,WH002,Coimbatore Distribution Center,2025-07-25,2025-07-28,2025-08-02,2025-08-02,196,620,121520,1747.87,5,0,On Time,702,258,Overstocked,264,100.0
ORD101260,SUP008,Prime Mechanical Works,Salem,P001,Brake Disc,Automotive,WH001,Chennai Central Warehouse,2026-01-18,2026-01-19,2026-01-25,2026-01-26,421,1250,526250,3727.03,6,1,Delayed,460,270,Healthy,534,85.71
ORD101261,SUP001,Alpha Industrial Supplies,Chennai,P001,Brake Disc,Automotive,WH003,Bengaluru Warehouse,2025-12-28,2025-12-29,2026-01-03,2026-01-03,253,1250,316250,2848.76,5,0,On Time,669,376,Healthy,414,100.0
ORD101262,SUP004,Delta Auto Parts,Pune,P010,Pressure Sensor,Electrical,WH003,Bengaluru Warehouse,2026-01-05,2026-01-06,2026-01-13,2026-01-13,259,1450,375550,1906.34,7,0,On Time,809,146,Overstocked,197,100.0
ORD101263,SUP003,Gamma Manufacturing,Bengaluru,P001,Brake Disc,Automotive,WH001,Chennai Central Warehouse,2025-11-29,2025-12-01,2025-12-02,2025-12-02,289,1250,361250,2241.44,1,0,On Time,827,313,Overstocked,513,100.0
ORD101264,SUP008,Prime Mechanical Works,Salem,P007,Steel Gear,Mechanical,WH005,Hyderabad Warehouse,2025-02-03,2025-02-04,2025-02-07,2025-02-11,354,1650,584100,3092.84,3,4,Delayed,686,212,Overstocked,382,42.86
ORD101265,SUP005,Epsilon Engineering,Hyderabad,P005,Hydraulic Pump,Hydraulics,WH002,Coimbatore Distribution Center,2025-12-09,2025-12-12,2025-12-17,2025-12-17,470,4800,2256000,4652.09,5,0,On Time,1044,172,Overstocked,447,100.0
ORD101266,SUP007,Omega Components,Delhi,P003,Bearing Assembly,Mechanical,WH001,Chennai Central Warehouse,2026-04-26,2026-04-27,2026-04-28,2026-04-28,445,540,240300,3657.48,1,0,On Time,949,222,Overstocked,582,100.0
ORD101267,SUP002,Beta Components Ltd,Coimbatore,P002,Brake Pad Set,Automotive,WH002,Coimbatore Distribution Center,2025-12-21,2025-12-24,2025-12-29,2025-12-30,316,780,246480,2690.8,5,1,Delayed,510,412,Healthy,439,83.33
ORD101268,SUP008,Prime Mechanical Works,Salem,P011,Clutch Plate,Automotive,WH005,Hyderabad Warehouse,2025-11-13,2025-11-16,2025-11-22,2025-11-22,293,2750,805750,2502.91,6,0,On Time,1077,298,Overstocked,393,100.0
ORD101269,SUP004,Delta Auto Parts,Pune,P014,Industrial Fan,Electrical,WH005,Hyderabad Warehouse,2025-05-03,2025-05-06,2025-05-11,2025-05-11,187,3900,729300,1507.09,5,0,On Time,699,174,Overstocked,133,100.0
ORD101270,SUP004,Delta Auto Parts,Pune,P002,Brake Pad Set,Automotive,WH003,Bengaluru Warehouse,2026-03-09,2026-03-10,2026-03-15,2026-03-19,67,780,52260,978.24,5,4,Delayed,780,259,Overstocked,87,55.56
ORD101271,SUP008,Prime Mechanical Works,Salem,P014,Industrial Fan,Electrical,WH005,Hyderabad Warehouse,2025-09-04,2025-09-05,2025-09-08,2025-09-08,358,3900,1396200,2837.94,3,0,On Time,1220,135,Overstocked,276,100.0
ORD101272,SUP003,Gamma Manufacturing,Bengaluru,P008,Timing Belt,Automotive,WH005,Hyderabad Warehouse,2025-05-24,2025-05-27,2025-05-29,2025-05-29,11,620,6820,763.83,2,0,On Time,881,347,Overstocked,15,100.0
ORD101273,SUP004,Delta Auto Parts,Pune,P009,Motor Coupling,Electrical,WH004,Pune Logistics Hub,2025-09-25,2025-09-27,2025-10-02,2025-10-02,352,980,344960,2490.04,5,0,On Time,461,266,Healthy,341,100.0
ORD101274,SUP005,Epsilon Engineering,Hyderabad,P010,Pressure Sensor,Electrical,WH005,Hyderabad Warehouse,2025-03-08,2025-03-11,2025-03-14,2025-03-14,253,1450,366850,2698.19,3,0,On Time,506,238,Healthy,220,100.0
ORD101275,SUP002,Beta Components Ltd,Coimbatore,P010,Pressure Sensor,Electrical,WH002,Coimbatore Distribution Center,2026-05-21,2026-05-22,2026-05-25,2026-05-28,396,1450,574200,3568.41,3,3,Delayed,1262,164,Overstocked,381,50.0
ORD101276,SUP003,Gamma Manufacturing,Bengaluru,P012,Oil Filter,Maintenance,WH004,Pune Logistics Hub,2026-01-19,2026-01-21,2026-01-24,2026-01-24,476,310,147560,2851.38,3,0,On Time,509,251,Healthy,612,100.0
ORD101277,SUP002,Beta Components Ltd,Coimbatore,P007,Steel Gear,Mechanical,WH003,Bengaluru Warehouse,2025-06-28,2025-06-29,2025-07-03,2025-07-03,281,1650,463650,2817.23,4,0,On Time,785,315,Healthy,326,100.0
ORD101278,SUP001,Alpha Industrial Supplies,Chennai,P008,Timing Belt,Automotive,WH004,Pune Logistics Hub,2026-03-10,2026-03-12,2026-03-18,2026-03-18,291,620,180420,2213.74,6,0,On Time,503,265,Healthy,380,100.0
ORD101279,SUP007,Omega Components,Delhi,P005,Hydraulic Pump,Hydraulics,WH001,Chennai Central Warehouse,2025-01-30,2025-01-31,2025-02-03,2025-02-03,249,4800,1195200,2255.13,3,0,On Time,1474,139,Overstocked,192,100.0
ORD101280,SUP005,Epsilon Engineering,Hyderabad,P002,Brake Pad Set,Automotive,WH004,Pune Logistics Hub,2025-07-30,2025-08-02,2025-08-07,2025-08-07,193,780,150540,2781.9,5,0,On Time,695,274,Overstocked,236,100.0
ORD101281,SUP003,Gamma Manufacturing,Bengaluru,P009,Motor Coupling,Electrical,WH005,Hyderabad Warehouse,2025-12-22,2025-12-24,2025-12-26,2025-12-26,53,980,51940,1099.68,2,0,On Time,980,204,Overstocked,56,100.0
ORD101282,SUP004,Delta Auto Parts,Pune,P001,Brake Disc,Automotive,WH002,Coimbatore Distribution Center,2025-01-13,2025-01-14,2025-01-19,2025-01-19,25,1250,31250,845.54,5,0,On Time,398,335,Healthy,31,100.0
ORD101283,SUP004,Delta Auto Parts,Pune,P004,Drive Shaft,Automotive,WH005,Hyderabad Warehouse,2026-01-22,2026-01-24,2026-01-27,2026-01-27,364,3200,1164800,3036.37,3,0,On Time,1190,217,Overstocked,292,100.0
ORD101284,SUP005,Epsilon Engineering,Hyderabad,P001,Brake Disc,Automotive,WH002,Coimbatore Distribution Center,2026-03-23,2026-03-25,2026-03-27,2026-03-27,459,1250,573750,4202.36,2,0,On Time,436,324,Healthy,541,100.0
ORD101285,SUP008,Prime Mechanical Works,Salem,P003,Bearing Assembly,Mechanical,WH001,Chennai Central Warehouse,2025-11-21,2025-11-24,2025-11-27,2025-11-27,36,540,19440,877.93,3,0,On Time,605,317,Healthy,46,100.0
ORD101286,SUP008,Prime Mechanical Works,Salem,P009,Motor Coupling,Electrical,WH001,Chennai Central Warehouse,2025-04-23,2025-04-25,2025-04-30,2025-04-30,170,980,166600,2213.03,5,0,On Time,520,259,Healthy,179,100.0
ORD101287,SUP004,Delta Auto Parts,Pune,P009,Motor Coupling,Electrical,WH004,Pune Logistics Hub,2026-02-14,2026-02-16,2026-02-23,2026-03-02,308,980,301840,2881.46,7,7,Delayed,800,214,Overstocked,288,50.0
ORD101288,SUP003,Gamma Manufacturing,Bengaluru,P006,Control Valve,Hydraulics,WH003,Bengaluru Warehouse,2025-07-05,2025-07-08,2025-07-09,2025-07-09,356,2150,765400,2181.07,1,0,On Time,1208,271,Overstocked,338,100.0
ORD101289,SUP004,Delta Auto Parts,Pune,P001,Brake Disc,Automotive,WH002,Coimbatore Distribution Center,2026-02-06,2026-02-08,2026-02-13,2026-02-13,371,1250,463750,3245.1,5,0,On Time,696,282,Healthy,480,100.0
ORD101290,SUP005,Epsilon Engineering,Hyderabad,P007,Steel Gear,Mechanical,WH003,Bengaluru Warehouse,2025-12-10,2025-12-13,2025-12-16,2025-12-16,350,1650,577500,3539.62,3,0,On Time,692,357,Healthy,419,100.0
ORD101291,SUP004,Delta Auto Parts,Pune,P005,Hydraulic Pump,Hydraulics,WH002,Coimbatore Distribution Center,2025-02-21,2025-02-24,2025-03-01,2025-03-01,51,4800,244800,1182.21,5,0,On Time,1118,152,Overstocked,32,100.0
ORD101292,SUP005,Epsilon Engineering,Hyderabad,P011,Clutch Plate,Automotive,WH002,Coimbatore Distribution Center,2025-02-24,2025-02-27,2025-03-04,2025-03-04,134,2750,368500,1983.72,5,0,On Time,837,235,Overstocked,132,100.0
ORD101293,SUP005,Epsilon Engineering,Hyderabad,P008,Timing Belt,Automotive,WH005,Hyderabad Warehouse,2025-01-09,2025-01-12,2025-01-16,2025-01-16,240,620,148800,3049.87,4,0,On Time,708,312,Healthy,232,100.0
ORD101294,SUP003,Gamma Manufacturing,Bengaluru,P007,Steel Gear,Mechanical,WH004,Pune Logistics Hub,2025-02-09,2025-02-12,2025-02-15,2025-02-15,41,1650,67650,956.97,3,0,On Time,765,278,Overstocked,35,100.0
ORD101295,SUP003,Gamma Manufacturing,Bengaluru,P007,Steel Gear,Mechanical,WH004,Pune Logistics Hub,2025-06-13,2025-06-15,2025-06-20,2025-06-20,178,1650,293700,1594.24,5,0,On Time,475,346,Healthy,237,100.0
ORD101296,SUP003,Gamma Manufacturing,Bengaluru,P014,Industrial Fan,Electrical,WH003,Bengaluru Warehouse,2025-01-15,2025-01-17,2025-01-21,2025-01-21,199,3900,776100,1896.94,4,0,On Time,1354,143,Overstocked,124,100.0
ORD101297,SUP001,Alpha Industrial Supplies,Chennai,P011,Clutch Plate,Automotive,WH005,Hyderabad Warehouse,2026-05-28,2026-05-29,2026-06-01,2026-06-09,490,2750,1347500,4654.85,3,8,Delayed,345,287,Healthy,492,27.27
ORD101298,SUP002,Beta Components Ltd,Coimbatore,P007,Steel Gear,Mechanical,WH002,Coimbatore Distribution Center,2026-05-16,2026-05-19,2026-05-23,2026-05-30,165,1650,272250,1920.35,4,7,Delayed,917,250,Overstocked,186,36.36
ORD101299,SUP006,Zeta Industrial Corp,Mumbai,P007,Steel Gear,Mechanical,WH002,Coimbatore Distribution Center,2025-04-05,2025-04-08,2025-04-12,2025-04-12,486,1650,801900,3311.26,4,0,On Time,491,287,Healthy,548,100.0
ORD101300,SUP003,Gamma Manufacturing,Bengaluru,P001,Brake Disc,Automotive,WH001,Chennai Central Warehouse,2025-06-20,2025-06-23,2025-06-27,2025-06-27,353,1250,441250,3830.39,4,0,On Time,944,292,Overstocked,515,100.0
ORD101301,SUP002,Beta Components Ltd,Coimbatore,P014,Industrial Fan,Electrical,WH003,Bengaluru Warehouse,2026-02-10,2026-02-13,2026-02-18,2026-02-18,349,3900,1361100,2735.16,5,0,On Time,254,140,Healthy,199,100.0
ORD101302,SUP005,Epsilon Engineering,Hyderabad,P004,Drive Shaft,Automotive,WH003,Bengaluru Warehouse,2025-12-27,2025-12-29,2026-01-01,2026-01-01,412,3200,1318400,4359.66,3,0,On Time,1649,268,Overstocked,366,100.0
ORD101303,SUP006,Zeta Industrial Corp,Mumbai,P003,Bearing Assembly,Mechanical,WH004,Pune Logistics Hub,2025-11-14,2025-11-15,2025-11-20,2025-11-25,423,540,228420,4813.25,5,5,Delayed,317,383,Low,590,50.0
ORD101304,SUP003,Gamma Manufacturing,Bengaluru,P015,Pneumatic Cylinder,Pneumatics,WH002,Coimbatore Distribution Center,2026-06-25,2026-06-28,2026-07-01,2026-07-01,119,1850,220150,1253.42,3,0,On Time,576,232,Healthy,118,100.0
ORD101305,SUP007,Omega Components,Delhi,P010,Pressure Sensor,Electrical,WH001,Chennai Central Warehouse,2025-12-10,2025-12-13,2025-12-17,2025-12-17,216,1450,313200,1782.55,4,0,On Time,1167,188,Overstocked,224,100.0
ORD101306,SUP008,Prime Mechanical Works,Salem,P001,Brake Disc,Automotive,WH003,Bengaluru Warehouse,2026-01-01,2026-01-04,2026-01-09,2026-01-09,269,1250,336250,2103.65,5,0,On Time,819,276,Overstocked,309,100.0
ORD101307,SUP005,Epsilon Engineering,Hyderabad,P001,Brake Disc,Automotive,WH005,Hyderabad Warehouse,2025-10-02,2025-10-04,2025-10-09,2025-10-09,489,1250,611250,5548.48,5,0,On Time,593,300,Healthy,802,100.0
ORD101308,SUP006,Zeta Industrial Corp,Mumbai,P001,Brake Disc,Automotive,WH002,Coimbatore Distribution Center,2025-10-14,2025-10-16,2025-10-20,2025-10-20,29,1250,36250,913.22,4,0,On Time,838,288,Overstocked,49,100.0
ORD101309,SUP001,Alpha Industrial Supplies,Chennai,P008,Timing Belt,Automotive,WH001,Chennai Central Warehouse,2025-06-08,2025-06-09,2025-06-14,2025-06-14,244,620,151280,2701.28,5,0,On Time,531,383,Healthy,307,100.0
ORD101310,SUP008,Prime Mechanical Works,Salem,P001,Brake Disc,Automotive,WH002,Coimbatore Distribution Center,2025-10-12,2025-10-13,2025-10-16,2025-10-16,115,1250,143750,1452.97,3,0,On Time,562,358,Healthy,146,100.0
ORD101311,SUP004,Delta Auto Parts,Pune,P014,Industrial Fan,Electrical,WH002,Coimbatore Distribution Center,2026-05-17,2026-05-20,2026-05-24,2026-05-31,111,3900,432900,1553.8,4,7,Delayed,1121,139,Overstocked,80,36.36
ORD101312,SUP008,Prime Mechanical Works,Salem,P014,Industrial Fan,Electrical,WH002,Coimbatore Distribution Center,2025-07-25,2025-07-26,2025-07-27,2025-07-27,384,3900,1497600,4167.93,1,0,On Time,1025,180,Overstocked,288,100.0
ORD101313,SUP005,Epsilon Engineering,Hyderabad,P008,Timing Belt,Automotive,WH002,Coimbatore Distribution Center,2025-03-14,2025-03-15,2025-03-19,2025-03-19,109,620,67580,1394.3,4,0,On Time,249,231,Healthy,111,100.0
ORD101314,SUP001,Alpha Industrial Supplies,Chennai,P009,Motor Coupling,Electrical,WH003,Bengaluru Warehouse,2025-11-24,2025-11-27,2025-11-30,2025-11-30,399,980,391020,4051.23,3,0,On Time,937,261,Overstocked,408,100.0
ORD101315,SUP001,Alpha Industrial Supplies,Chennai,P004,Drive Shaft,Automotive,WH002,Coimbatore Distribution Center,2026-03-05,2026-03-07,2026-03-11,2026-03-11,498,3200,1593600,3840.85,4,0,On Time,974,171,Overstocked,419,100.0
ORD101316,SUP006,Zeta Industrial Corp,Mumbai,P001,Brake Disc,Automotive,WH002,Coimbatore Distribution Center,2026-06-08,2026-06-09,2026-06-11,2026-06-11,391,1250,488750,2380.84,2,0,On Time,878,288,Overstocked,598,100.0
ORD101317,SUP005,Epsilon Engineering,Hyderabad,P011,Clutch Plate,Automotive,WH001,Chennai Central Warehouse,2025-10-24,2025-10-26,2025-10-29,2025-10-29,93,2750,255750,1099.82,3,0,On Time,490,292,Healthy,96,100.0
ORD101318,SUP001,Alpha Industrial Supplies,Chennai,P002,Brake Pad Set,Automotive,WH005,Hyderabad Warehouse,2026-03-07,2026-03-09,2026-03-13,2026-03-13,79,780,61620,1136.86,4,0,On Time,538,322,Healthy,91,100.0
ORD101319,SUP006,Zeta Industrial Corp,Mumbai,P001,Brake Disc,Automotive,WH002,Coimbatore Distribution Center,2025-05-17,2025-05-18,2025-05-22,2025-05-22,224,1250,280000,2504.36,4,0,On Time,904,327,Overstocked,279,100.0
ORD101320,SUP007,Omega Components,Delhi,P004,Drive Shaft,Automotive,WH002,Coimbatore Distribution Center,2025-08-20,2025-08-22,2025-08-26,2025-08-26,280,3200,896000,2421.22,4,0,On Time,1110,237,Overstocked,271,100.0
ORD101321,SUP004,Delta Auto Parts,Pune,P001,Brake Disc,Automotive,WH001,Chennai Central Warehouse,2025-08-17,2025-08-19,2025-08-24,2025-08-24,392,1250,490000,3090.11,5,0,On Time,803,385,Healthy,548,100.0
ORD101322,SUP004,Delta Auto Parts,Pune,P007,Steel Gear,Mechanical,WH003,Bengaluru Warehouse,2025-07-01,2025-07-04,2025-07-09,2025-07-09,217,1650,358050,1719.16,5,0,On Time,930,301,Overstocked,233,100.0
ORD101323,SUP001,Alpha Industrial Supplies,Chennai,P010,Pressure Sensor,Electrical,WH005,Hyderabad Warehouse,2026-01-27,2026-01-28,2026-02-01,2026-02-01,92,1450,133400,1464.41,4,0,On Time,1176,224,Overstocked,78,100.0
ORD101324,SUP007,Omega Components,Delhi,P012,Oil Filter,Maintenance,WH001,Chennai Central Warehouse,2026-04-28,2026-05-01,2026-05-05,2026-05-05,496,310,153760,4631.04,4,0,On Time,1046,399,Overstocked,685,100.0
ORD101325,SUP003,Gamma Manufacturing,Bengaluru,P009,Motor Coupling,Electrical,WH001,Chennai Central Warehouse,2025-06-28,2025-06-29,2025-07-02,2025-07-05,454,980,444920,3861.78,3,3,Delayed,973,283,Overstocked,514,50.0
ORD101326,SUP007,Omega Components,Delhi,P012,Oil Filter,Maintenance,WH001,Chennai Central Warehouse,2025-03-16,2025-03-19,2025-03-21,2025-03-21,331,310,102610,3658.36,2,0,On Time,436,287,Healthy,397,100.0
ORD101327,SUP003,Gamma Manufacturing,Bengaluru,P006,Control Valve,Hydraulics,WH003,Bengaluru Warehouse,2026-03-27,2026-03-30,2026-04-01,2026-04-01,351,2150,754650,2168.27,2,0,On Time,1083,197,Overstocked,286,100.0
ORD101328,SUP005,Epsilon Engineering,Hyderabad,P012,Oil Filter,Maintenance,WH005,Hyderabad Warehouse,2026-04-09,2026-04-11,2026-04-16,2026-04-17,469,310,145390,2639.62,5,1,Delayed,511,368,Healthy,626,83.33
ORD101329,SUP003,Gamma Manufacturing,Bengaluru,P007,Steel Gear,Mechanical,WH002,Coimbatore Distribution Center,2026-05-26,2026-05-27,2026-05-29,2026-05-29,243,1650,400950,2345.76,2,0,On Time,743,320,Healthy,251,100.0
ORD101330,SUP002,Beta Components Ltd,Coimbatore,P003,Bearing Assembly,Mechanical,WH002,Coimbatore Distribution Center,2025-05-20,2025-05-21,2025-05-25,2025-05-25,81,540,43740,1141.08,4,0,On Time,826,333,Healthy,106,100.0
ORD101331,SUP007,Omega Components,Delhi,P014,Industrial Fan,Electrical,WH004,Pune Logistics Hub,2026-01-28,2026-01-30,2026-02-02,2026-02-02,307,3900,1197300,3525.5,3,0,On Time,852,160,Overstocked,191,100.0
ORD101332,SUP004,Delta Auto Parts,Pune,P004,Drive Shaft,Automotive,WH004,Pune Logistics Hub,2026-01-26,2026-01-29,2026-02-03,2026-02-03,231,3200,739200,2939.7,5,0,On Time,789,213,Overstocked,164,100.0
ORD101333,SUP004,Delta Auto Parts,Pune,P001,Brake Disc,Automotive,WH002,Coimbatore Distribution Center,2026-03-08,2026-03-11,2026-03-15,2026-03-20,402,1250,502500,2462.58,4,5,Delayed,749,334,Healthy,544,44.44
ORD101334,SUP008,Prime Mechanical Works,Salem,P003,Bearing Assembly,Mechanical,WH001,Chennai Central Warehouse,2026-03-17,2026-03-18,2026-03-20,2026-03-20,388,540,209520,4030.85,2,0,On Time,633,289,Healthy,430,100.0
ORD101335,SUP008,Prime Mechanical Works,Salem,P005,Hydraulic Pump,Hydraulics,WH002,Coimbatore Distribution Center,2026-06-05,2026-06-06,2026-06-11,2026-06-11,241,4800,1156800,1748.53,5,0,On Time,1425,162,Overstocked,203,100.0
ORD101336,SUP007,Omega Components,Delhi,P005,Hydraulic Pump,Hydraulics,WH004,Pune Logistics Hub,2025-09-18,2025-09-20,2025-09-24,2025-09-24,190,4800,912000,2521.35,4,0,On Time,683,197,Overstocked,142,100.0
ORD101337,SUP002,Beta Components Ltd,Coimbatore,P008,Timing Belt,Automotive,WH004,Pune Logistics Hub,2025-02-11,2025-02-13,2025-02-15,2025-02-15,217,620,134540,2172.72,2,0,On Time,434,208,Healthy,271,100.0
ORD101338,SUP005,Epsilon Engineering,Hyderabad,P013,Air Filter,Maintenance,WH004,Pune Logistics Hub,2025-04-15,2025-04-18,2025-04-23,2025-04-23,320,260,83200,3462.57,5,0,On Time,1074,239,Overstocked,405,100.0
ORD101339,SUP007,Omega Components,Delhi,P004,Drive Shaft,Automotive,WH004,Pune Logistics Hub,2026-04-30,2026-05-03,2026-05-07,2026-05-07,322,3200,1030400,2354.29,4,0,On Time,470,209,Healthy,299,100.0
ORD101340,SUP003,Gamma Manufacturing,Bengaluru,P008,Timing Belt,Automotive,WH002,Coimbatore Distribution Center,2026-04-07,2026-04-09,2026-04-13,2026-04-13,261,620,161820,3092.68,4,0,On Time,680,239,Overstocked,349,100.0
ORD101341,SUP001,Alpha Industrial Supplies,Chennai,P005,Hydraulic Pump,Hydraulics,WH002,Coimbatore Distribution Center,2025-01-07,2025-01-09,2025-01-12,2025-01-12,271,4800,1300800,3334.22,3,0,On Time,1738,207,Overstocked,193,100.0
ORD101342,SUP007,Omega Components,Delhi,P012,Oil Filter,Maintenance,WH001,Chennai Central Warehouse,2025-07-20,2025-07-22,2025-07-24,2025-07-24,497,310,154070,3868.12,2,0,On Time,648,319,Healthy,568,100.0
ORD101343,SUP004,Delta Auto Parts,Pune,P002,Brake Pad Set,Automotive,WH005,Hyderabad Warehouse,2025-05-14,2025-05-16,2025-05-22,2025-05-22,134,780,104520,1679.91,6,0,On Time,983,345,Overstocked,182,100.0
ORD101344,SUP005,Epsilon Engineering,Hyderabad,P002,Brake Pad Set,Automotive,WH003,Bengaluru Warehouse,2025-06-25,2025-06-28,2025-07-02,2025-07-02,95,780,74100,1445.37,4,0,On Time,861,274,Overstocked,112,100.0
ORD101345,SUP008,Prime Mechanical Works,Salem,P007,Steel Gear,Mechanical,WH002,Coimbatore Distribution Center,2025-12-15,2025-12-16,2025-12-21,2025-12-21,402,1650,663300,3583.97,5,0,On Time,769,342,Healthy,553,100.0
ORD101346,SUP005,Epsilon Engineering,Hyderabad,P010,Pressure Sensor,Electrical,WH001,Chennai Central Warehouse,2025-10-06,2025-10-09,2025-10-13,2025-10-13,469,1450,680050,3785.35,4,0,On Time,1017,228,Overstocked,409,100.0
ORD101347,SUP004,Delta Auto Parts,Pune,P012,Oil Filter,Maintenance,WH004,Pune Logistics Hub,2025-09-20,2025-09-23,2025-09-27,2025-09-27,308,310,95480,3202.69,4,0,On Time,176,358,Critical,423,100.0
ORD101348,SUP003,Gamma Manufacturing,Bengaluru,P008,Timing Belt,Automotive,WH004,Pune Logistics Hub,2025-08-26,2025-08-28,2025-09-01,2025-09-04,207,620,128340,2755.81,4,3,Delayed,576,326,Healthy,263,57.14
ORD101349,SUP004,Delta Auto Parts,Pune,P011,Clutch Plate,Automotive,WH004,Pune Logistics Hub,2025-12-17,2025-12-19,2025-12-25,2025-12-25,181,2750,497750,2259.32,6,0,On Time,817,285,Overstocked,208,100.0
ORD101350,SUP001,Alpha Industrial Supplies,Chennai,P006,Control Valve,Hydraulics,WH001,Chennai Central Warehouse,2026-01-08,2026-01-10,2026-01-14,2026-01-14,239,2150,513850,1871.06,4,0,On Time,963,226,Overstocked,226,100.0
ORD101351,SUP007,Omega Components,Delhi,P001,Brake Disc,Automotive,WH005,Hyderabad Warehouse,2025-01-24,2025-01-27,2025-01-30,2025-01-30,35,1250,43750,1084.27,3,0,On Time,1185,322,Overstocked,45,100.0
ORD101352,SUP007,Omega Components,Delhi,P002,Brake Pad Set,Automotive,WH004,Pune Logistics Hub,2025-03-16,2025-03-17,2025-03-22,2025-03-22,269,780,209820,2229.85,5,0,On Time,691,334,Healthy,348,100.0
ORD101353,SUP003,Gamma Manufacturing,Bengaluru,P001,Brake Disc,Automotive,WH003,Bengaluru Warehouse,2025-07-06,2025-07-08,2025-07-10,2025-07-10,142,1250,177500,1401.94,2,0,On Time,821,286,Overstocked,205,100.0
ORD101354,SUP003,Gamma Manufacturing,Bengaluru,P005,Hydraulic Pump,Hydraulics,WH003,Bengaluru Warehouse,2025-08-26,2025-08-28,2025-09-02,2025-09-02,140,4800,672000,2258.28,5,0,On Time,1568,232,Overstocked,110,100.0
ORD101355,SUP007,Omega Components,Delhi,P007,Steel Gear,Mechanical,WH005,Hyderabad Warehouse,2026-06-28,2026-07-01,2026-07-03,2026-07-03,285,1650,470250,2287.26,2,0,On Time,917,267,Overstocked,339,100.0
ORD101356,SUP001,Alpha Industrial Supplies,Chennai,P005,Hydraulic Pump,Hydraulics,WH005,Hyderabad Warehouse,2026-05-02,2026-05-03,2026-05-08,2026-05-08,483,4800,2318400,3062.54,5,0,On Time,1059,177,Overstocked,435,100.0
ORD101357,SUP004,Delta Auto Parts,Pune,P008,Timing Belt,Automotive,WH003,Bengaluru Warehouse,2025-12-21,2025-12-22,2025-12-29,2026-01-06,111,620,68820,1521.13,7,8,Delayed,701,302,Healthy,141,46.67
ORD101358,SUP004,Delta Auto Parts,Pune,P007,Steel Gear,Mechanical,WH002,Coimbatore Distribution Center,2025-01-20,2025-01-22,2025-01-27,2025-01-27,457,1650,754050,4589.2,5,0,On Time,682,227,Overstocked,421,100.0
ORD101359,SUP006,Zeta Industrial Corp,Mumbai,P010,Pressure Sensor,Electrical,WH002,Coimbatore Distribution Center,2025-02-24,2025-02-26,2025-03-05,2025-03-05,265,1450,384250,1799.27,7,0,On Time,1160,164,Overstocked,166,100.0
ORD101360,SUP002,Beta Components Ltd,Coimbatore,P009,Motor Coupling,Electrical,WH004,Pune Logistics Hub,2025-09-07,2025-09-10,2025-09-15,2025-09-15,487,980,477260,4335.29,5,0,On Time,796,280,Overstocked,517,100.0
ORD101361,SUP006,Zeta Industrial Corp,Mumbai,P004,Drive Shaft,Automotive,WH003,Bengaluru Warehouse,2025-11-17,2025-11-18,2025-11-22,2025-11-22,197,3200,630400,1592.31,4,0,On Time,1281,251,Overstocked,208,100.0
ORD101362,SUP003,Gamma Manufacturing,Bengaluru,P005,Hydraulic Pump,Hydraulics,WH001,Chennai Central Warehouse,2025-12-27,2025-12-28,2025-12-31,2025-12-31,499,4800,2395200,3792.92,3,0,On Time,757,256,Overstocked,402,100.0
ORD101363,SUP005,Epsilon Engineering,Hyderabad,P008,Timing Belt,Automotive,WH001,Chennai Central Warehouse,2025-03-19,2025-03-21,2025-03-27,2025-03-27,334,620,207080,2513.8,6,0,On Time,755,232,Overstocked,350,100.0
ORD101364,SUP001,Alpha Industrial Supplies,Chennai,P008,Timing Belt,Automotive,WH005,Hyderabad Warehouse,2026-04-30,2026-05-02,2026-05-07,2026-05-07,338,620,209560,2374.97,5,0,On Time,1047,318,Overstocked,361,100.0
ORD101365,SUP004,Delta Auto Parts,Pune,P004,Drive Shaft,Automotive,WH005,Hyderabad Warehouse,2025-09-27,2025-09-28,2025-10-02,2025-10-02,286,3200,915200,3612.81,4,0,On Time,946,175,Overstocked,251,100.0
ORD101366,SUP004,Delta Auto Parts,Pune,P005,Hydraulic Pump,Hydraulics,WH005,Hyderabad Warehouse,2025-11-21,2025-11-22,2025-11-27,2025-12-03,231,4800,1108800,2615.58,5,6,Delayed,1751,224,Overstocked,197,45.45
ORD101367,SUP002,Beta Components Ltd,Coimbatore,P010,Pressure Sensor,Electrical,WH002,Coimbatore Distribution Center,2025-01-22,2025-01-24,2025-01-28,2025-01-28,267,1450,387150,3011.38,4,0,On Time,1066,175,Overstocked,221,100.0
ORD101368,SUP002,Beta Components Ltd,Coimbatore,P009,Motor Coupling,Electrical,WH004,Pune Logistics Hub,2026-03-27,2026-03-28,2026-03-31,2026-03-31,427,980,418460,5060.99,3,0,On Time,828,238,Overstocked,436,100.0
ORD101369,SUP002,Beta Components Ltd,Coimbatore,P002,Brake Pad Set,Automotive,WH004,Pune Logistics Hub,2025-10-24,2025-10-27,2025-11-03,2025-11-03,399,780,311220,4849.38,7,0,On Time,657,384,Healthy,612,100.0
ORD101370,SUP003,Gamma Manufacturing,Bengaluru,P007,Steel Gear,Mechanical,WH002,Coimbatore Distribution Center,2025-05-02,2025-05-03,2025-05-06,2025-05-06,21,1650,34650,929.52,3,0,On Time,692,243,Overstocked,26,100.0
ORD101371,SUP001,Alpha Industrial Supplies,Chennai,P013,Air Filter,Maintenance,WH001,Chennai Central Warehouse,2025-06-24,2025-06-27,2025-06-30,2025-06-30,351,260,91260,2529.62,3,0,On Time,257,270,Low,519,100.0
ORD101372,SUP008,Prime Mechanical Works,Salem,P001,Brake Disc,Automotive,WH005,Hyderabad Warehouse,2025-07-12,2025-07-13,2025-07-19,2025-07-19,419,1250,523750,4624.98,6,0,On Time,843,302,Overstocked,578,100.0
ORD101373,SUP004,Delta Auto Parts,Pune,P012,Oil Filter,Maintenance,WH001,Chennai Central Warehouse,2025-01-15,2025-01-17,2025-01-22,2025-01-22,375,310,116250,3096.49,5,0,On Time,1126,265,Overstocked,472,100.0
ORD101374,SUP007,Omega Components,Delhi,P002,Brake Pad Set,Automotive,WH003,Bengaluru Warehouse,2026-05-30,2026-06-02,2026-06-06,2026-06-06,254,780,198120,2121.32,4,0,On Time,820,342,Healthy,360,100.0
ORD101375,SUP008,Prime Mechanical Works,Salem,P007,Steel Gear,Mechanical,WH003,Bengaluru Warehouse,2026-03-15,2026-03-17,2026-03-19,2026-03-19,174,1650,287100,1820.65,2,0,On Time,954,258,Overstocked,186,100.0
ORD101376,SUP001,Alpha Industrial Supplies,Chennai,P006,Control Valve,Hydraulics,WH004,Pune Logistics Hub,2026-04-29,2026-05-02,2026-05-05,2026-05-05,340,2150,731000,2871.52,3,0,On Time,751,280,Overstocked,332,100.0
ORD101377,SUP005,Epsilon Engineering,Hyderabad,P001,Brake Disc,Automotive,WH002,Coimbatore Distribution Center,2025-07-13,2025-07-14,2025-07-19,2025-07-19,335,1250,418750,2861.15,5,0,On Time,895,384,Healthy,371,100.0
ORD101378,SUP007,Omega Components,Delhi,P013,Air Filter,Maintenance,WH004,Pune Logistics Hub,2025-11-01,2025-11-04,2025-11-09,2025-11-09,193,260,50180,2509.02,5,0,On Time,651,331,Healthy,289,100.0
ORD101379,SUP005,Epsilon Engineering,Hyderabad,P007,Steel Gear,Mechanical,WH001,Chennai Central Warehouse,2025-09-08,2025-09-09,2025-09-12,2025-09-12,209,1650,344850,2040.28,3,0,On Time,881,335,Overstocked,270,100.0
ORD101380,SUP004,Delta Auto Parts,Pune,P014,Industrial Fan,Electrical,WH004,Pune Logistics Hub,2025-09-17,2025-09-19,2025-09-23,2025-09-27,190,3900,741000,1957.33,4,4,Delayed,566,197,Overstocked,144,50.0
ORD101381,SUP004,Delta Auto Parts,Pune,P004,Drive Shaft,Automotive,WH001,Chennai Central Warehouse,2025-11-18,2025-11-19,2025-11-25,2025-12-01,32,3200,102400,880.86,6,6,Delayed,877,204,Overstocked,31,50.0
ORD101382,SUP001,Alpha Industrial Supplies,Chennai,P012,Oil Filter,Maintenance,WH004,Pune Logistics Hub,2025-09-04,2025-09-07,2025-09-10,2025-09-10,25,310,7750,958.17,3,0,On Time,654,403,Healthy,37,100.0
ORD101383,SUP004,Delta Auto Parts,Pune,P013,Air Filter,Maintenance,WH004,Pune Logistics Hub,2026-02-27,2026-02-28,2026-03-05,2026-03-05,50,260,13000,1050.74,5,0,On Time,857,256,Overstocked,58,100.0
ORD101384,SUP008,Prime Mechanical Works,Salem,P008,Timing Belt,Automotive,WH001,Chennai Central Warehouse,2025-02-02,2025-02-05,2025-02-11,2025-02-11,218,620,135160,2012.75,6,0,On Time,942,290,Overstocked,255,100.0
ORD101385,SUP008,Prime Mechanical Works,Salem,P003,Bearing Assembly,Mechanical,WH001,Chennai Central Warehouse,2025-04-16,2025-04-18,2025-04-22,2025-04-24,260,540,140400,2723.21,4,2,Delayed,371,308,Healthy,300,66.67
ORD101386,SUP001,Alpha Industrial Supplies,Chennai,P010,Pressure Sensor,Electrical,WH004,Pune Logistics Hub,2026-05-03,2026-05-05,2026-05-06,2026-05-06,210,1450,304500,2787.67,1,0,On Time,487,248,Healthy,174,100.0
ORD101387,SUP006,Zeta Industrial Corp,Mumbai,P008,Timing Belt,Automotive,WH001,Chennai Central Warehouse,2026-04-27,2026-04-29,2026-05-02,2026-05-07,478,620,296360,3739.97,3,5,Delayed,859,338,Overstocked,574,37.5
ORD101388,SUP003,Gamma Manufacturing,Bengaluru,P014,Industrial Fan,Electrical,WH001,Chennai Central Warehouse,2026-03-23,2026-03-24,2026-03-27,2026-03-27,120,3900,468000,1673.06,3,0,On Time,986,182,Overstocked,88,100.0
ORD101389,SUP008,Prime Mechanical Works,Salem,P007,Steel Gear,Mechanical,WH002,Coimbatore Distribution Center,2025-07-21,2025-07-22,2025-07-24,2025-07-24,202,1650,333300,1774.67,2,0,On Time,998,242,Overstocked,197,100.0
ORD101390,SUP001,Alpha Industrial Supplies,Chennai,P003,Bearing Assembly,Mechanical,WH005,Hyderabad Warehouse,2025-09-07,2025-09-10,2025-09-13,2025-09-13,131,540,70740,2022.9,3,0,On Time,344,359,Low,176,100.0
ORD101391,SUP008,Prime Mechanical Works,Salem,P002,Brake Pad Set,Automotive,WH003,Bengaluru Warehouse,2025-01-14,2025-01-17,2025-01-20,2025-01-20,157,780,122460,1866.99,3,0,On Time,685,299,Healthy,163,100.0
ORD101392,SUP007,Omega Components,Delhi,P010,Pressure Sensor,Electrical,WH002,Coimbatore Distribution Center,2025-06-02,2025-06-05,2025-06-10,2025-06-14,296,1450,429200,3053.92,5,4,Delayed,1000,246,Overstocked,303,55.56
ORD101393,SUP001,Alpha Industrial Supplies,Chennai,P015,Pneumatic Cylinder,Pneumatics,WH005,Hyderabad Warehouse,2026-02-01,2026-02-03,2026-02-09,2026-02-09,162,1850,299700,1525.08,6,0,On Time,1114,222,Overstocked,125,100.0
ORD101394,SUP001,Alpha Industrial Supplies,Chennai,P001,Brake Disc,Automotive,WH003,Bengaluru Warehouse,2025-07-07,2025-07-08,2025-07-10,2025-07-10,166,1250,207500,2006.7,2,0,On Time,449,259,Healthy,229,100.0
ORD101395,SUP007,Omega Components,Delhi,P011,Clutch Plate,Automotive,WH002,Coimbatore Distribution Center,2025-09-20,2025-09-22,2025-09-26,2025-09-26,339,2750,932250,2722.43,4,0,On Time,285,248,Healthy,399,100.0
ORD101396,SUP002,Beta Components Ltd,Coimbatore,P013,Air Filter,Maintenance,WH002,Coimbatore Distribution Center,2025-03-09,2025-03-11,2025-03-14,2025-03-14,417,260,108420,3319.55,3,0,On Time,744,324,Healthy,519,100.0
ORD101397,SUP004,Delta Auto Parts,Pune,P001,Brake Disc,Automotive,WH002,Coimbatore Distribution Center,2025-09-29,2025-10-01,2025-10-06,2025-10-06,114,1250,142500,1594.73,5,0,On Time,760,400,Healthy,170,100.0
ORD101398,SUP008,Prime Mechanical Works,Salem,P002,Brake Pad Set,Automotive,WH002,Coimbatore Distribution Center,2026-01-30,2026-02-01,2026-02-08,2026-02-08,64,780,49920,1256.12,7,0,On Time,898,311,Overstocked,63,100.0
ORD101399,SUP005,Epsilon Engineering,Hyderabad,P010,Pressure Sensor,Electrical,WH004,Pune Logistics Hub,2025-11-09,2025-11-12,2025-11-16,2025-11-16,127,1450,184150,1581.86,4,0,On Time,837,242,Overstocked,118,100.0
ORD101400,SUP004,Delta Auto Parts,Pune,P009,Motor Coupling,Electrical,WH001,Chennai Central Warehouse,2025-10-31,2025-11-02,2025-11-07,2025-11-16,293,980,287140,3171.19,5,9,Delayed,1186,229,Overstocked,286,35.71
ORD101401,SUP004,Delta Auto Parts,Pune,P001,Brake Disc,Automotive,WH004,Pune Logistics Hub,2026-05-15,2026-05-16,2026-05-20,2026-05-20,481,1250,601250,3435.65,4,0,On Time,704,333,Healthy,688,100.0
ORD101402,SUP001,Alpha Industrial Supplies,Chennai,P012,Oil Filter,Maintenance,WH001,Chennai Central Warehouse,2025-05-08,2025-05-11,2025-05-16,2025-05-16,88,310,27280,1288.86,5,0,On Time,939,326,Overstocked,130,100.0
ORD101403,SUP008,Prime Mechanical Works,Salem,P008,Timing Belt,Automotive,WH002,Coimbatore Distribution Center,2025-06-13,2025-06-15,2025-06-16,2025-06-22,30,620,18600,853.37,1,6,Delayed,674,379,Healthy,37,14.29
ORD101404,SUP003,Gamma Manufacturing,Bengaluru,P013,Air Filter,Maintenance,WH001,Chennai Central Warehouse,2025-12-07,2025-12-09,2025-12-11,2025-12-11,269,260,69940,2073.42,2,0,On Time,318,332,Low,387,100.0
ORD101405,SUP002,Beta Components Ltd,Coimbatore,P013,Air Filter,Maintenance,WH003,Bengaluru Warehouse,2025-09-20,2025-09-22,2025-09-26,2025-09-26,496,260,128960,5303.69,4,0,On Time,723,293,Healthy,592,100.0
ORD101406,SUP003,Gamma Manufacturing,Bengaluru,P012,Oil Filter,Maintenance,WH004,Pune Logistics Hub,2026-06-19,2026-06-22,2026-06-24,2026-06-24,281,310,87110,1908.11,2,0,On Time,601,355,Healthy,390,100.0
ORD101407,SUP008,Prime Mechanical Works,Salem,P008,Timing Belt,Automotive,WH002,Coimbatore Distribution Center,2025-02-02,2025-02-05,2025-02-11,2025-02-11,463,620,287060,4873.44,6,0,On Time,803,318,Overstocked,487,100.0
ORD101408,SUP001,Alpha Industrial Supplies,Chennai,P003,Bearing Assembly,Mechanical,WH001,Chennai Central Warehouse,2025-03-08,2025-03-11,2025-03-16,2025-03-16,325,540,175500,2434.05,5,0,On Time,383,282,Healthy,384,100.0
ORD101409,SUP007,Omega Components,Delhi,P007,Steel Gear,Mechanical,WH001,Chennai Central Warehouse,2025-07-06,2025-07-08,2025-07-10,2025-07-10,25,1650,41250,941.0,2,0,On Time,726,231,Overstocked,23,100.0
ORD101410,SUP006,Zeta Industrial Corp,Mumbai,P002,Brake Pad Set,Automotive,WH004,Pune Logistics Hub,2025-09-08,2025-09-09,2025-09-16,2025-09-16,219,780,170820,1781.16,7,0,On Time,813,322,Overstocked,324,100.0
ORD101411,SUP007,Omega Components,Delhi,P009,Motor Coupling,Electrical,WH002,Coimbatore Distribution Center,2026-05-02,2026-05-04,2026-05-05,2026-05-05,388,980,380240,3594.23,1,0,On Time,869,233,Overstocked,399,100.0
ORD101412,SUP008,Prime Mechanical Works,Salem,P002,Brake Pad Set,Automotive,WH004,Pune Logistics Hub,2025-09-27,2025-09-30,2025-10-06,2025-10-06,260,780,202800,3365.46,6,0,On Time,569,294,Healthy,352,100.0
ORD101413,SUP007,Omega Components,Delhi,P008,Timing Belt,Automotive,WH002,Coimbatore Distribution Center,2025-08-27,2025-08-30,2025-09-02,2025-09-02,105,620,65100,1433.58,3,0,On Time,1117,338,Overstocked,121,100.0
ORD101414,SUP008,Prime Mechanical Works,Salem,P001,Brake Disc,Automotive,WH001,Chennai Central Warehouse,2025-04-02,2025-04-05,2025-04-09,2025-04-11,98,1250,122500,1287.1,4,2,Delayed,440,286,Healthy,140,66.67
ORD101415,SUP002,Beta Components Ltd,Coimbatore,P004,Drive Shaft,Automotive,WH004,Pune Logistics Hub,2025-08-26,2025-08-29,2025-09-02,2025-09-02,335,3200,1072000,3900.88,4,0,On Time,1334,206,Overstocked,316,100.0
ORD101416,SUP007,Omega Components,Delhi,P003,Bearing Assembly,Mechanical,WH003,Bengaluru Warehouse,2025-10-18,2025-10-20,2025-10-23,2025-10-23,237,540,127980,2641.69,3,0,On Time,1033,308,Overstocked,308,100.0
ORD101417,SUP005,Epsilon Engineering,Hyderabad,P009,Motor Coupling,Electrical,WH001,Chennai Central Warehouse,2025-11-15,2025-11-16,2025-11-20,2025-11-20,291,980,285180,1945.44,4,0,On Time,874,270,Overstocked,307,100.0
ORD101418,SUP005,Epsilon Engineering,Hyderabad,P011,Clutch Plate,Automotive,WH005,Hyderabad Warehouse,2025-11-27,2025-11-29,2025-12-02,2025-12-02,193,2750,530750,2381.06,3,0,On Time,808,314,Overstocked,233,100.0
ORD101419,SUP007,Omega Components,Delhi,P001,Brake Disc,Automotive,WH001,Chennai Central Warehouse,2025-08-23,2025-08-24,2025-08-27,2025-08-27,176,1250,220000,1999.88,3,0,On Time,672,350,Healthy,227,100.0
ORD101420,SUP008,Prime Mechanical Works,Salem,P012,Oil Filter,Maintenance,WH002,Coimbatore Distribution Center,2025-03-27,2025-03-30,2025-04-03,2025-04-03,337,310,104470,3406.44,4,0,On Time,660,265,Healthy,413,100.0
ORD101421,SUP006,Zeta Industrial Corp,Mumbai,P012,Oil Filter,Maintenance,WH002,Coimbatore Distribution Center,2025-03-25,2025-03-28,2025-03-31,2025-04-01,13,310,4030,779.17,3,1,Delayed,501,286,Healthy,18,75.0
ORD101422,SUP004,Delta Auto Parts,Pune,P005,Hydraulic Pump,Hydraulics,WH003,Bengaluru Warehouse,2025-03-26,2025-03-28,2025-04-02,2025-04-02,223,4800,1070400,2269.0,5,0,On Time,973,206,Overstocked,159,100.0
ORD101423,SUP004,Delta Auto Parts,Pune,P009,Motor Coupling,Electrical,WH004,Pune Logistics Hub,2025-12-04,2025-12-06,2025-12-10,2025-12-10,192,980,188160,2742.43,4,0,On Time,745,300,Healthy,218,100.0
ORD101424,SUP003,Gamma Manufacturing,Bengaluru,P006,Control Valve,Hydraulics,WH001,Chennai Central Warehouse,2026-04-13,2026-04-14,2026-04-16,2026-04-16,392,2150,842800,3342.31,2,0,On Time,799,192,Overstocked,387,100.0
ORD101425,SUP003,Gamma Manufacturing,Bengaluru,P002,Brake Pad Set,Automotive,WH005,Hyderabad Warehouse,2026-04-28,2026-04-29,2026-05-03,2026-05-03,367,780,286260,3365.61,4,0,On Time,611,247,Healthy,480,100.0
ORD101426,SUP004,Delta Auto Parts,Pune,P008,Timing Belt,Automotive,WH003,Bengaluru Warehouse,2025-06-20,2025-06-21,2025-06-27,2025-06-27,219,620,135780,2868.46,6,0,On Time,189,387,Critical,328,100.0
ORD101427,SUP001,Alpha Industrial Supplies,Chennai,P001,Brake Disc,Automotive,WH005,Hyderabad Warehouse,2025-02-13,2025-02-14,2025-02-20,2025-02-20,138,1250,172500,1479.34,6,0,On Time,675,235,Overstocked,156,100.0
ORD101428,SUP001,Alpha Industrial Supplies,Chennai,P013,Air Filter,Maintenance,WH004,Pune Logistics Hub,2025-12-11,2025-12-12,2025-12-13,2025-12-13,125,260,32500,1562.63,1,0,On Time,545,394,Healthy,149,100.0
ORD101429,SUP007,Omega Components,Delhi,P013,Air Filter,Maintenance,WH005,Hyderabad Warehouse,2025-01-21,2025-01-24,2025-01-28,2025-01-28,113,260,29380,1702.74,4,0,On Time,274,307,Low,125,100.0
ORD101430,SUP004,Delta Auto Parts,Pune,P012,Oil Filter,Maintenance,WH003,Bengaluru Warehouse,2025-12-09,2025-12-12,2025-12-18,2025-12-18,144,310,44640,1880.16,6,0,On Time,578,301,Healthy,215,100.0
ORD101431,SUP008,Prime Mechanical Works,Salem,P008,Timing Belt,Automotive,WH002,Coimbatore Distribution Center,2025-07-29,2025-07-31,2025-08-05,2025-08-08,383,620,237460,4269.76,5,3,Delayed,600,242,Healthy,505,62.5
ORD101432,SUP005,Epsilon Engineering,Hyderabad,P008,Timing Belt,Automotive,WH002,Coimbatore Distribution Center,2026-04-04,2026-04-05,2026-04-10,2026-04-14,32,620,19840,962.66,5,4,Delayed,974,369,Overstocked,44,55.56
ORD101433,SUP001,Alpha Industrial Supplies,Chennai,P015,Pneumatic Cylinder,Pneumatics,WH003,Bengaluru Warehouse,2025-12-08,2025-12-11,2025-12-14,2025-12-14,22,1850,40700,882.89,3,0,On Time,822,211,Overstocked,23,100.0
ORD101434,SUP002,Beta Components Ltd,Coimbatore,P003,Bearing Assembly,Mechanical,WH002,Coimbatore Distribution Center,2026-02-08,2026-02-10,2026-02-14,2026-02-14,275,540,148500,2362.59,4,0,On Time,898,251,Overstocked,318,100.0
ORD101435,SUP002,Beta Components Ltd,Coimbatore,P001,Brake Disc,Automotive,WH004,Pune Logistics Hub,2025-08-10,2025-08-12,2025-08-15,2025-08-15,119,1250,148750,1288.83,3,0,On Time,884,284,Overstocked,147,100.0
ORD101436,SUP008,Prime Mechanical Works,Salem,P008,Timing Belt,Automotive,WH001,Chennai Central Warehouse,2026-04-04,2026-04-06,2026-04-11,2026-04-11,417,620,258540,4292.81,5,0,On Time,571,316,Healthy,476,100.0
ORD101437,SUP002,Beta Components Ltd,Coimbatore,P005,Hydraulic Pump,Hydraulics,WH004,Pune Logistics Hub,2025-10-14,2025-10-16,2025-10-18,2025-10-18,379,4800,1819200,2691.05,2,0,On Time,996,250,Overstocked,314,100.0
ORD101438,SUP004,Delta Auto Parts,Pune,P005,Hydraulic Pump,Hydraulics,WH001,Chennai Central Warehouse,2025-12-08,2025-12-11,2025-12-17,2025-12-17,387,4800,1857600,3332.98,6,0,On Time,1779,225,Overstocked,351,100.0
ORD101439,SUP008,Prime Mechanical Works,Salem,P001,Brake Disc,Automotive,WH005,Hyderabad Warehouse,2025-07-16,2025-07-19,2025-07-23,2025-07-23,234,1250,292500,2278.1,4,0,On Time,703,248,Overstocked,277,100.0
ORD101440,SUP008,Prime Mechanical Works,Salem,P008,Timing Belt,Automotive,WH001,Chennai Central Warehouse,2025-09-03,2025-09-05,2025-09-09,2025-09-09,224,620,138880,1671.28,4,0,On Time,809,330,Healthy,255,100.0
ORD101441,SUP002,Beta Components Ltd,Coimbatore,P003,Bearing Assembly,Mechanical,WH001,Chennai Central Warehouse,2026-04-04,2026-04-07,2026-04-11,2026-04-11,218,540,117720,1819.77,4,0,On Time,669,302,Healthy,288,100.0
ORD101442,SUP001,Alpha Industrial Supplies,Chennai,P002,Brake Pad Set,Automotive,WH004,Pune Logistics Hub,2025-08-03,2025-08-06,2025-08-09,2025-08-09,106,780,82680,1605.36,3,0,On Time,776,267,Overstocked,127,100.0
ORD101443,SUP002,Beta Components Ltd,Coimbatore,P001,Brake Disc,Automotive,WH004,Pune Logistics Hub,2025-01-12,2025-01-13,2025-01-19,2025-01-23,288,1250,360000,2018.78,6,4,Delayed,599,324,Healthy,314,60.0
ORD101444,SUP001,Alpha Industrial Supplies,Chennai,P005,Hydraulic Pump,Hydraulics,WH004,Pune Logistics Hub,2025-07-26,2025-07-29,2025-08-05,2025-08-05,433,4800,2078400,5412.07,7,0,On Time,401,199,Healthy,320,100.0
ORD101445,SUP002,Beta Components Ltd,Coimbatore,P013,Air Filter,Maintenance,WH005,Hyderabad Warehouse,2025-08-03,2025-08-05,2025-08-10,2025-08-13,136,260,35360,2034.31,5,3,Delayed,628,230,Overstocked,149,62.5
ORD101446,SUP005,Epsilon Engineering,Hyderabad,P005,Hydraulic Pump,Hydraulics,WH002,Coimbatore Distribution Center,2025-08-17,2025-08-18,2025-08-22,2025-08-22,37,4800,177600,958.07,4,0,On Time,659,234,Overstocked,25,100.0
ORD101447,SUP008,Prime Mechanical Works,Salem,P010,Pressure Sensor,Electrical,WH004,Pune Logistics Hub,2025-02-08,2025-02-11,2025-02-16,2025-02-16,287,1450,416150,3578.77,5,0,On Time,984,175,Overstocked,199,100.0
ORD101448,SUP004,Delta Auto Parts,Pune,P011,Clutch Plate,Automotive,WH002,Coimbatore Distribution Center,2025-03-12,2025-03-15,2025-03-21,2025-03-21,206,2750,566500,1912.36,6,0,On Time,565,214,Overstocked,196,100.0
ORD101449,SUP005,Epsilon Engineering,Hyderabad,P005,Hydraulic Pump,Hydraulics,WH003,Bengaluru Warehouse,2025-06-26,2025-06-28,2025-07-01,2025-07-01,401,4800,1924800,2519.63,3,0,On Time,1312,166,Overstocked,368,100.0
ORD101450,SUP002,Beta Components Ltd,Coimbatore,P012,Oil Filter,Maintenance,WH002,Coimbatore Distribution Center,2025-08-20,2025-08-21,2025-08-23,2025-08-23,430,310,133300,3048.22,2,0,On Time,632,316,Healthy,581,100.0
ORD101451,SUP007,Omega Components,Delhi,P010,Pressure Sensor,Electrical,WH001,Chennai Central Warehouse,2025-01-16,2025-01-19,2025-01-22,2025-01-22,476,1450,690200,4518.37,3,0,On Time,626,169,Overstocked,387,100.0
ORD101452,SUP005,Epsilon Engineering,Hyderabad,P008,Timing Belt,Automotive,WH003,Bengaluru Warehouse,2025-08-01,2025-08-04,2025-08-09,2025-08-09,203,620,125860,2315.09,5,0,On Time,603,276,Healthy,272,100.0
ORD101453,SUP007,Omega Components,Delhi,P001,Brake Disc,Automotive,WH004,Pune Logistics Hub,2025-06-24,2025-06-25,2025-06-26,2025-06-26,452,1250,565000,3323.62,1,0,On Time,731,387,Healthy,688,100.0
ORD101454,SUP008,Prime Mechanical Works,Salem,P001,Brake Disc,Automotive,WH001,Chennai Central Warehouse,2025-01-19,2025-01-21,2025-01-25,2025-01-25,67,1250,83750,1214.06,4,0,On Time,937,309,Overstocked,90,100.0
ORD101455,SUP003,Gamma Manufacturing,Bengaluru,P015,Pneumatic Cylinder,Pneumatics,WH005,Hyderabad Warehouse,2025-05-17,2025-05-18,2025-05-22,2025-05-22,193,1850,357050,2379.98,4,0,On Time,676,186,Overstocked,177,100.0
ORD101456,SUP001,Alpha Industrial Supplies,Chennai,P011,Clutch Plate,Automotive,WH003,Bengaluru Warehouse,2025-05-31,2025-06-01,2025-06-05,2025-06-05,140,2750,385000,1968.71,4,0,On Time,543,289,Healthy,133,100.0
ORD101457,SUP002,Beta Components Ltd,Coimbatore,P014,Industrial Fan,Electrical,WH001,Chennai Central Warehouse,2025-03-20,2025-03-22,2025-03-28,2025-03-28,463,3900,1805700,3828.81,6,0,On Time,2148,175,Overstocked,259,100.0
ORD101458,SUP004,Delta Auto Parts,Pune,P013,Air Filter,Maintenance,WH003,Bengaluru Warehouse,2026-02-15,2026-02-16,2026-02-20,2026-03-02,304,260,79040,3380.06,4,10,Delayed,737,260,Overstocked,291,28.57
ORD101459,SUP008,Prime Mechanical Works,Salem,P001,Brake Disc,Automotive,WH001,Chennai Central Warehouse,2025-02-09,2025-02-11,2025-02-18,2025-02-18,189,1250,236250,2059.25,7,0,On Time,700,344,Healthy,239,100.0
ORD101460,SUP003,Gamma Manufacturing,Bengaluru,P012,Oil Filter,Maintenance,WH001,Chennai Central Warehouse,2025-11-12,2025-11-14,2025-11-15,2025-11-15,84,310,26040,1060.66,1,0,On Time,495,357,Healthy,140,100.0
ORD101461,SUP007,Omega Components,Delhi,P007,Steel Gear,Mechanical,WH004,Pune Logistics Hub,2025-12-30,2026-01-01,2026-01-02,2026-01-05,394,1650,650100,4502.11,1,3,Delayed,774,234,Overstocked,424,25.0
ORD101462,SUP005,Epsilon Engineering,Hyderabad,P011,Clutch Plate,Automotive,WH001,Chennai Central Warehouse,2026-03-17,2026-03-20,2026-03-24,2026-03-28,331,2750,910250,2532.97,4,4,Delayed,1330,191,Overstocked,295,50.0
ORD101463,SUP002,Beta Components Ltd,Coimbatore,P001,Brake Disc,Automotive,WH001,Chennai Central Warehouse,2025-10-25,2025-10-26,2025-10-29,2025-11-04,428,1250,535000,3907.55,3,6,Delayed,737,330,Healthy,705,33.33
ORD101464,SUP003,Gamma Manufacturing,Bengaluru,P004,Drive Shaft,Automotive,WH004,Pune Logistics Hub,2025-10-24,2025-10-27,2025-10-30,2025-10-30,225,3200,720000,2688.83,3,0,On Time,1281,230,Overstocked,214,100.0
ORD101465,SUP005,Epsilon Engineering,Hyderabad,P011,Clutch Plate,Automotive,WH001,Chennai Central Warehouse,2026-02-20,2026-02-21,2026-02-25,2026-03-04,83,2750,228250,1213.88,4,7,Delayed,858,181,Overstocked,69,36.36
ORD101466,SUP006,Zeta Industrial Corp,Mumbai,P012,Oil Filter,Maintenance,WH004,Pune Logistics Hub,2026-04-12,2026-04-13,2026-04-18,2026-04-18,174,310,53940,1624.34,5,0,On Time,387,343,Healthy,266,100.0
ORD101467,SUP004,Delta Auto Parts,Pune,P009,Motor Coupling,Electrical,WH004,Pune Logistics Hub,2025-04-26,2025-04-28,2025-05-02,2025-05-02,314,980,307720,3485.37,4,0,On Time,653,273,Healthy,316,100.0
ORD101468,SUP002,Beta Components Ltd,Coimbatore,P004,Drive Shaft,Automotive,WH001,Chennai Central Warehouse,2026-03-11,2026-03-12,2026-03-17,2026-03-17,128,3200,409600,1793.74,5,0,On Time,671,222,Overstocked,102,100.0
ORD101469,SUP006,Zeta Industrial Corp,Mumbai,P004,Drive Shaft,Automotive,WH003,Bengaluru Warehouse,2025-09-10,2025-09-11,2025-09-15,2025-09-15,44,3200,140800,1185.82,4,0,On Time,1139,232,Overstocked,38,100.0
ORD101470,SUP002,Beta Components Ltd,Coimbatore,P014,Industrial Fan,Electrical,WH001,Chennai Central Warehouse,2025-02-23,2025-02-25,2025-03-02,2025-03-05,414,3900,1614600,3619.74,5,3,Delayed,1835,157,Overstocked,260,62.5
ORD101471,SUP008,Prime Mechanical Works,Salem,P007,Steel Gear,Mechanical,WH003,Bengaluru Warehouse,2025-12-01,2025-12-04,2025-12-08,2025-12-08,270,1650,445500,2164.16,4,0,On Time,852,326,Overstocked,310,100.0
ORD101472,SUP002,Beta Components Ltd,Coimbatore,P007,Steel Gear,Mechanical,WH001,Chennai Central Warehouse,2026-06-18,2026-06-20,2026-06-23,2026-06-23,204,1650,336600,1818.11,3,0,On Time,727,286,Overstocked,276,100.0
ORD101473,SUP001,Alpha Industrial Supplies,Chennai,P008,Timing Belt,Automotive,WH005,Hyderabad Warehouse,2025-03-18,2025-03-21,2025-03-22,2025-03-22,281,620,174220,3184.59,1,0,On Time,512,275,Healthy,360,100.0
ORD101474,SUP004,Delta Auto Parts,Pune,P006,Control Valve,Hydraulics,WH001,Chennai Central Warehouse,2025-01-09,2025-01-10,2025-01-15,2025-01-15,372,2150,799800,2927.9,5,0,On Time,999,200,Overstocked,350,100.0
ORD101475,SUP004,Delta Auto Parts,Pune,P008,Timing Belt,Automotive,WH004,Pune Logistics Hub,2026-05-16,2026-05-17,2026-05-21,2026-05-21,10,620,6200,811.96,4,0,On Time,381,253,Healthy,13,100.0
ORD101476,SUP004,Delta Auto Parts,Pune,P007,Steel Gear,Mechanical,WH001,Chennai Central Warehouse,2025-11-22,2025-11-24,2025-11-28,2025-11-28,226,1650,372900,1918.85,4,0,On Time,507,329,Healthy,341,100.0
ORD101477,SUP004,Delta Auto Parts,Pune,P012,Oil Filter,Maintenance,WH001,Chennai Central Warehouse,2025-04-30,2025-05-03,2025-05-09,2025-05-09,134,310,41540,1185.97,6,0,On Time,848,328,Overstocked,156,100.0
ORD101478,SUP008,Prime Mechanical Works,Salem,P013,Air Filter,Maintenance,WH002,Coimbatore Distribution Center,2026-03-09,2026-03-12,2026-03-14,2026-03-14,55,260,14300,1102.88,2,0,On Time,640,231,Overstocked,54,100.0
ORD101479,SUP004,Delta Auto Parts,Pune,P014,Industrial Fan,Electrical,WH003,Bengaluru Warehouse,2025-08-03,2025-08-04,2025-08-11,2025-08-11,27,3900,105300,957.25,7,0,On Time,1180,150,Overstocked,20,100.0
ORD101480,SUP004,Delta Auto Parts,Pune,P008,Timing Belt,Automotive,WH005,Hyderabad Warehouse,2025-07-01,2025-07-03,2025-07-09,2025-07-09,226,620,140120,2523.9,6,0,On Time,654,336,Healthy,251,100.0
ORD101481,SUP004,Delta Auto Parts,Pune,P007,Steel Gear,Mechanical,WH001,Chennai Central Warehouse,2025-06-08,2025-06-10,2025-06-15,2025-06-25,277,1650,457050,2123.33,5,10,Delayed,1003,254,Overstocked,344,33.33
ORD101482,SUP001,Alpha Industrial Supplies,Chennai,P010,Pressure Sensor,Electrical,WH001,Chennai Central Warehouse,2025-11-23,2025-11-26,2025-11-28,2025-11-28,259,1450,375550,2804.77,2,0,On Time,1120,235,Overstocked,259,100.0
ORD101483,SUP005,Epsilon Engineering,Hyderabad,P012,Oil Filter,Maintenance,WH002,Coimbatore Distribution Center,2025-03-15,2025-03-16,2025-03-21,2025-03-21,394,310,122140,3268.96,5,0,On Time,470,267,Healthy,484,100.0
ORD101484,SUP002,Beta Components Ltd,Coimbatore,P008,Timing Belt,Automotive,WH002,Coimbatore Distribution Center,2025-07-17,2025-07-19,2025-07-23,2025-07-23,234,620,145080,2605.55,4,0,On Time,526,251,Healthy,261,100.0
ORD101485,SUP005,Epsilon Engineering,Hyderabad,P010,Pressure Sensor,Electrical,WH005,Hyderabad Warehouse,2025-06-16,2025-06-19,2025-06-22,2025-06-22,299,1450,433550,3077.03,3,0,On Time,956,244,Overstocked,290,100.0
ORD101486,SUP001,Alpha Industrial Supplies,Chennai,P011,Clutch Plate,Automotive,WH005,Hyderabad Warehouse,2025-02-03,2025-02-05,2025-02-09,2025-02-09,410,2750,1127500,3496.27,4,0,On Time,899,179,Overstocked,340,100.0
ORD101487,SUP008,Prime Mechanical Works,Salem,P010,Pressure Sensor,Electrical,WH005,Hyderabad Warehouse,2026-02-21,2026-02-24,2026-02-26,2026-02-26,332,1450,481400,3512.22,2,0,On Time,1010,162,Overstocked,219,100.0
ORD101488,SUP004,Delta Auto Parts,Pune,P011,Clutch Plate,Automotive,WH001,Chennai Central Warehouse,2025-01-05,2025-01-07,2025-01-11,2025-01-11,457,2750,1256750,3801.79,4,0,On Time,815,283,Overstocked,427,100.0
ORD101489,SUP007,Omega Components,Delhi,P003,Bearing Assembly,Mechanical,WH002,Coimbatore Distribution Center,2026-06-09,2026-06-11,2026-06-13,2026-06-13,118,540,63720,1487.51,2,0,On Time,747,297,Overstocked,129,100.0
ORD101490,SUP004,Delta Auto Parts,Pune,P007,Steel Gear,Mechanical,WH004,Pune Logistics Hub,2025-02-21,2025-02-22,2025-02-28,2025-02-28,396,1650,653400,4089.79,6,0,On Time,714,247,Overstocked,399,100.0
ORD101491,SUP001,Alpha Industrial Supplies,Chennai,P008,Timing Belt,Automotive,WH002,Coimbatore Distribution Center,2025-07-15,2025-07-18,2025-07-21,2025-07-28,352,620,218240,2187.18,3,7,Delayed,510,316,Healthy,491,30.0
ORD101492,SUP007,Omega Components,Delhi,P001,Brake Disc,Automotive,WH004,Pune Logistics Hub,2025-02-23,2025-02-24,2025-02-28,2025-02-28,296,1250,370000,3737.21,4,0,On Time,829,241,Overstocked,366,100.0
ORD101493,SUP005,Epsilon Engineering,Hyderabad,P012,Oil Filter,Maintenance,WH001,Chennai Central Warehouse,2025-07-20,2025-07-23,2025-07-26,2025-07-26,11,310,3410,765.37,3,0,On Time,550,307,Healthy,15,100.0
ORD101494,SUP007,Omega Components,Delhi,P009,Motor Coupling,Electrical,WH002,Coimbatore Distribution Center,2025-11-30,2025-12-03,2025-12-07,2025-12-07,275,980,269500,2081.18,4,0,On Time,938,262,Overstocked,300,100.0
ORD101495,SUP004,Delta Auto Parts,Pune,P002,Brake Pad Set,Automotive,WH005,Hyderabad Warehouse,2025-02-17,2025-02-19,2025-02-24,2025-02-24,431,780,336180,4557.69,5,0,On Time,219,236,Low,545,100.0
ORD101496,SUP005,Epsilon Engineering,Hyderabad,P012,Oil Filter,Maintenance,WH002,Coimbatore Distribution Center,2025-10-15,2025-10-18,2025-10-21,2025-10-21,326,310,101060,2337.78,3,0,On Time,579,328,Healthy,557,100.0
ORD101497,SUP007,Omega Components,Delhi,P010,Pressure Sensor,Electrical,WH005,Hyderabad Warehouse,2026-02-26,2026-03-01,2026-03-05,2026-03-05,12,1450,17400,843.12,4,0,On Time,652,188,Overstocked,10,100.0
ORD101498,SUP005,Epsilon Engineering,Hyderabad,P011,Clutch Plate,Automotive,WH002,Coimbatore Distribution Center,2025-09-06,2025-09-09,2025-09-13,2025-09-13,151,2750,415250,1706.67,4,0,On Time,548,220,Healthy,153,100.0
ORD101499,SUP003,Gamma Manufacturing,Bengaluru,P006,Control Valve,Hydraulics,WH001,Chennai Central Warehouse,2025-03-03,2025-03-04,2025-03-06,2025-03-06,289,2150,621350,2214.68,2,0,On Time,1609,192,Overstocked,244,100.0
ORD101500,SUP006,Zeta Industrial Corp,Mumbai,P012,Oil Filter,Maintenance,WH002,Coimbatore Distribution Center,2026-01-13,2026-01-14,2026-01-19,2026-01-19,408,310,126480,2350.18,5,0,On Time,674,311,Healthy,455,100.0
ORD101501,SUP006,Zeta Industrial Corp,Mumbai,P006,Control Valve,Hydraulics,WH001,Chennai Central Warehouse,2025-04-12,2025-04-13,2025-04-18,2025-04-18,228,2150,490200,1610.14,5,0,On Time,1256,237,Overstocked,211,100.0
ORD101502,SUP008,Prime Mechanical Works,Salem,P008,Timing Belt,Automotive,WH003,Bengaluru Warehouse,2025-01-10,2025-01-11,2025-01-15,2025-01-15,430,620,266600,2610.02,4,0,On Time,923,287,Overstocked,422,100.0
ORD101503,SUP003,Gamma Manufacturing,Bengaluru,P001,Brake Disc,Automotive,WH001,Chennai Central Warehouse,2025-08-27,2025-08-30,2025-09-02,2025-09-02,400,1250,500000,2124.81,3,0,On Time,900,252,Overstocked,592,100.0
ORD101504,SUP004,Delta Auto Parts,Pune,P009,Motor Coupling,Electrical,WH003,Bengaluru Warehouse,2025-05-28,2025-05-29,2025-06-02,2025-06-02,141,980,138180,1544.36,4,0,On Time,883,259,Overstocked,124,100.0
ORD101505,SUP007,Omega Components,Delhi,P010,Pressure Sensor,Electrical,WH005,Hyderabad Warehouse,2025-01-16,2025-01-17,2025-01-20,2025-01-20,105,1450,152250,1359.19,3,0,On Time,1562,215,Overstocked,73,100.0
ORD101506,SUP004,Delta Auto Parts,Pune,P008,Timing Belt,Automotive,WH002,Coimbatore Distribution Center,2026-03-01,2026-03-04,2026-03-09,2026-03-09,453,620,280860,3506.26,5,0,On Time,877,291,Overstocked,597,100.0
ORD101507,SUP006,Zeta Industrial Corp,Mumbai,P007,Steel Gear,Mechanical,WH001,Chennai Central Warehouse,2025-11-24,2025-11-25,2025-11-29,2025-11-29,299,1650,493350,2195.22,4,0,On Time,821,370,Healthy,446,100.0
ORD101508,SUP004,Delta Auto Parts,Pune,P012,Oil Filter,Maintenance,WH002,Coimbatore Distribution Center,2026-05-12,2026-05-15,2026-05-20,2026-05-26,426,310,132060,2427.05,5,6,Delayed,677,326,Healthy,548,45.45
ORD101509,SUP002,Beta Components Ltd,Coimbatore,P010,Pressure Sensor,Electrical,WH004,Pune Logistics Hub,2025-09-20,2025-09-23,2025-09-28,2025-09-28,462,1450,669900,2896.95,5,0,On Time,906,173,Overstocked,381,100.0
ORD101510,SUP006,Zeta Industrial Corp,Mumbai,P004,Drive Shaft,Automotive,WH003,Bengaluru Warehouse,2025-08-28,2025-08-30,2025-09-04,2025-09-04,218,3200,697600,1899.78,5,0,On Time,1081,195,Overstocked,202,100.0
ORD101511,SUP002,Beta Components Ltd,Coimbatore,P014,Industrial Fan,Electrical,WH001,Chennai Central Warehouse,2026-04-06,2026-04-09,2026-04-12,2026-04-12,32,3900,124800,963.25,3,0,On Time,1289,162,Overstocked,25,100.0
ORD101512,SUP002,Beta Components Ltd,Coimbatore,P010,Pressure Sensor,Electrical,WH003,Bengaluru Warehouse,2025-02-14,2025-02-17,2025-02-20,2025-02-20,456,1450,661200,2912.36,3,0,On Time,1196,210,Overstocked,351,100.0
ORD101513,SUP005,Epsilon Engineering,Hyderabad,P015,Pneumatic Cylinder,Pneumatics,WH003,Bengaluru Warehouse,2025-07-17,2025-07-18,2025-07-23,2025-07-23,296,1850,547600,2542.4,5,0,On Time,1573,197,Overstocked,255,100.0
ORD101514,SUP006,Zeta Industrial Corp,Mumbai,P015,Pneumatic Cylinder,Pneumatics,WH002,Coimbatore Distribution Center,2026-03-13,2026-03-14,2026-03-16,2026-03-16,69,1850,127650,1374.92,2,0,On Time,574,190,Overstocked,62,100.0
ORD101515,SUP007,Omega Components,Delhi,P013,Air Filter,Maintenance,WH001,Chennai Central Warehouse,2025-06-09,2025-06-11,2025-06-15,2025-06-15,270,260,70200,2043.35,4,0,On Time,1017,370,Overstocked,377,100.0
ORD101516,SUP003,Gamma Manufacturing,Bengaluru,P011,Clutch Plate,Automotive,WH005,Hyderabad Warehouse,2026-04-29,2026-05-01,2026-05-02,2026-05-02,23,2750,63250,844.63,1,0,On Time,718,227,Overstocked,21,100.0
ORD101517,SUP001,Alpha Industrial Supplies,Chennai,P009,Motor Coupling,Electrical,WH001,Chennai Central Warehouse,2025-06-05,2025-06-08,2025-06-10,2025-06-10,152,980,148960,1824.04,2,0,On Time,1339,262,Overstocked,150,100.0
ORD101518,SUP008,Prime Mechanical Works,Salem,P002,Brake Pad Set,Automotive,WH001,Chennai Central Warehouse,2025-08-14,2025-08-15,2025-08-19,2025-08-19,180,780,140400,1835.42,4,0,On Time,631,285,Healthy,254,100.0
ORD101519,SUP002,Beta Components Ltd,Coimbatore,P008,Timing Belt,Automotive,WH001,Chennai Central Warehouse,2026-05-05,2026-05-06,2026-05-13,2026-05-13,233,620,144460,1593.54,7,0,On Time,818,375,Healthy,315,100.0
ORD101520,SUP002,Beta Components Ltd,Coimbatore,P011,Clutch Plate,Automotive,WH003,Bengaluru Warehouse,2025-05-13,2025-05-14,2025-05-20,2025-05-20,287,2750,789250,3237.49,6,0,On Time,806,226,Overstocked,278,100.0
ORD101521,SUP003,Gamma Manufacturing,Bengaluru,P008,Timing Belt,Automotive,WH002,Coimbatore Distribution Center,2026-06-13,2026-06-14,2026-06-18,2026-06-18,422,620,261640,4005.23,4,0,On Time,295,355,Low,600,100.0
ORD101522,SUP004,Delta Auto Parts,Pune,P012,Oil Filter,Maintenance,WH002,Coimbatore Distribution Center,2025-01-25,2025-01-28,2025-02-03,2025-02-03,182,310,56420,2399.75,6,0,On Time,979,308,Overstocked,236,100.0
ORD101523,SUP007,Omega Components,Delhi,P002,Brake Pad Set,Automotive,WH002,Coimbatore Distribution Center,2025-05-26,2025-05-28,2025-05-29,2025-05-29,371,780,289380,4103.69,1,0,On Time,465,386,Healthy,447,100.0
ORD101524,SUP006,Zeta Industrial Corp,Mumbai,P006,Control Valve,Hydraulics,WH004,Pune Logistics Hub,2025-11-19,2025-11-22,2025-11-27,2025-12-05,472,2150,1014800,4564.19,5,8,Delayed,821,355,Healthy,534,38.46
ORD101525,SUP006,Zeta Industrial Corp,Mumbai,P007,Steel Gear,Mechanical,WH002,Coimbatore Distribution Center,2025-11-21,2025-11-22,2025-11-26,2025-11-26,377,1650,622050,3638.8,4,0,On Time,504,363,Healthy,467,100.0
ORD101526,SUP002,Beta Components Ltd,Coimbatore,P007,Steel Gear,Mechanical,WH005,Hyderabad Warehouse,2026-05-12,2026-05-13,2026-05-16,2026-05-16,135,1650,222750,1623.94,3,0,On Time,436,226,Healthy,176,100.0
ORD101527,SUP003,Gamma Manufacturing,Bengaluru,P002,Brake Pad Set,Automotive,WH002,Coimbatore Distribution Center,2026-06-09,2026-06-12,2026-06-15,2026-06-15,342,780,266760,3725.92,3,0,On Time,629,323,Healthy,416,100.0
ORD101528,SUP004,Delta Auto Parts,Pune,P002,Brake Pad Set,Automotive,WH001,Chennai Central Warehouse,2026-01-06,2026-01-07,2026-01-12,2026-01-12,148,780,115440,1683.64,5,0,On Time,570,323,Healthy,185,100.0
ORD101529,SUP002,Beta Components Ltd,Coimbatore,P012,Oil Filter,Maintenance,WH005,Hyderabad Warehouse,2025-12-27,2025-12-28,2026-01-02,2026-01-10,244,310,75640,2189.77,5,8,Delayed,387,388,Low,368,38.46
ORD101530,SUP003,Gamma Manufacturing,Bengaluru,P007,Steel Gear,Mechanical,WH004,Pune Logistics Hub,2025-06-23,2025-06-25,2025-06-26,2025-06-26,321,1650,529650,2109.46,1,0,On Time,714,337,Healthy,421,100.0
ORD101531,SUP003,Gamma Manufacturing,Bengaluru,P001,Brake Disc,Automotive,WH002,Coimbatore Distribution Center,2026-03-16,2026-03-17,2026-03-20,2026-03-20,153,1250,191250,1828.06,3,0,On Time,331,347,Low,219,100.0
ORD101532,SUP002,Beta Components Ltd,Coimbatore,P001,Brake Disc,Automotive,WH005,Hyderabad Warehouse,2025-12-18,2025-12-19,2025-12-22,2025-12-22,11,1250,13750,826.18,3,0,On Time,681,320,Healthy,18,100.0
ORD101533,SUP005,Epsilon Engineering,Hyderabad,P007,Steel Gear,Mechanical,WH003,Bengaluru Warehouse,2025-01-14,2025-01-16,2025-01-20,2025-01-20,421,1650,694650,4429.75,4,0,On Time,776,209,Overstocked,465,100.0
ORD101534,SUP006,Zeta Industrial Corp,Mumbai,P002,Brake Pad Set,Automotive,WH002,Coimbatore Distribution Center,2026-03-31,2026-04-02,2026-04-07,2026-04-07,367,780,286260,2461.03,5,0,On Time,123,269,Critical,429,100.0
ORD101535,SUP001,Alpha Industrial Supplies,Chennai,P010,Pressure Sensor,Electrical,WH004,Pune Logistics Hub,2025-07-16,2025-07-18,2025-07-20,2025-07-20,70,1450,101500,1411.82,2,0,On Time,785,219,Overstocked,54,100.0
ORD101536,SUP004,Delta Auto Parts,Pune,P012,Oil Filter,Maintenance,WH004,Pune Logistics Hub,2025-09-17,2025-09-19,2025-09-25,2025-09-25,195,310,60450,1547.46,6,0,On Time,674,346,Healthy,264,100.0
ORD101537,SUP007,Omega Components,Delhi,P003,Bearing Assembly,Mechanical,WH002,Coimbatore Distribution Center,2025-09-23,2025-09-24,2025-09-27,2025-09-27,138,540,74520,1691.69,3,0,On Time,478,233,Healthy,175,100.0
ORD101538,SUP006,Zeta Industrial Corp,Mumbai,P008,Timing Belt,Automotive,WH003,Bengaluru Warehouse,2026-03-24,2026-03-25,2026-03-29,2026-03-29,490,620,303800,3779.13,4,0,On Time,842,320,Overstocked,551,100.0
ORD101539,SUP007,Omega Components,Delhi,P002,Brake Pad Set,Automotive,WH002,Coimbatore Distribution Center,2025-05-27,2025-05-29,2025-06-01,2025-06-01,472,780,368160,3346.68,3,0,On Time,771,250,Overstocked,600,100.0
ORD101540,SUP004,Delta Auto Parts,Pune,P004,Drive Shaft,Automotive,WH001,Chennai Central Warehouse,2025-08-02,2025-08-03,2025-08-08,2025-08-08,349,3200,1116800,2792.51,5,0,On Time,706,198,Overstocked,259,100.0
ORD101541,SUP007,Omega Components,Delhi,P013,Air Filter,Maintenance,WH005,Hyderabad Warehouse,2025-01-22,2025-01-24,2025-01-26,2025-01-26,226,260,58760,1939.46,2,0,On Time,708,262,Overstocked,267,100.0
ORD101542,SUP002,Beta Components Ltd,Coimbatore,P008,Timing Belt,Automotive,WH003,Bengaluru Warehouse,2025-07-10,2025-07-11,2025-07-15,2025-07-15,35,620,21700,893.67,4,0,On Time,916,297,Overstocked,38,100.0
ORD101543,SUP003,Gamma Manufacturing,Bengaluru,P013,Air Filter,Maintenance,WH003,Bengaluru Warehouse,2025-02-18,2025-02-20,2025-02-23,2025-02-23,131,260,34060,1852.43,3,0,On Time,526,215,Healthy,132,100.0
ORD101544,SUP002,Beta Components Ltd,Coimbatore,P003,Bearing Assembly,Mechanical,WH003,Bengaluru Warehouse,2025-11-15,2025-11-18,2025-11-21,2025-11-21,55,540,29700,998.44,3,0,On Time,720,373,Healthy,78,100.0
ORD101545,SUP004,Delta Auto Parts,Pune,P005,Hydraulic Pump,Hydraulics,WH003,Bengaluru Warehouse,2026-05-03,2026-05-05,2026-05-12,2026-05-19,397,4800,1905600,4123.58,7,7,Delayed,1563,229,Overstocked,325,50.0
ORD101546,SUP004,Delta Auto Parts,Pune,P007,Steel Gear,Mechanical,WH002,Coimbatore Distribution Center,2025-09-11,2025-09-13,2025-09-19,2025-09-19,53,1650,87450,1144.94,6,0,On Time,553,307,Healthy,68,100.0
ORD101547,SUP002,Beta Components Ltd,Coimbatore,P007,Steel Gear,Mechanical,WH005,Hyderabad Warehouse,2026-05-14,2026-05-16,2026-05-20,2026-05-20,342,1650,564300,2210.29,4,0,On Time,896,334,Overstocked,406,100.0
ORD101548,SUP006,Zeta Industrial Corp,Mumbai,P015,Pneumatic Cylinder,Pneumatics,WH003,Bengaluru Warehouse,2026-06-18,2026-06-20,2026-06-25,2026-06-28,477,1850,882450,5113.56,5,3,Delayed,645,206,Overstocked,493,62.5
ORD101549,SUP003,Gamma Manufacturing,Bengaluru,P002,Brake Pad Set,Automotive,WH004,Pune Logistics Hub,2025-01-30,2025-02-02,2025-02-04,2025-02-04,161,780,125580,2239.0,2,0,On Time,599,234,Overstocked,173,100.0
ORD101550,SUP003,Gamma Manufacturing,Bengaluru,P012,Oil Filter,Maintenance,WH002,Coimbatore Distribution Center,2025-10-09,2025-10-10,2025-10-12,2025-10-12,345,310,106950,3558.67,2,0,On Time,714,299,Healthy,471,100.0
ORD101551,SUP002,Beta Components Ltd,Coimbatore,P012,Oil Filter,Maintenance,WH002,Coimbatore Distribution Center,2025-10-16,2025-10-17,2025-10-21,2025-10-21,441,310,136710,4385.58,4,0,On Time,129,412,Critical,726,100.0
ORD101552,SUP004,Delta Auto Parts,Pune,P008,Timing Belt,Automotive,WH001,Chennai Central Warehouse,2025-07-30,2025-08-02,2025-08-06,2025-08-06,219,620,135780,2177.28,4,0,On Time,594,250,Healthy,239,100.0
ORD101553,SUP003,Gamma Manufacturing,Bengaluru,P005,Hydraulic Pump,Hydraulics,WH002,Coimbatore Distribution Center,2026-03-30,2026-04-01,2026-04-04,2026-04-04,230,4800,1104000,2988.95,3,0,On Time,1232,220,Overstocked,190,100.0
ORD101554,SUP003,Gamma Manufacturing,Bengaluru,P008,Timing Belt,Automotive,WH001,Chennai Central Warehouse,2025-08-04,2025-08-05,2025-08-07,2025-08-07,108,620,66960,1206.32,2,0,On Time,774,319,Healthy,153,100.0
ORD101555,SUP002,Beta Components Ltd,Coimbatore,P004,Drive Shaft,Automotive,WH004,Pune Logistics Hub,2025-01-31,2025-02-02,2025-02-06,2025-02-06,219,3200,700800,1852.29,4,0,On Time,785,211,Overstocked,156,100.0
ORD101556,SUP006,Zeta Industrial Corp,Mumbai,P012,Oil Filter,Maintenance,WH005,Hyderabad Warehouse,2025-10-27,2025-10-28,2025-11-01,2025-11-01,438,310,135780,4422.63,4,0,On Time,400,363,Healthy,725,100.0
ORD101557,SUP008,Prime Mechanical Works,Salem,P007,Steel Gear,Mechanical,WH002,Coimbatore Distribution Center,2025-04-21,2025-04-23,2025-05-01,2025-05-01,335,1650,552750,2542.7,8,0,On Time,931,298,Overstocked,362,100.0
ORD101558,SUP004,Delta Auto Parts,Pune,P013,Air Filter,Maintenance,WH002,Coimbatore Distribution Center,2025-07-13,2025-07-16,2025-07-21,2025-07-24,108,260,28080,1484.99,5,3,Delayed,629,281,Healthy,120,62.5
ORD101559,SUP005,Epsilon Engineering,Hyderabad,P009,Motor Coupling,Electrical,WH004,Pune Logistics Hub,2025-10-02,2025-10-03,2025-10-05,2025-10-05,268,980,262640,2530.12,2,0,On Time,995,263,Overstocked,279,100.0
ORD101560,SUP007,Omega Components,Delhi,P008,Timing Belt,Automotive,WH001,Chennai Central Warehouse,2026-01-30,2026-02-02,2026-02-03,2026-02-03,356,620,220720,2620.3,1,0,On Time,811,308,Overstocked,417,100.0
ORD101561,SUP008,Prime Mechanical Works,Salem,P010,Pressure Sensor,Electrical,WH005,Hyderabad Warehouse,2025-06-01,2025-06-02,2025-06-07,2025-06-07,47,1450,68150,1202.2,5,0,On Time,871,192,Overstocked,48,100.0
ORD101562,SUP005,Epsilon Engineering,Hyderabad,P007,Steel Gear,Mechanical,WH002,Coimbatore Distribution Center,2025-07-27,2025-07-28,2025-08-03,2025-08-03,384,1650,633600,2468.91,6,0,On Time,1043,310,Overstocked,390,100.0
ORD101563,SUP007,Omega Components,Delhi,P013,Air Filter,Maintenance,WH001,Chennai Central Warehouse,2025-02-07,2025-02-10,2025-02-12,2025-02-12,108,260,28080,1193.04,2,0,On Time,594,284,Healthy,121,100.0
ORD101564,SUP008,Prime Mechanical Works,Salem,P002,Brake Pad Set,Automotive,WH001,Chennai Central Warehouse,2025-07-29,2025-07-31,2025-08-06,2025-08-06,154,780,120120,1817.19,6,0,On Time,986,336,Overstocked,181,100.0
ORD101565,SUP007,Omega Components,Delhi,P015,Pneumatic Cylinder,Pneumatics,WH005,Hyderabad Warehouse,2025-11-13,2025-11-16,2025-11-20,2025-11-20,214,1850,395900,2659.66,4,0,On Time,1380,228,Overstocked,210,100.0
ORD101566,SUP004,Delta Auto Parts,Pune,P012,Oil Filter,Maintenance,WH002,Coimbatore Distribution Center,2025-12-03,2025-12-06,2025-12-11,2025-12-11,257,310,79670,2891.48,5,0,On Time,838,295,Overstocked,399,100.0
ORD101567,SUP001,Alpha Industrial Supplies,Chennai,P012,Oil Filter,Maintenance,WH004,Pune Logistics Hub,2025-06-10,2025-06-13,2025-06-16,2025-06-16,459,310,142290,3337.08,3,0,On Time,549,285,Healthy,721,100.0
ORD101568,SUP001,Alpha Industrial Supplies,Chennai,P007,Steel Gear,Mechanical,WH001,Chennai Central Warehouse,2025-02-03,2025-02-04,2025-02-08,2025-02-08,119,1650,196350,1735.59,4,0,On Time,1489,251,Overstocked,122,100.0
ORD101569,SUP004,Delta Auto Parts,Pune,P012,Oil Filter,Maintenance,WH001,Chennai Central Warehouse,2025-11-12,2025-11-13,2025-11-20,2025-11-27,135,310,41850,1632.73,7,7,Delayed,687,332,Healthy,249,50.0
ORD101570,SUP004,Delta Auto Parts,Pune,P004,Drive Shaft,Automotive,WH005,Hyderabad Warehouse,2025-12-24,2025-12-25,2025-12-31,2025-12-31,196,3200,627200,2616.32,6,0,On Time,1103,276,Overstocked,159,100.0
ORD101571,SUP004,Delta Auto Parts,Pune,P011,Clutch Plate,Automotive,WH001,Chennai Central Warehouse,2025-02-16,2025-02-18,2025-02-23,2025-02-23,430,2750,1182500,2421.25,5,0,On Time,844,272,Overstocked,400,100.0
ORD101572,SUP005,Epsilon Engineering,Hyderabad,P002,Brake Pad Set,Automotive,WH001,Chennai Central Warehouse,2025-10-03,2025-10-05,2025-10-09,2025-10-09,483,780,376740,3348.6,4,0,On Time,445,270,Healthy,641,100.0
ORD101573,SUP005,Epsilon Engineering,Hyderabad,P004,Drive Shaft,Automotive,WH003,Bengaluru Warehouse,2025-02-21,2025-02-24,2025-03-03,2025-03-03,233,3200,745600,2433.92,7,0,On Time,1516,198,Overstocked,188,100.0
ORD101574,SUP007,Omega Components,Delhi,P007,Steel Gear,Mechanical,WH005,Hyderabad Warehouse,2025-09-05,2025-09-06,2025-09-10,2025-09-10,350,1650,577500,3418.77,4,0,On Time,632,250,Overstocked,351,100.0
ORD101575,SUP001,Alpha Industrial Supplies,Chennai,P005,Hydraulic Pump,Hydraulics,WH002,Coimbatore Distribution Center,2025-12-16,2025-12-17,2025-12-22,2025-12-22,460,4800,2208000,2748.57,5,0,On Time,1406,195,Overstocked,358,100.0
ORD101576,SUP002,Beta Components Ltd,Coimbatore,P006,Control Valve,Hydraulics,WH001,Chennai Central Warehouse,2026-01-28,2026-01-30,2026-02-04,2026-02-04,425,2150,913750,3497.44,5,0,On Time,1236,194,Overstocked,415,100.0
ORD101577,SUP007,Omega Components,Delhi,P012,Oil Filter,Maintenance,WH005,Hyderabad Warehouse,2026-01-25,2026-01-27,2026-01-31,2026-01-31,344,310,106640,3537.92,4,0,On Time,754,347,Healthy,406,100.0
ORD101578,SUP007,Omega Components,Delhi,P003,Bearing Assembly,Mechanical,WH004,Pune Logistics Hub,2026-02-19,2026-02-22,2026-02-25,2026-03-03,275,540,148500,2531.63,3,6,Delayed,533,292,Healthy,293,33.33
ORD101579,SUP008,Prime Mechanical Works,Salem,P011,Clutch Plate,Automotive,WH005,Hyderabad Warehouse,2025-05-12,2025-05-13,2025-05-19,2025-05-19,493,2750,1355750,4343.12,6,0,On Time,725,207,Overstocked,612,100.0
ORD101580,SUP007,Omega Components,Delhi,P001,Brake Disc,Automotive,WH004,Pune Logistics Hub,2026-04-08,2026-04-10,2026-04-14,2026-04-22,127,1250,158750,1528.29,4,8,Delayed,72,286,Critical,165,33.33
ORD101581,SUP007,Omega Components,Delhi,P011,Clutch Plate,Automotive,WH004,Pune Logistics Hub,2025-07-10,2025-07-13,2025-07-17,2025-07-17,188,2750,517000,2676.79,4,0,On Time,730,245,Overstocked,196,100.0
ORD101582,SUP003,Gamma Manufacturing,Bengaluru,P012,Oil Filter,Maintenance,WH002,Coimbatore Distribution Center,2025-07-24,2025-07-26,2025-07-28,2025-07-28,360,310,111600,3274.77,2,0,On Time,787,330,Healthy,551,100.0
ORD101583,SUP004,Delta Auto Parts,Pune,P006,Control Valve,Hydraulics,WH002,Coimbatore Distribution Center,2026-03-07,2026-03-10,2026-03-16,2026-03-28,20,2150,43000,883.22,6,12,Delayed,785,187,Overstocked,20,33.33
ORD101584,SUP003,Gamma Manufacturing,Bengaluru,P011,Clutch Plate,Automotive,WH004,Pune Logistics Hub,2025-06-28,2025-06-30,2025-07-03,2025-07-03,255,2750,701250,3445.46,3,0,On Time,611,315,Healthy,260,100.0
ORD101585,SUP005,Epsilon Engineering,Hyderabad,P013,Air Filter,Maintenance,WH004,Pune Logistics Hub,2025-02-10,2025-02-11,2025-02-15,2025-02-15,429,260,111540,4387.21,4,0,On Time,595,310,Healthy,495,100.0
ORD101586,SUP008,Prime Mechanical Works,Salem,P012,Oil Filter,Maintenance,WH005,Hyderabad Warehouse,2026-01-26,2026-01-29,2026-02-06,2026-02-06,96,310,29760,1268.65,8,0,On Time,880,288,Overstocked,119,100.0
ORD101587,SUP003,Gamma Manufacturing,Bengaluru,P006,Control Valve,Hydraulics,WH003,Bengaluru Warehouse,2025-12-28,2025-12-30,2025-12-31,2025-12-31,404,2150,868600,3846.17,1,0,On Time,879,310,Overstocked,479,100.0
ORD101588,SUP005,Epsilon Engineering,Hyderabad,P007,Steel Gear,Mechanical,WH002,Coimbatore Distribution Center,2025-11-14,2025-11-15,2025-11-20,2025-11-20,212,1650,349800,2699.22,5,0,On Time,1243,346,Overstocked,286,100.0
ORD101589,SUP003,Gamma Manufacturing,Bengaluru,P011,Clutch Plate,Automotive,WH003,Bengaluru Warehouse,2025-03-20,2025-03-21,2025-03-23,2025-03-23,432,2750,1188000,2507.44,2,0,On Time,690,254,Overstocked,397,100.0
ORD101590,SUP002,Beta Components Ltd,Coimbatore,P004,Drive Shaft,Automotive,WH003,Bengaluru Warehouse,2025-12-11,2025-12-12,2025-12-16,2025-12-16,321,3200,1027200,3272.48,4,0,On Time,1139,257,Overstocked,323,100.0
ORD101591,SUP002,Beta Components Ltd,Coimbatore,P012,Oil Filter,Maintenance,WH002,Coimbatore Distribution Center,2025-04-19,2025-04-20,2025-04-27,2025-04-27,87,310,26970,1107.61,7,0,On Time,534,329,Healthy,101,100.0
ORD101592,SUP001,Alpha Industrial Supplies,Chennai,P005,Hydraulic Pump,Hydraulics,WH004,Pune Logistics Hub,2025-10-31,2025-11-03,2025-11-05,2025-11-08,371,4800,1780800,4391.35,2,3,Delayed,1703,220,Overstocked,367,40.0
ORD101593,SUP008,Prime Mechanical Works,Salem,P012,Oil Filter,Maintenance,WH003,Bengaluru Warehouse,2025-10-05,2025-10-07,2025-10-11,2025-10-11,37,310,11470,991.76,4,0,On Time,693,335,Healthy,62,100.0
ORD101594,SUP004,Delta Auto Parts,Pune,P001,Brake Disc,Automotive,WH001,Chennai Central Warehouse,2026-02-26,2026-02-27,2026-03-04,2026-03-04,129,1250,161250,1850.95,5,0,On Time,1157,308,Overstocked,169,100.0
ORD101595,SUP007,Omega Components,Delhi,P001,Brake Disc,Automotive,WH003,Bengaluru Warehouse,2026-06-18,2026-06-19,2026-06-21,2026-06-21,446,1250,557500,4264.44,2,0,On Time,586,288,Healthy,537,100.0
ORD101596,SUP006,Zeta Industrial Corp,Mumbai,P015,Pneumatic Cylinder,Pneumatics,WH003,Bengaluru Warehouse,2025-04-14,2025-04-15,2025-04-21,2025-04-21,440,1850,814000,2486.95,6,0,On Time,1503,192,Overstocked,385,100.0
ORD101597,SUP002,Beta Components Ltd,Coimbatore,P012,Oil Filter,Maintenance,WH005,Hyderabad Warehouse,2025-03-04,2025-03-07,2025-03-10,2025-03-10,32,310,9920,942.45,3,0,On Time,653,314,Healthy,37,100.0
ORD101598,SUP002,Beta Components Ltd,Coimbatore,P013,Air Filter,Maintenance,WH002,Coimbatore Distribution Center,2025-10-31,2025-11-02,2025-11-07,2025-11-07,196,260,50960,2446.3,5,0,On Time,898,313,Overstocked,256,100.0
ORD101599,SUP007,Omega Components,Delhi,P014,Industrial Fan,Electrical,WH003,Bengaluru Warehouse,2026-06-04,2026-06-05,2026-06-07,2026-06-07,56,3900,218400,1072.54,2,0,On Time,782,156,Overstocked,39,100.0
ORD101600,SUP003,Gamma Manufacturing,Bengaluru,P007,Steel Gear,Mechanical,WH003,Bengaluru Warehouse,2025-03-28,2025-03-31,2025-04-01,2025-04-01,143,1650,235950,1386.28,1,0,On Time,902,220,Overstocked,155,100.0
ORD101601,SUP008,Prime Mechanical Works,Salem,P004,Drive Shaft,Automotive,WH003,Bengaluru Warehouse,2025-09-24,2025-09-27,2025-10-01,2025-10-01,485,3200,1552000,4742.63,4,0,On Time,688,250,Overstocked,419,100.0
ORD101602,SUP002,Beta Components Ltd,Coimbatore,P002,Brake Pad Set,Automotive,WH001,Chennai Central Warehouse,2025-08-11,2025-08-12,2025-08-14,2025-08-14,105,780,81900,1380.05,2,0,On Time,768,323,Healthy,152,100.0
ORD101603,SUP006,Zeta Industrial Corp,Mumbai,P007,Steel Gear,Mechanical,WH005,Hyderabad Warehouse,2025-06-23,2025-06-26,2025-07-03,2025-07-03,324,1650,534600,2143.87,7,0,On Time,389,270,Healthy,356,100.0
ORD101604,SUP007,Omega Components,Delhi,P003,Bearing Assembly,Mechanical,WH005,Hyderabad Warehouse,2025-12-29,2026-01-01,2026-01-02,2026-01-02,404,540,218160,3061.94,1,0,On Time,720,358,Healthy,499,100.0
ORD101605,SUP002,Beta Components Ltd,Coimbatore,P014,Industrial Fan,Electrical,WH003,Bengaluru Warehouse,2025-06-11,2025-06-12,2025-06-15,2025-06-23,442,3900,1723800,3333.5,3,8,Delayed,1780,204,Overstocked,341,27.27
ORD101606,SUP003,Gamma Manufacturing,Bengaluru,P001,Brake Disc,Automotive,WH003,Bengaluru Warehouse,2025-09-27,2025-09-30,2025-10-03,2025-10-03,183,1250,228750,2167.7,3,0,On Time,803,275,Overstocked,235,100.0
ORD101607,SUP008,Prime Mechanical Works,Salem,P002,Brake Pad Set,Automotive,WH001,Chennai Central Warehouse,2026-04-07,2026-04-09,2026-04-13,2026-04-13,352,780,274560,2873.0,4,0,On Time,420,317,Healthy,473,100.0
ORD101608,SUP003,Gamma Manufacturing,Bengaluru,P003,Bearing Assembly,Mechanical,WH003,Bengaluru Warehouse,2025-07-27,2025-07-29,2025-07-30,2025-07-30,247,540,133380,2395.18,1,0,On Time,290,251,Healthy,297,100.0
ORD101609,SUP004,Delta Auto Parts,Pune,P003,Bearing Assembly,Mechanical,WH002,Coimbatore Distribution Center,2025-01-12,2025-01-13,2025-01-21,2025-01-21,62,540,33480,1230.85,8,0,On Time,856,260,Overstocked,69,100.0
ORD101610,SUP004,Delta Auto Parts,Pune,P003,Bearing Assembly,Mechanical,WH004,Pune Logistics Hub,2026-04-29,2026-04-30,2026-05-04,2026-05-11,119,540,64260,1430.27,4,7,Delayed,1049,310,Overstocked,145,36.36
ORD101611,SUP003,Gamma Manufacturing,Bengaluru,P009,Motor Coupling,Electrical,WH001,Chennai Central Warehouse,2025-05-30,2025-06-02,2025-06-05,2025-06-05,377,980,369460,3435.97,3,0,On Time,645,183,Overstocked,401,100.0
ORD101612,SUP007,Omega Components,Delhi,P005,Hydraulic Pump,Hydraulics,WH004,Pune Logistics Hub,2026-02-26,2026-03-01,2026-03-04,2026-03-04,346,4800,1660800,3175.18,3,0,On Time,1711,169,Overstocked,274,100.0
ORD101613,SUP007,Omega Components,Delhi,P009,Motor Coupling,Electrical,WH002,Coimbatore Distribution Center,2026-02-21,2026-02-22,2026-02-26,2026-02-26,265,980,259700,2343.67,4,0,On Time,898,182,Overstocked,190,100.0
ORD101614,SUP003,Gamma Manufacturing,Bengaluru,P013,Air Filter,Maintenance,WH003,Bengaluru Warehouse,2025-10-15,2025-10-16,2025-10-20,2025-10-20,393,260,102180,3544.64,4,0,On Time,262,336,Low,533,100.0
ORD101615,SUP007,Omega Components,Delhi,P009,Motor Coupling,Electrical,WH003,Bengaluru Warehouse,2025-02-17,2025-02-19,2025-02-21,2025-02-21,349,980,342020,3550.86,2,0,On Time,459,165,Overstocked,316,100.0
ORD101616,SUP002,Beta Components Ltd,Coimbatore,P010,Pressure Sensor,Electrical,WH001,Chennai Central Warehouse,2026-06-03,2026-06-06,2026-06-10,2026-06-10,176,1450,255200,2269.24,4,0,On Time,1332,250,Overstocked,134,100.0
ORD101617,SUP001,Alpha Industrial Supplies,Chennai,P005,Hydraulic Pump,Hydraulics,WH002,Coimbatore Distribution Center,2026-01-07,2026-01-10,2026-01-13,2026-01-15,154,4800,739200,1641.02,3,2,Delayed,1125,177,Overstocked,111,60.0
ORD101618,SUP005,Epsilon Engineering,Hyderabad,P002,Brake Pad Set,Automotive,WH004,Pune Logistics Hub,2025-08-20,2025-08-23,2025-08-28,2025-08-28,474,780,369720,3038.52,5,0,On Time,941,269,Overstocked,632,100.0
ORD101619,SUP008,Prime Mechanical Works,Salem,P005,Hydraulic Pump,Hydraulics,WH003,Bengaluru Warehouse,2026-04-12,2026-04-14,2026-04-17,2026-04-19,487,4800,2337600,4007.16,3,2,Delayed,686,216,Overstocked,348,60.0
ORD101620,SUP001,Alpha Industrial Supplies,Chennai,P014,Industrial Fan,Electrical,WH001,Chennai Central Warehouse,2026-03-07,2026-03-08,2026-03-14,2026-03-14,25,3900,97500,978.78,6,0,On Time,1359,125,Overstocked,16,100.0
ORD101621,SUP002,Beta Components Ltd,Coimbatore,P009,Motor Coupling,Electrical,WH002,Coimbatore Distribution Center,2026-02-20,2026-02-23,2026-02-26,2026-02-26,398,980,390040,2699.88,3,0,On Time,901,210,Overstocked,358,100.0
ORD101622,SUP004,Delta Auto Parts,Pune,P004,Drive Shaft,Automotive,WH002,Coimbatore Distribution Center,2025-04-02,2025-04-05,2025-04-10,2025-04-10,75,3200,240000,1483.79,5,0,On Time,964,205,Overstocked,55,100.0
ORD101623,SUP007,Omega Components,Delhi,P007,Steel Gear,Mechanical,WH003,Bengaluru Warehouse,2025-12-12,2025-12-14,2025-12-16,2025-12-16,432,1650,712800,4500.28,2,0,On Time,707,232,Overstocked,464,100.0
ORD101624,SUP001,Alpha Industrial Supplies,Chennai,P012,Oil Filter,Maintenance,WH003,Bengaluru Warehouse,2025-06-06,2025-06-08,2025-06-10,2025-06-10,299,310,92690,2755.35,2,0,On Time,576,314,Healthy,477,100.0
ORD101625,SUP004,Delta Auto Parts,Pune,P009,Motor Coupling,Electrical,WH001,Chennai Central Warehouse,2025-02-12,2025-02-13,2025-02-17,2025-02-17,347,980,340060,2795.73,4,0,On Time,999,162,Overstocked,314,100.0
ORD101626,SUP006,Zeta Industrial Corp,Mumbai,P008,Timing Belt,Automotive,WH003,Bengaluru Warehouse,2025-07-04,2025-07-06,2025-07-10,2025-07-10,354,620,219480,2165.19,4,0,On Time,792,328,Healthy,442,100.0
ORD101627,SUP003,Gamma Manufacturing,Bengaluru,P013,Air Filter,Maintenance,WH004,Pune Logistics Hub,2025-02-26,2025-02-27,2025-03-02,2025-03-02,307,260,79820,3085.22,3,0,On Time,715,282,Overstocked,317,100.0
ORD101628,SUP002,Beta Components Ltd,Coimbatore,P010,Pressure Sensor,Electrical,WH004,Pune Logistics Hub,2025-02-27,2025-03-01,2025-03-04,2025-03-04,133,1450,192850,1829.82,3,0,On Time,1326,145,Overstocked,86,100.0
ORD101629,SUP002,Beta Components Ltd,Coimbatore,P009,Motor Coupling,Electrical,WH001,Chennai Central Warehouse,2026-02-01,2026-02-02,2026-02-07,2026-02-12,406,980,397880,4124.12,5,5,Delayed,571,165,Overstocked,368,50.0
ORD101630,SUP004,Delta Auto Parts,Pune,P002,Brake Pad Set,Automotive,WH002,Coimbatore Distribution Center,2025-10-01,2025-10-03,2025-10-08,2025-10-08,282,780,219960,2569.75,5,0,On Time,272,406,Low,368,100.0
ORD101631,SUP004,Delta Auto Parts,Pune,P002,Brake Pad Set,Automotive,WH002,Coimbatore Distribution Center,2025-08-06,2025-08-07,2025-08-11,2025-08-11,277,780,216060,1995.54,4,0,On Time,901,267,Overstocked,396,100.0
ORD101632,SUP007,Omega Components,Delhi,P014,Industrial Fan,Electrical,WH001,Chennai Central Warehouse,2025-04-15,2025-04-18,2025-04-21,2025-04-28,166,3900,647400,1600.48,3,7,Delayed,901,151,Overstocked,123,30.0
ORD101633,SUP005,Epsilon Engineering,Hyderabad,P008,Timing Belt,Automotive,WH002,Coimbatore Distribution Center,2026-02-25,2026-02-27,2026-03-04,2026-03-04,14,620,8680,770.79,5,0,On Time,600,287,Healthy,13,100.0
ORD101634,SUP006,Zeta Industrial Corp,Mumbai,P006,Control Valve,Hydraulics,WH001,Chennai Central Warehouse,2025-12-13,2025-12-16,2025-12-21,2025-12-21,282,2150,606300,3181.25,5,0,On Time,714,212,Overstocked,321,100.0
ORD101635,SUP008,Prime Mechanical Works,Salem,P008,Timing Belt,Automotive,WH001,Chennai Central Warehouse,2025-11-16,2025-11-17,2025-11-21,2025-11-21,179,620,110980,2122.44,4,0,On Time,570,434,Healthy,297,100.0
ORD101636,SUP004,Delta Auto Parts,Pune,P001,Brake Disc,Automotive,WH004,Pune Logistics Hub,2025-04-14,2025-04-15,2025-04-19,2025-04-19,333,1250,416250,3932.13,4,0,On Time,315,249,Healthy,487,100.0
ORD101637,SUP004,Delta Auto Parts,Pune,P012,Oil Filter,Maintenance,WH002,Coimbatore Distribution Center,2025-03-09,2025-03-10,2025-03-14,2025-03-14,188,310,58280,2306.71,4,0,On Time,506,368,Healthy,253,100.0
ORD101638,SUP008,Prime Mechanical Works,Salem,P003,Bearing Assembly,Mechanical,WH004,Pune Logistics Hub,2025-03-09,2025-03-11,2025-03-14,2025-03-15,487,540,262980,3066.93,3,1,Delayed,838,251,Overstocked,483,75.0
ORD101639,SUP002,Beta Components Ltd,Coimbatore,P012,Oil Filter,Maintenance,WH001,Chennai Central Warehouse,2025-01-14,2025-01-15,2025-01-21,2025-01-21,344,310,106640,3241.66,6,0,On Time,653,252,Overstocked,448,100.0
ORD101640,SUP006,Zeta Industrial Corp,Mumbai,P008,Timing Belt,Automotive,WH003,Bengaluru Warehouse,2026-06-14,2026-06-17,2026-06-22,2026-06-22,233,620,144460,2603.86,5,0,On Time,840,304,Overstocked,323,100.0
ORD101641,SUP006,Zeta Industrial Corp,Mumbai,P004,Drive Shaft,Automotive,WH002,Coimbatore Distribution Center,2025-07-20,2025-07-23,2025-07-27,2025-07-28,357,3200,1142400,2542.99,4,1,Delayed,847,245,Overstocked,302,80.0
ORD101642,SUP001,Alpha Industrial Supplies,Chennai,P001,Brake Disc,Automotive,WH004,Pune Logistics Hub,2025-12-26,2025-12-29,2026-01-01,2026-01-01,328,1250,410000,3189.25,3,0,On Time,788,355,Healthy,438,100.0
ORD101643,SUP004,Delta Auto Parts,Pune,P012,Oil Filter,Maintenance,WH004,Pune Logistics Hub,2026-06-21,2026-06-22,2026-06-27,2026-06-27,314,310,97340,3399.16,5,0,On Time,486,283,Healthy,512,100.0
ORD101644,SUP002,Beta Components Ltd,Coimbatore,P002,Brake Pad Set,Automotive,WH002,Coimbatore Distribution Center,2026-05-27,2026-05-29,2026-06-01,2026-06-01,293,780,228540,3321.61,3,0,On Time,206,380,Critical,380,100.0
ORD101645,SUP002,Beta Components Ltd,Coimbatore,P001,Brake Disc,Automotive,WH003,Bengaluru Warehouse,2025-06-25,2025-06-27,2025-07-02,2025-07-02,467,1250,583750,2833.21,5,0,On Time,751,285,Overstocked,614,100.0
ORD101646,SUP004,Delta Auto Parts,Pune,P011,Clutch Plate,Automotive,WH001,Chennai Central Warehouse,2025-09-25,2025-09-27,2025-10-02,2025-10-09,165,2750,453750,2183.16,5,7,Delayed,1065,213,Overstocked,168,41.67
ORD101647,SUP003,Gamma Manufacturing,Bengaluru,P005,Hydraulic Pump,Hydraulics,WH003,Bengaluru Warehouse,2025-09-10,2025-09-12,2025-09-17,2025-09-17,222,4800,1065600,2960.21,5,0,On Time,925,159,Overstocked,171,100.0
ORD101648,SUP007,Omega Components,Delhi,P006,Control Valve,Hydraulics,WH001,Chennai Central Warehouse,2025-01-19,2025-01-22,2025-01-27,2025-01-27,134,2150,288100,1888.47,5,0,On Time,1248,253,Overstocked,120,100.0
ORD101649,SUP008,Prime Mechanical Works,Salem,P003,Bearing Assembly,Mechanical,WH002,Coimbatore Distribution Center,2026-02-24,2026-02-27,2026-03-05,2026-03-05,289,540,156060,1786.17,6,0,On Time,530,207,Overstocked,269,100.0
ORD101650,SUP007,Omega Components,Delhi,P012,Oil Filter,Maintenance,WH001,Chennai Central Warehouse,2025-11-10,2025-11-11,2025-11-15,2025-11-15,495,310,153450,3043.61,4,0,On Time,798,337,Healthy,809,100.0
ORD101651,SUP003,Gamma Manufacturing,Bengaluru,P004,Drive Shaft,Automotive,WH005,Hyderabad Warehouse,2025-07-22,2025-07-23,2025-07-25,2025-07-25,308,3200,985600,3360.81,2,0,On Time,1609,242,Overstocked,230,100.0
ORD101652,SUP003,Gamma Manufacturing,Bengaluru,P003,Bearing Assembly,Mechanical,WH002,Coimbatore Distribution Center,2025-11-01,2025-11-02,2025-11-06,2025-11-06,111,540,59940,1332.1,4,0,On Time,745,352,Healthy,142,100.0
ORD101653,SUP003,Gamma Manufacturing,Bengaluru,P004,Drive Shaft,Automotive,WH003,Bengaluru Warehouse,2026-02-06,2026-02-08,2026-02-11,2026-02-11,462,3200,1478400,2710.89,3,0,On Time,983,162,Overstocked,301,100.0
ORD101654,SUP002,Beta Components Ltd,Coimbatore,P003,Bearing Assembly,Mechanical,WH002,Coimbatore Distribution Center,2025-01-09,2025-01-11,2025-01-17,2025-01-17,398,540,214920,3929.48,6,0,On Time,710,265,Overstocked,398,100.0
ORD101655,SUP008,Prime Mechanical Works,Salem,P004,Drive Shaft,Automotive,WH002,Coimbatore Distribution Center,2025-12-19,2025-12-22,2025-12-27,2025-12-27,226,3200,723200,1694.92,5,0,On Time,1555,198,Overstocked,202,100.0
ORD101656,SUP004,Delta Auto Parts,Pune,P001,Brake Disc,Automotive,WH001,Chennai Central Warehouse,2026-04-16,2026-04-17,2026-04-23,2026-04-23,81,1250,101250,1201.4,6,0,On Time,770,319,Healthy,103,100.0
ORD101657,SUP002,Beta Components Ltd,Coimbatore,P002,Brake Pad Set,Automotive,WH005,Hyderabad Warehouse,2026-02-01,2026-02-02,2026-02-06,2026-02-06,207,780,161460,2785.07,4,0,On Time,1162,249,Overstocked,244,100.0
ORD101658,SUP007,Omega Components,Delhi,P006,Control Valve,Hydraulics,WH004,Pune Logistics Hub,2025-12-05,2025-12-06,2025-12-11,2025-12-11,404,2150,868600,3601.31,5,0,On Time,872,281,Overstocked,439,100.0
ORD101659,SUP004,Delta Auto Parts,Pune,P013,Air Filter,Maintenance,WH001,Chennai Central Warehouse,2025-02-19,2025-02-20,2025-02-24,2025-02-24,293,260,76180,3205.39,4,0,On Time,580,289,Healthy,328,100.0
ORD101660,SUP001,Alpha Industrial Supplies,Chennai,P001,Brake Disc,Automotive,WH004,Pune Logistics Hub,2026-02-11,2026-02-12,2026-02-18,2026-02-18,101,1250,126250,1415.34,6,0,On Time,490,261,Healthy,100,100.0
ORD101661,SUP002,Beta Components Ltd,Coimbatore,P003,Bearing Assembly,Mechanical,WH002,Coimbatore Distribution Center,2026-02-14,2026-02-15,2026-02-19,2026-02-19,87,540,46980,1202.39,4,0,On Time,751,206,Overstocked,86,100.0
ORD101662,SUP005,Epsilon Engineering,Hyderabad,P013,Air Filter,Maintenance,WH001,Chennai Central Warehouse,2025-09-27,2025-09-30,2025-10-03,2025-10-03,484,260,125840,2687.87,3,0,On Time,242,288,Low,537,100.0
ORD101663,SUP007,Omega Components,Delhi,P013,Air Filter,Maintenance,WH003,Bengaluru Warehouse,2025-11-15,2025-11-18,2025-11-20,2025-11-20,229,260,59540,2086.29,2,0,On Time,623,392,Healthy,325,100.0
ORD101664,SUP002,Beta Components Ltd,Coimbatore,P010,Pressure Sensor,Electrical,WH001,Chennai Central Warehouse,2025-12-04,2025-12-07,2025-12-09,2025-12-09,346,1450,501700,2589.71,2,0,On Time,904,254,Overstocked,329,100.0
ORD101665,SUP008,Prime Mechanical Works,Salem,P003,Bearing Assembly,Mechanical,WH001,Chennai Central Warehouse,2025-03-08,2025-03-10,2025-03-15,2025-03-15,187,540,100980,2246.5,5,0,On Time,834,303,Overstocked,224,100.0
ORD101666,SUP007,Omega Components,Delhi,P006,Control Valve,Hydraulics,WH004,Pune Logistics Hub,2025-05-21,2025-05-23,2025-05-25,2025-05-25,54,2150,116100,1278.67,2,0,On Time,1310,305,Overstocked,56,100.0
ORD101667,SUP007,Omega Components,Delhi,P003,Bearing Assembly,Mechanical,WH002,Coimbatore Distribution Center,2026-03-09,2026-03-12,2026-03-15,2026-03-15,212,540,114480,1521.41,3,0,On Time,749,308,Healthy,225,100.0
ORD101668,SUP002,Beta Components Ltd,Coimbatore,P002,Brake Pad Set,Automotive,WH005,Hyderabad Warehouse,2026-06-16,2026-06-17,2026-06-22,2026-06-22,350,780,273000,2348.26,5,0,On Time,250,398,Critical,437,100.0
ORD101669,SUP001,Alpha Industrial Supplies,Chennai,P006,Control Valve,Hydraulics,WH003,Bengaluru Warehouse,2025-05-28,2025-05-30,2025-06-02,2025-06-02,173,2150,371950,2081.51,3,0,On Time,625,265,Healthy,202,100.0
ORD101670,SUP007,Omega Components,Delhi,P008,Timing Belt,Automotive,WH004,Pune Logistics Hub,2025-08-07,2025-08-10,2025-08-13,2025-08-13,306,620,189720,2987.12,3,0,On Time,699,267,Overstocked,348,100.0
ORD101671,SUP003,Gamma Manufacturing,Bengaluru,P005,Hydraulic Pump,Hydraulics,WH003,Bengaluru Warehouse,2026-05-15,2026-05-17,2026-05-18,2026-05-18,225,4800,1080000,2097.99,1,0,On Time,1168,207,Overstocked,157,100.0
ORD101672,SUP005,Epsilon Engineering,Hyderabad,P009,Motor Coupling,Electrical,WH005,Hyderabad Warehouse,2025-03-30,2025-03-31,2025-04-04,2025-04-05,175,980,171500,1709.1,4,1,Delayed,1394,189,Overstocked,140,80.0
ORD101673,SUP006,Zeta Industrial Corp,Mumbai,P004,Drive Shaft,Automotive,WH002,Coimbatore Distribution Center,2025-05-23,2025-05-25,2025-06-02,2025-06-02,135,3200,432000,1411.77,8,0,On Time,1332,170,Overstocked,134,100.0
ORD101674,SUP002,Beta Components Ltd,Coimbatore,P005,Hydraulic Pump,Hydraulics,WH003,Bengaluru Warehouse,2025-01-31,2025-02-03,2025-02-08,2025-02-08,138,4800,662400,1733.42,5,0,On Time,1481,158,Overstocked,110,100.0
ORD101675,SUP007,Omega Components,Delhi,P012,Oil Filter,Maintenance,WH003,Bengaluru Warehouse,2025-05-09,2025-05-10,2025-05-13,2025-05-13,135,310,41850,1245.47,3,0,On Time,607,321,Healthy,179,100.0
ORD101676,SUP008,Prime Mechanical Works,Salem,P013,Air Filter,Maintenance,WH005,Hyderabad Warehouse,2025-12-14,2025-12-16,2025-12-20,2025-12-20,362,260,94120,3853.39,4,0,On Time,968,353,Overstocked,407,100.0
ORD101677,SUP006,Zeta Industrial Corp,Mumbai,P005,Hydraulic Pump,Hydraulics,WH001,Chennai Central Warehouse,2025-07-10,2025-07-11,2025-07-16,2025-07-16,175,4800,840000,1780.23,5,0,On Time,799,176,Overstocked,146,100.0
ORD101678,SUP004,Delta Auto Parts,Pune,P008,Timing Belt,Automotive,WH003,Bengaluru Warehouse,2026-06-21,2026-06-22,2026-06-28,2026-07-09,374,620,231880,3114.13,6,11,Delayed,950,248,Overstocked,465,35.29
ORD101679,SUP007,Omega Components,Delhi,P004,Drive Shaft,Automotive,WH004,Pune Logistics Hub,2026-05-02,2026-05-05,2026-05-08,2026-05-08,162,3200,518400,2070.38,3,0,On Time,860,251,Overstocked,120,100.0
ORD101680,SUP004,Delta Auto Parts,Pune,P001,Brake Disc,Automotive,WH002,Coimbatore Distribution Center,2026-05-05,2026-05-07,2026-05-13,2026-05-24,170,1250,212500,1576.0,6,11,Delayed,339,343,Low,227,35.29
ORD101681,SUP006,Zeta Industrial Corp,Mumbai,P011,Clutch Plate,Automotive,WH005,Hyderabad Warehouse,2026-02-01,2026-02-02,2026-02-06,2026-02-06,463,2750,1273250,5188.56,4,0,On Time,977,194,Overstocked,416,100.0
ORD101682,SUP007,Omega Components,Delhi,P002,Brake Pad Set,Automotive,WH002,Coimbatore Distribution Center,2026-01-19,2026-01-21,2026-01-23,2026-01-23,440,780,343200,4060.01,2,0,On Time,985,246,Overstocked,481,100.0
ORD101683,SUP006,Zeta Industrial Corp,Mumbai,P006,Control Valve,Hydraulics,WH001,Chennai Central Warehouse,2025-10-06,2025-10-07,2025-10-12,2025-10-12,206,2150,442900,2480.37,5,0,On Time,775,226,Overstocked,242,100.0
ORD101684,SUP003,Gamma Manufacturing,Bengaluru,P007,Steel Gear,Mechanical,WH003,Bengaluru Warehouse,2026-06-25,2026-06-28,2026-06-30,2026-06-30,141,1650,232650,1668.8,2,0,On Time,1226,340,Overstocked,177,100.0
ORD101685,SUP001,Alpha Industrial Supplies,Chennai,P002,Brake Pad Set,Automotive,WH002,Coimbatore Distribution Center,2025-02-22,2025-02-25,2025-03-01,2025-03-01,361,780,281580,2942.19,4,0,On Time,307,236,Healthy,406,100.0
ORD101686,SUP002,Beta Components Ltd,Coimbatore,P001,Brake Disc,Automotive,WH001,Chennai Central Warehouse,2026-01-30,2026-01-31,2026-02-04,2026-02-04,44,1250,55000,953.94,4,0,On Time,412,348,Healthy,45,100.0
ORD101687,SUP004,Delta Auto Parts,Pune,P005,Hydraulic Pump,Hydraulics,WH001,Chennai Central Warehouse,2025-03-18,2025-03-19,2025-03-22,2025-03-22,234,4800,1123200,2398.9,3,0,On Time,1079,163,Overstocked,150,100.0
ORD101688,SUP004,Delta Auto Parts,Pune,P014,Industrial Fan,Electrical,WH001,Chennai Central Warehouse,2025-07-05,2025-07-08,2025-07-14,2025-07-14,304,3900,1185600,2884.58,6,0,On Time,1148,186,Overstocked,227,100.0
ORD101689,SUP005,Epsilon Engineering,Hyderabad,P009,Motor Coupling,Electrical,WH004,Pune Logistics Hub,2025-05-20,2025-05-23,2025-05-25,2025-05-30,341,980,334180,3113.24,2,5,Delayed,658,183,Overstocked,300,28.57
ORD101690,SUP004,Delta Auto Parts,Pune,P006,Control Valve,Hydraulics,WH005,Hyderabad Warehouse,2025-11-25,2025-11-28,2025-12-04,2025-12-04,62,2150,133300,1064.17,6,0,On Time,898,287,Overstocked,71,100.0
ORD101691,SUP007,Omega Components,Delhi,P001,Brake Disc,Automotive,WH003,Bengaluru Warehouse,2026-03-06,2026-03-09,2026-03-12,2026-03-12,11,1250,13750,802.26,3,0,On Time,562,286,Healthy,12,100.0
ORD101692,SUP008,Prime Mechanical Works,Salem,P009,Motor Coupling,Electrical,WH001,Chennai Central Warehouse,2025-02-13,2025-02-16,2025-02-23,2025-02-23,145,980,142100,1238.78,7,0,On Time,833,186,Overstocked,110,100.0
ORD101693,SUP002,Beta Components Ltd,Coimbatore,P001,Brake Disc,Automotive,WH003,Bengaluru Warehouse,2025-11-25,2025-11-27,2025-12-02,2025-12-09,68,1250,85000,1135.04,5,7,Delayed,742,467,Healthy,106,41.67
ORD101694,SUP006,Zeta Industrial Corp,Mumbai,P008,Timing Belt,Automotive,WH005,Hyderabad Warehouse,2025-05-02,2025-05-05,2025-05-09,2025-05-09,259,620,160580,2712.7,4,0,On Time,540,342,Healthy,304,100.0
ORD101695,SUP006,Zeta Industrial Corp,Mumbai,P011,Clutch Plate,Automotive,WH004,Pune Logistics Hub,2025-02-12,2025-02-15,2025-02-17,2025-02-17,461,2750,1267750,5618.97,2,0,On Time,732,199,Overstocked,444,100.0
ORD101696,SUP004,Delta Auto Parts,Pune,P006,Control Valve,Hydraulics,WH002,Coimbatore Distribution Center,2025-08-16,2025-08-17,2025-08-22,2025-08-22,150,2150,322500,1490.86,5,0,On Time,671,274,Healthy,145,100.0
ORD101697,SUP002,Beta Components Ltd,Coimbatore,P004,Drive Shaft,Automotive,WH001,Chennai Central Warehouse,2025-11-14,2025-11-15,2025-11-18,2025-11-18,232,3200,742400,1659.87,3,0,On Time,641,202,Overstocked,252,100.0
ORD101698,SUP007,Omega Components,Delhi,P001,Brake Disc,Automotive,WH005,Hyderabad Warehouse,2025-04-21,2025-04-23,2025-04-28,2025-04-28,115,1250,143750,1414.13,5,0,On Time,818,383,Healthy,156,100.0
ORD101699,SUP008,Prime Mechanical Works,Salem,P001,Brake Disc,Automotive,WH005,Hyderabad Warehouse,2025-08-01,2025-08-04,2025-08-08,2025-08-08,31,1250,38750,887.14,4,0,On Time,1022,312,Overstocked,38,100.0
ORD101700,SUP006,Zeta Industrial Corp,Mumbai,P007,Steel Gear,Mechanical,WH001,Chennai Central Warehouse,2026-06-05,2026-06-08,2026-06-14,2026-06-14,355,1650,585750,3329.9,6,0,On Time,1093,246,Overstocked,456,100.0
ORD101701,SUP008,Prime Mechanical Works,Salem,P013,Air Filter,Maintenance,WH004,Pune Logistics Hub,2025-07-09,2025-07-10,2025-07-14,2025-07-14,135,260,35100,1277.3,4,0,On Time,732,258,Overstocked,181,100.0
ORD101702,SUP008,Prime Mechanical Works,Salem,P003,Bearing Assembly,Mechanical,WH001,Chennai Central Warehouse,2026-06-28,2026-06-30,2026-07-04,2026-07-04,278,540,150120,3194.0,4,0,On Time,609,253,Healthy,303,100.0
ORD101703,SUP003,Gamma Manufacturing,Bengaluru,P008,Timing Belt,Automotive,WH001,Chennai Central Warehouse,2026-04-01,2026-04-04,2026-04-07,2026-04-07,345,620,213900,3544.62,3,0,On Time,652,362,Healthy,449,100.0
ORD101704,SUP005,Epsilon Engineering,Hyderabad,P010,Pressure Sensor,Electrical,WH004,Pune Logistics Hub,2025-07-22,2025-07-23,2025-07-29,2025-07-29,422,1450,611900,3883.07,6,0,On Time,1279,183,Overstocked,361,100.0
ORD101705,SUP004,Delta Auto Parts,Pune,P001,Brake Disc,Automotive,WH003,Bengaluru Warehouse,2025-11-11,2025-11-14,2025-11-20,2025-11-20,101,1250,126250,1685.36,6,0,On Time,169,318,Critical,166,100.0
ORD101706,SUP008,Prime Mechanical Works,Salem,P002,Brake Pad Set,Automotive,WH002,Coimbatore Distribution Center,2026-01-23,2026-01-24,2026-01-27,2026-01-27,295,780,230100,2882.72,3,0,On Time,594,318,Healthy,289,100.0
ORD101707,SUP001,Alpha Industrial Supplies,Chennai,P005,Hydraulic Pump,Hydraulics,WH005,Hyderabad Warehouse,2025-09-11,2025-09-12,2025-09-17,2025-09-17,457,4800,2193600,5569.03,5,0,On Time,1353,174,Overstocked,324,100.0
ORD101708,SUP004,Delta Auto Parts,Pune,P010,Pressure Sensor,Electrical,WH004,Pune Logistics Hub,2025-08-11,2025-08-12,2025-08-17,2025-08-17,247,1450,358150,2209.1,5,0,On Time,593,168,Overstocked,197,100.0
ORD101709,SUP007,Omega Components,Delhi,P007,Steel Gear,Mechanical,WH001,Chennai Central Warehouse,2025-06-30,2025-07-03,2025-07-06,2025-07-06,29,1650,47850,994.6,3,0,On Time,922,309,Overstocked,30,100.0
ORD101710,SUP003,Gamma Manufacturing,Bengaluru,P011,Clutch Plate,Automotive,WH003,Bengaluru Warehouse,2025-03-18,2025-03-21,2025-03-22,2025-03-22,138,2750,379500,1468.02,1,0,On Time,956,188,Overstocked,132,100.0
ORD101711,SUP007,Omega Components,Delhi,P012,Oil Filter,Maintenance,WH004,Pune Logistics Hub,2025-01-14,2025-01-15,2025-01-19,2025-01-19,400,310,124000,3317.63,4,0,On Time,304,347,Low,549,100.0
ORD101712,SUP003,Gamma Manufacturing,Bengaluru,P011,Clutch Plate,Automotive,WH003,Bengaluru Warehouse,2025-07-03,2025-07-05,2025-07-08,2025-07-08,398,2750,1094500,4553.5,3,0,On Time,874,258,Overstocked,392,100.0
ORD101713,SUP008,Prime Mechanical Works,Salem,P015,Pneumatic Cylinder,Pneumatics,WH005,Hyderabad Warehouse,2026-03-11,2026-03-12,2026-03-17,2026-03-17,164,1850,303400,1780.6,5,0,On Time,766,183,Overstocked,135,100.0
ORD101714,SUP007,Omega Components,Delhi,P011,Clutch Plate,Automotive,WH004,Pune Logistics Hub,2025-05-08,2025-05-11,2025-05-14,2025-05-20,106,2750,291500,1324.84,3,6,Delayed,863,260,Overstocked,106,33.33
ORD101715,SUP003,Gamma Manufacturing,Bengaluru,P012,Oil Filter,Maintenance,WH001,Chennai Central Warehouse,2025-04-09,2025-04-12,2025-04-14,2025-04-14,153,310,47430,1297.93,2,0,On Time,798,296,Overstocked,204,100.0
ORD101716,SUP007,Omega Components,Delhi,P012,Oil Filter,Maintenance,WH001,Chennai Central Warehouse,2025-06-29,2025-07-02,2025-07-05,2025-07-05,128,310,39680,1264.61,3,0,On Time,740,360,Healthy,203,100.0
ORD101717,SUP003,Gamma Manufacturing,Bengaluru,P011,Clutch Plate,Automotive,WH004,Pune Logistics Hub,2025-11-23,2025-11-25,2025-11-29,2025-12-01,373,2750,1025750,3230.26,4,2,Delayed,777,315,Healthy,513,66.67
ORD101718,SUP005,Epsilon Engineering,Hyderabad,P012,Oil Filter,Maintenance,WH005,Hyderabad Warehouse,2025-04-28,2025-04-29,2025-05-04,2025-05-04,423,310,131130,3534.54,5,0,On Time,689,374,Healthy,564,100.0
ORD101719,SUP005,Epsilon Engineering,Hyderabad,P014,Industrial Fan,Electrical,WH001,Chennai Central Warehouse,2025-05-01,2025-05-02,2025-05-06,2025-05-06,32,3900,124800,1062.13,4,0,On Time,801,168,Overstocked,22,100.0
ORD101720,SUP007,Omega Components,Delhi,P007,Steel Gear,Mechanical,WH001,Chennai Central Warehouse,2025-03-03,2025-03-06,2025-03-10,2025-03-10,373,1650,615450,3722.3,4,0,On Time,801,290,Overstocked,356,100.0
ORD101721,SUP001,Alpha Industrial Supplies,Chennai,P009,Motor Coupling,Electrical,WH004,Pune Logistics Hub,2025-07-01,2025-07-03,2025-07-06,2025-07-13,379,980,371420,2363.56,3,7,Delayed,622,181,Overstocked,401,30.0
ORD101722,SUP002,Beta Components Ltd,Coimbatore,P008,Timing Belt,Automotive,WH001,Chennai Central Warehouse,2025-04-29,2025-04-30,2025-05-03,2025-05-03,310,620,192200,3226.09,3,0,On Time,965,361,Overstocked,362,100.0
ORD101723,SUP006,Zeta Industrial Corp,Mumbai,P012,Oil Filter,Maintenance,WH001,Chennai Central Warehouse,2026-03-30,2026-04-02,2026-04-07,2026-04-11,437,310,135470,3621.63,5,4,Delayed,801,271,Overstocked,541,55.56
ORD101724,SUP005,Epsilon Engineering,Hyderabad,P007,Steel Gear,Mechanical,WH005,Hyderabad Warehouse,2026-05-10,2026-05-11,2026-05-14,2026-05-14,29,1650,47850,1005.51,3,0,On Time,953,319,Overstocked,32,100.0
ORD101725,SUP004,Delta Auto Parts,Pune,P012,Oil Filter,Maintenance,WH004,Pune Logistics Hub,2025-07-22,2025-07-25,2025-07-31,2025-08-04,353,310,109430,3957.75,6,4,Delayed,913,326,Overstocked,413,60.0
ORD101726,SUP001,Alpha Industrial Supplies,Chennai,P012,Oil Filter,Maintenance,WH005,Hyderabad Warehouse,2025-02-16,2025-02-17,2025-02-19,2025-02-19,72,310,22320,1405.85,2,0,On Time,560,238,Healthy,82,100.0
ORD101727,SUP003,Gamma Manufacturing,Bengaluru,P014,Industrial Fan,Electrical,WH003,Bengaluru Warehouse,2025-02-17,2025-02-19,2025-02-21,2025-02-23,450,3900,1755000,2762.83,2,2,Delayed,1071,136,Overstocked,304,50.0
ORD101728,SUP007,Omega Components,Delhi,P003,Bearing Assembly,Mechanical,WH002,Coimbatore Distribution Center,2025-06-27,2025-06-28,2025-06-29,2025-06-29,255,540,137700,2493.68,1,0,On Time,650,358,Healthy,274,100.0
ORD101729,SUP001,Alpha Industrial Supplies,Chennai,P010,Pressure Sensor,Electrical,WH005,Hyderabad Warehouse,2025-09-11,2025-09-14,2025-09-17,2025-09-17,54,1450,78300,1285.81,3,0,On Time,482,248,Healthy,44,100.0
ORD101730,SUP004,Delta Auto Parts,Pune,P011,Clutch Plate,Automotive,WH002,Coimbatore Distribution Center,2025-10-16,2025-10-18,2025-10-25,2025-10-25,376,2750,1034000,3736.96,7,0,On Time,403,317,Healthy,406,100.0
ORD101731,SUP008,Prime Mechanical Works,Salem,P014,Industrial Fan,Electrical,WH002,Coimbatore Distribution Center,2025-06-16,2025-06-18,2025-06-22,2025-06-22,377,3900,1470300,2442.81,4,0,On Time,1500,168,Overstocked,253,100.0
ORD101732,SUP001,Alpha Industrial Supplies,Chennai,P013,Air Filter,Maintenance,WH005,Hyderabad Warehouse,2025-07-13,2025-07-15,2025-07-19,2025-07-19,237,260,61620,2582.14,4,0,On Time,384,301,Healthy,319,100.0
ORD101733,SUP006,Zeta Industrial Corp,Mumbai,P008,Timing Belt,Automotive,WH004,Pune Logistics Hub,2025-06-04,2025-06-07,2025-06-15,2025-06-15,162,620,100440,2258.15,8,0,On Time,415,282,Healthy,227,100.0
ORD101734,SUP003,Gamma Manufacturing,Bengaluru,P008,Timing Belt,Automotive,WH005,Hyderabad Warehouse,2025-10-10,2025-10-11,2025-10-14,2025-10-16,18,620,11160,819.37,3,2,Delayed,669,363,Healthy,28,60.0
ORD101735,SUP007,Omega Components,Delhi,P002,Brake Pad Set,Automotive,WH001,Chennai Central Warehouse,2026-01-16,2026-01-17,2026-01-19,2026-01-19,455,780,354900,3886.02,2,0,On Time,612,247,Healthy,574,100.0
ORD101736,SUP006,Zeta Industrial Corp,Mumbai,P015,Pneumatic Cylinder,Pneumatics,WH005,Hyderabad Warehouse,2025-01-24,2025-01-25,2025-01-29,2025-01-29,100,1850,185000,1691.94,4,0,On Time,1242,227,Overstocked,84,100.0
ORD101737,SUP007,Omega Components,Delhi,P003,Bearing Assembly,Mechanical,WH003,Bengaluru Warehouse,2025-09-19,2025-09-22,2025-09-25,2025-09-25,423,540,228420,3684.35,3,0,On Time,788,323,Healthy,521,100.0
ORD101738,SUP002,Beta Components Ltd,Coimbatore,P011,Clutch Plate,Automotive,WH004,Pune Logistics Hub,2025-12-21,2025-12-24,2025-12-27,2025-12-27,299,2750,822250,2406.55,3,0,On Time,559,266,Healthy,345,100.0
ORD101739,SUP004,Delta Auto Parts,Pune,P012,Oil Filter,Maintenance,WH005,Hyderabad Warehouse,2026-01-03,2026-01-05,2026-01-10,2026-01-10,346,310,107260,3301.26,5,0,On Time,830,323,Overstocked,452,100.0
ORD101740,SUP007,Omega Components,Delhi,P007,Steel Gear,Mechanical,WH002,Coimbatore Distribution Center,2025-11-04,2025-11-05,2025-11-09,2025-11-09,350,1650,577500,3230.07,4,0,On Time,956,294,Overstocked,487,100.0
ORD101741,SUP002,Beta Components Ltd,Coimbatore,P003,Bearing Assembly,Mechanical,WH004,Pune Logistics Hub,2025-10-14,2025-10-17,2025-10-22,2025-10-24,431,540,232740,3674.85,5,2,Delayed,369,266,Healthy,576,71.43
ORD101742,SUP002,Beta Components Ltd,Coimbatore,P002,Brake Pad Set,Automotive,WH003,Bengaluru Warehouse,2026-01-07,2026-01-10,2026-01-12,2026-01-12,26,780,20280,923.33,2,0,On Time,767,244,Overstocked,29,100.0
ORD101743,SUP001,Alpha Industrial Supplies,Chennai,P012,Oil Filter,Maintenance,WH004,Pune Logistics Hub,2025-07-26,2025-07-29,2025-08-01,2025-08-01,496,310,153760,4213.49,3,0,On Time,446,292,Healthy,699,100.0
ORD101744,SUP008,Prime Mechanical Works,Salem,P008,Timing Belt,Automotive,WH005,Hyderabad Warehouse,2025-11-06,2025-11-09,2025-11-13,2025-11-13,31,620,19220,1009.89,4,0,On Time,523,314,Healthy,41,100.0
ORD101745,SUP006,Zeta Industrial Corp,Mumbai,P001,Brake Disc,Automotive,WH004,Pune Logistics Hub,2025-06-24,2025-06-25,2025-07-01,2025-07-01,500,1250,625000,5428.9,6,0,On Time,981,369,Overstocked,711,100.0
ORD101746,SUP005,Epsilon Engineering,Hyderabad,P010,Pressure Sensor,Electrical,WH001,Chennai Central Warehouse,2025-08-28,2025-08-31,2025-09-06,2025-09-06,138,1450,200100,1815.57,6,0,On Time,1106,230,Overstocked,118,100.0
ORD101747,SUP006,Zeta Industrial Corp,Mumbai,P003,Bearing Assembly,Mechanical,WH001,Chennai Central Warehouse,2025-03-09,2025-03-11,2025-03-19,2025-03-19,425,540,229500,3430.62,8,0,On Time,717,263,Overstocked,472,100.0
ORD101748,SUP004,Delta Auto Parts,Pune,P013,Air Filter,Maintenance,WH005,Hyderabad Warehouse,2025-07-11,2025-07-13,2025-07-18,2025-07-18,50,260,13000,966.57,5,0,On Time,731,354,Healthy,59,100.0
ORD101749,SUP004,Delta Auto Parts,Pune,P004,Drive Shaft,Automotive,WH005,Hyderabad Warehouse,2025-03-19,2025-03-20,2025-03-25,2025-03-25,236,3200,755200,2832.21,5,0,On Time,1316,230,Overstocked,203,100.0
ORD101750,SUP004,Delta Auto Parts,Pune,P003,Bearing Assembly,Mechanical,WH005,Hyderabad Warehouse,2025-05-04,2025-05-06,2025-05-12,2025-05-12,276,540,149040,1949.5,6,0,On Time,571,234,Healthy,353,100.0
ORD101751,SUP005,Epsilon Engineering,Hyderabad,P001,Brake Disc,Automotive,WH001,Chennai Central Warehouse,2025-08-18,2025-08-21,2025-08-24,2025-08-24,478,1250,597500,3766.81,3,0,On Time,561,317,Healthy,601,100.0
ORD101752,SUP002,Beta Components Ltd,Coimbatore,P008,Timing Belt,Automotive,WH002,Coimbatore Distribution Center,2025-10-01,2025-10-03,2025-10-07,2025-10-07,70,620,43400,1001.48,4,0,On Time,834,403,Healthy,93,100.0
ORD101753,SUP007,Omega Components,Delhi,P007,Steel Gear,Mechanical,WH004,Pune Logistics Hub,2026-05-30,2026-06-02,2026-06-05,2026-06-11,27,1650,44550,971.3,3,6,Delayed,362,241,Healthy,26,33.33
ORD101754,SUP007,Omega Components,Delhi,P011,Clutch Plate,Automotive,WH004,Pune Logistics Hub,2025-01-15,2025-01-18,2025-01-19,2025-01-27,328,2750,902000,3626.91,1,8,Delayed,1007,219,Overstocked,275,11.11
ORD101755,SUP003,Gamma Manufacturing,Bengaluru,P007,Steel Gear,Mechanical,WH001,Chennai Central Warehouse,2026-05-06,2026-05-07,2026-05-10,2026-05-10,34,1650,56100,918.3,3,0,On Time,381,333,Healthy,36,100.0
ORD101756,SUP005,Epsilon Engineering,Hyderabad,P005,Hydraulic Pump,Hydraulics,WH003,Bengaluru Warehouse,2025-06-29,2025-07-02,2025-07-06,2025-07-06,391,4800,1876800,3272.86,4,0,On Time,1042,231,Overstocked,355,100.0
ORD101757,SUP002,Beta Components Ltd,Coimbatore,P003,Bearing Assembly,Mechanical,WH001,Chennai Central Warehouse,2026-01-31,2026-02-03,2026-02-09,2026-02-09,28,540,15120,832.96,6,0,On Time,366,294,Healthy,32,100.0
ORD101758,SUP008,Prime Mechanical Works,Salem,P004,Drive Shaft,Automotive,WH003,Bengaluru Warehouse,2026-01-06,2026-01-08,2026-01-13,2026-01-20,486,3200,1555200,3529.58,5,7,Delayed,693,218,Overstocked,341,41.67
ORD101759,SUP008,Prime Mechanical Works,Salem,P013,Air Filter,Maintenance,WH001,Chennai Central Warehouse,2026-06-15,2026-06-17,2026-06-20,2026-06-20,271,260,70460,2318.63,3,0,On Time,1055,266,Overstocked,388,100.0
ORD101760,SUP008,Prime Mechanical Works,Salem,P002,Brake Pad Set,Automotive,WH001,Chennai Central Warehouse,2025-03-01,2025-03-03,2025-03-07,2025-03-07,475,780,370500,4641.96,4,0,On Time,952,319,Overstocked,549,100.0
ORD101761,SUP003,Gamma Manufacturing,Bengaluru,P015,Pneumatic Cylinder,Pneumatics,WH001,Chennai Central Warehouse,2026-06-13,2026-06-16,2026-06-17,2026-06-17,72,1850,133200,1359.7,1,0,On Time,1379,264,Overstocked,75,100.0
ORD101762,SUP002,Beta Components Ltd,Coimbatore,P005,Hydraulic Pump,Hydraulics,WH005,Hyderabad Warehouse,2025-02-04,2025-02-07,2025-02-10,2025-02-10,144,4800,691200,2218.85,3,0,On Time,570,147,Overstocked,98,100.0
ORD101763,SUP002,Beta Components Ltd,Coimbatore,P001,Brake Disc,Automotive,WH004,Pune Logistics Hub,2026-04-25,2026-04-26,2026-05-01,2026-05-01,233,1250,291250,1856.01,5,0,On Time,397,252,Healthy,325,100.0
ORD101764,SUP001,Alpha Industrial Supplies,Chennai,P003,Bearing Assembly,Mechanical,WH005,Hyderabad Warehouse,2025-12-23,2025-12-24,2025-12-27,2025-12-27,24,540,12960,853.09,3,0,On Time,826,263,Overstocked,29,100.0
ORD101765,SUP002,Beta Components Ltd,Coimbatore,P001,Brake Disc,Automotive,WH003,Bengaluru Warehouse,2025-09-21,2025-09-22,2025-09-27,2025-09-27,60,1250,75000,1142.45,5,0,On Time,840,372,Healthy,72,100.0
ORD101766,SUP001,Alpha Industrial Supplies,Chennai,P012,Oil Filter,Maintenance,WH002,Coimbatore Distribution Center,2025-08-06,2025-08-08,2025-08-09,2025-08-09,171,310,53010,1971.61,1,0,On Time,459,366,Healthy,218,100.0
ORD101767,SUP008,Prime Mechanical Works,Salem,P008,Timing Belt,Automotive,WH002,Coimbatore Distribution Center,2025-02-21,2025-02-24,2025-02-28,2025-02-28,371,620,230020,3587.38,4,0,On Time,555,312,Healthy,427,100.0
ORD101768,SUP001,Alpha Industrial Supplies,Chennai,P005,Hydraulic Pump,Hydraulics,WH003,Bengaluru Warehouse,2026-03-14,2026-03-16,2026-03-19,2026-03-19,357,4800,1713600,3916.92,3,0,On Time,711,167,Overstocked,301,100.0
ORD101769,SUP002,Beta Components Ltd,Coimbatore,P009,Motor Coupling,Electrical,WH002,Coimbatore Distribution Center,2026-02-02,2026-02-03,2026-02-08,2026-02-08,52,980,50960,1064.61,5,0,On Time,1391,213,Overstocked,45,100.0
ORD101770,SUP007,Omega Components,Delhi,P009,Motor Coupling,Electrical,WH004,Pune Logistics Hub,2026-05-27,2026-05-30,2026-06-03,2026-06-03,39,980,38220,1018.03,4,0,On Time,711,185,Overstocked,41,100.0
ORD101771,SUP005,Epsilon Engineering,Hyderabad,P014,Industrial Fan,Electrical,WH004,Pune Logistics Hub,2026-02-03,2026-02-05,2026-02-10,2026-02-10,332,3900,1294800,4261.73,5,0,On Time,1180,175,Overstocked,170,100.0
ORD101772,SUP007,Omega Components,Delhi,P014,Industrial Fan,Electrical,WH005,Hyderabad Warehouse,2026-06-07,2026-06-09,2026-06-14,2026-06-14,186,3900,725400,1786.45,5,0,On Time,1292,182,Overstocked,146,100.0
ORD101773,SUP005,Epsilon Engineering,Hyderabad,P010,Pressure Sensor,Electrical,WH002,Coimbatore Distribution Center,2026-04-30,2026-05-03,2026-05-07,2026-05-07,398,1450,577100,4027.34,4,0,On Time,1380,228,Overstocked,368,100.0
ORD101774,SUP007,Omega Components,Delhi,P012,Oil Filter,Maintenance,WH003,Bengaluru Warehouse,2025-08-21,2025-08-22,2025-08-27,2025-08-27,156,310,48360,1978.48,5,0,On Time,449,302,Healthy,209,100.0
ORD101775,SUP005,Epsilon Engineering,Hyderabad,P012,Oil Filter,Maintenance,WH001,Chennai Central Warehouse,2026-01-20,2026-01-22,2026-01-25,2026-01-25,188,310,58280,1513.28,3,0,On Time,905,243,Overstocked,232,100.0
ORD101776,SUP004,Delta Auto Parts,Pune,P007,Steel Gear,Mechanical,WH001,Chennai Central Warehouse,2025-05-25,2025-05-26,2025-05-30,2025-05-30,117,1650,193050,1727.9,4,0,On Time,469,221,Healthy,115,100.0
ORD101777,SUP006,Zeta Industrial Corp,Mumbai,P010,Pressure Sensor,Electrical,WH004,Pune Logistics Hub,2026-03-11,2026-03-13,2026-03-19,2026-03-20,140,1450,203000,2097.7,6,1,Delayed,1313,223,Overstocked,101,85.71
ORD101778,SUP004,Delta Auto Parts,Pune,P001,Brake Disc,Automotive,WH003,Bengaluru Warehouse,2025-11-29,2025-12-01,2025-12-05,2025-12-11,356,1250,445000,3766.66,4,6,Delayed,296,320,Low,482,40.0
ORD101779,SUP003,Gamma Manufacturing,Bengaluru,P011,Clutch Plate,Automotive,WH004,Pune Logistics Hub,2025-08-29,2025-08-31,2025-09-04,2025-09-04,241,2750,662750,1963.61,4,0,On Time,733,297,Healthy,273,100.0
ORD101780,SUP004,Delta Auto Parts,Pune,P014,Industrial Fan,Electrical,WH001,Chennai Central Warehouse,2025-12-09,2025-12-12,2025-12-18,2025-12-18,333,3900,1298700,2183.96,6,0,On Time,2008,162,Overstocked,271,100.0
ORD101781,SUP002,Beta Components Ltd,Coimbatore,P001,Brake Disc,Automotive,WH005,Hyderabad Warehouse,2025-06-01,2025-06-02,2025-06-07,2025-06-08,48,1250,60000,1113.64,5,1,Delayed,804,348,Healthy,59,83.33
ORD101782,SUP007,Omega Components,Delhi,P012,Oil Filter,Maintenance,WH005,Hyderabad Warehouse,2025-12-06,2025-12-09,2025-12-12,2025-12-12,272,310,84320,1985.02,3,0,On Time,716,324,Healthy,458,100.0
ORD101783,SUP003,Gamma Manufacturing,Bengaluru,P014,Industrial Fan,Electrical,WH003,Bengaluru Warehouse,2025-09-17,2025-09-20,2025-09-23,2025-09-23,235,3900,916500,1921.42,3,0,On Time,856,138,Overstocked,185,100.0
ORD101784,SUP002,Beta Components Ltd,Coimbatore,P003,Bearing Assembly,Mechanical,WH005,Hyderabad Warehouse,2025-06-25,2025-06-27,2025-07-02,2025-07-02,457,540,246780,3707.29,5,0,On Time,563,306,Healthy,576,100.0
ORD101785,SUP002,Beta Components Ltd,Coimbatore,P008,Timing Belt,Automotive,WH002,Coimbatore Distribution Center,2026-06-17,2026-06-18,2026-06-21,2026-06-21,217,620,134540,1514.34,3,0,On Time,990,302,Overstocked,328,100.0
ORD101786,SUP007,Omega Components,Delhi,P013,Air Filter,Maintenance,WH004,Pune Logistics Hub,2025-02-04,2025-02-05,2025-02-07,2025-02-07,60,260,15600,1244.17,2,0,On Time,763,250,Overstocked,71,100.0
ORD101787,SUP003,Gamma Manufacturing,Bengaluru,P014,Industrial Fan,Electrical,WH005,Hyderabad Warehouse,2026-02-18,2026-02-20,2026-02-24,2026-02-24,352,3900,1372800,3385.35,4,0,On Time,1626,153,Overstocked,193,100.0
ORD101788,SUP006,Zeta Industrial Corp,Mumbai,P002,Brake Pad Set,Automotive,WH004,Pune Logistics Hub,2025-04-25,2025-04-28,2025-05-03,2025-05-03,83,780,64740,1112.32,5,0,On Time,648,281,Healthy,119,100.0
ORD101789,SUP007,Omega Components,Delhi,P005,Hydraulic Pump,Hydraulics,WH004,Pune Logistics Hub,2025-05-02,2025-05-04,2025-05-07,2025-05-07,456,4800,2188800,4356.86,3,0,On Time,918,203,Overstocked,363,100.0
ORD101790,SUP001,Alpha Industrial Supplies,Chennai,P010,Pressure Sensor,Electrical,WH003,Bengaluru Warehouse,2025-03-26,2025-03-29,2025-04-01,2025-04-01,198,1450,287100,1580.6,3,0,On Time,1331,209,Overstocked,142,100.0
ORD101791,SUP006,Zeta Industrial Corp,Mumbai,P003,Bearing Assembly,Mechanical,WH004,Pune Logistics Hub,2025-02-25,2025-02-26,2025-03-05,2025-03-05,395,540,213300,2563.74,7,0,On Time,749,200,Overstocked,364,100.0
ORD101792,SUP003,Gamma Manufacturing,Bengaluru,P005,Hydraulic Pump,Hydraulics,WH004,Pune Logistics Hub,2025-03-09,2025-03-11,2025-03-13,2025-03-19,332,4800,1593600,3308.83,2,6,Delayed,955,170,Overstocked,263,25.0
ORD101793,SUP002,Beta Components Ltd,Coimbatore,P001,Brake Disc,Automotive,WH001,Chennai Central Warehouse,2026-03-31,2026-04-03,2026-04-06,2026-04-06,238,1250,297500,2207.86,3,0,On Time,363,247,Healthy,341,100.0
ORD101794,SUP006,Zeta Industrial Corp,Mumbai,P002,Brake Pad Set,Automotive,WH001,Chennai Central Warehouse,2026-05-21,2026-05-23,2026-05-26,2026-05-27,296,780,230880,2306.77,3,1,Delayed,931,244,Overstocked,377,75.0
ORD101795,SUP008,Prime Mechanical Works,Salem,P008,Timing Belt,Automotive,WH004,Pune Logistics Hub,2025-11-16,2025-11-19,2025-11-23,2025-11-23,99,620,61380,1533.95,4,0,On Time,736,285,Overstocked,149,100.0
ORD101796,SUP003,Gamma Manufacturing,Bengaluru,P009,Motor Coupling,Electrical,WH003,Bengaluru Warehouse,2025-01-08,2025-01-09,2025-01-13,2025-01-16,46,980,45080,1018.17,4,3,Delayed,756,217,Overstocked,37,57.14
ORD101797,SUP005,Epsilon Engineering,Hyderabad,P009,Motor Coupling,Electrical,WH003,Bengaluru Warehouse,2026-04-18,2026-04-21,2026-04-26,2026-04-26,386,980,378280,3567.49,5,0,On Time,1311,186,Overstocked,403,100.0
ORD101798,SUP003,Gamma Manufacturing,Bengaluru,P011,Clutch Plate,Automotive,WH005,Hyderabad Warehouse,2025-11-25,2025-11-28,2025-12-01,2025-12-01,480,2750,1320000,3776.1,3,0,On Time,883,357,Healthy,531,100.0
ORD101799,SUP005,Epsilon Engineering,Hyderabad,P006,Control Valve,Hydraulics,WH003,Bengaluru Warehouse,2025-10-12,2025-10-14,2025-10-19,2025-10-19,433,2150,930950,4282.36,5,0,On Time,972,306,Overstocked,497,100.0
ORD101800,SUP005,Epsilon Engineering,Hyderabad,P004,Drive Shaft,Automotive,WH002,Coimbatore Distribution Center,2026-06-02,2026-06-04,2026-06-09,2026-06-09,159,3200,508800,1894.42,5,0,On Time,1307,169,Overstocked,146,100.0
ORD101801,SUP005,Epsilon Engineering,Hyderabad,P001,Brake Disc,Automotive,WH002,Coimbatore Distribution Center,2025-08-12,2025-08-15,2025-08-21,2025-08-21,185,1250,231250,1575.47,6,0,On Time,790,334,Healthy,208,100.0
ORD101802,SUP005,Epsilon Engineering,Hyderabad,P003,Bearing Assembly,Mechanical,WH003,Bengaluru Warehouse,2025-07-16,2025-07-18,2025-07-23,2025-07-23,186,540,100440,2199.67,5,0,On Time,847,214,Overstocked,239,100.0
ORD101803,SUP002,Beta Components Ltd,Coimbatore,P004,Drive Shaft,Automotive,WH004,Pune Logistics Hub,2026-03-02,2026-03-03,2026-03-09,2026-03-09,354,3200,1132800,4115.13,6,0,On Time,890,160,Overstocked,324,100.0
ORD101804,SUP006,Zeta Industrial Corp,Mumbai,P002,Brake Pad Set,Automotive,WH003,Bengaluru Warehouse,2025-10-15,2025-10-18,2025-10-23,2025-10-23,316,780,246480,2064.27,5,0,On Time,1171,423,Overstocked,443,100.0
ORD101805,SUP006,Zeta Industrial Corp,Mumbai,P001,Brake Disc,Automotive,WH003,Bengaluru Warehouse,2026-01-27,2026-01-28,2026-01-31,2026-01-31,401,1250,501250,3745.3,3,0,On Time,516,284,Healthy,508,100.0
ORD101806,SUP006,Zeta Industrial Corp,Mumbai,P002,Brake Pad Set,Automotive,WH004,Pune Logistics Hub,2026-01-15,2026-01-17,2026-01-23,2026-01-27,474,780,369720,5172.4,6,4,Delayed,788,217,Overstocked,597,60.0
ORD101807,SUP001,Alpha Industrial Supplies,Chennai,P009,Motor Coupling,Electrical,WH004,Pune Logistics Hub,2026-04-04,2026-04-05,2026-04-09,2026-04-09,202,980,197960,1736.22,4,0,On Time,820,268,Overstocked,169,100.0
ORD101808,SUP004,Delta Auto Parts,Pune,P009,Motor Coupling,Electrical,WH004,Pune Logistics Hub,2025-06-23,2025-06-26,2025-07-03,2025-07-03,335,980,328300,4124.83,7,0,On Time,970,293,Overstocked,296,100.0
ORD101809,SUP004,Delta Auto Parts,Pune,P014,Industrial Fan,Electrical,WH001,Chennai Central Warehouse,2025-02-09,2025-02-12,2025-02-19,2025-02-19,255,3900,994500,2285.65,7,0,On Time,1839,149,Overstocked,161,100.0
ORD101810,SUP001,Alpha Industrial Supplies,Chennai,P012,Oil Filter,Maintenance,WH004,Pune Logistics Hub,2025-09-18,2025-09-20,2025-09-26,2025-10-04,478,310,148180,5042.98,6,8,Delayed,524,382,Healthy,696,42.86
ORD101811,SUP002,Beta Components Ltd,Coimbatore,P008,Timing Belt,Automotive,WH003,Bengaluru Warehouse,2025-12-20,2025-12-22,2025-12-27,2025-12-30,183,620,113460,2417.65,5,3,Delayed,863,374,Healthy,262,62.5
ORD101812,SUP004,Delta Auto Parts,Pune,P002,Brake Pad Set,Automotive,WH001,Chennai Central Warehouse,2026-03-23,2026-03-25,2026-03-31,2026-04-04,102,780,79560,1634.66,6,4,Delayed,770,324,Healthy,125,60.0
ORD101813,SUP006,Zeta Industrial Corp,Mumbai,P008,Timing Belt,Automotive,WH004,Pune Logistics Hub,2025-05-26,2025-05-28,2025-05-31,2025-05-31,196,620,121520,2285.05,3,0,On Time,507,310,Healthy,267,100.0
ORD101814,SUP002,Beta Components Ltd,Coimbatore,P001,Brake Disc,Automotive,WH004,Pune Logistics Hub,2026-02-11,2026-02-14,2026-02-18,2026-02-18,313,1250,391250,3501.99,4,0,On Time,859,323,Overstocked,323,100.0
ORD101815,SUP007,Omega Components,Delhi,P007,Steel Gear,Mechanical,WH003,Bengaluru Warehouse,2026-03-31,2026-04-01,2026-04-04,2026-04-04,478,1650,788700,3309.54,3,0,On Time,999,259,Overstocked,459,100.0
ORD101816,SUP005,Epsilon Engineering,Hyderabad,P006,Control Valve,Hydraulics,WH004,Pune Logistics Hub,2026-03-18,2026-03-21,2026-03-25,2026-03-29,416,2150,894400,3271.23,4,4,Delayed,685,206,Overstocked,364,50.0
ORD101817,SUP006,Zeta Industrial Corp,Mumbai,P006,Control Valve,Hydraulics,WH002,Coimbatore Distribution Center,2026-03-18,2026-03-20,2026-03-25,2026-03-25,19,2150,40850,932.79,5,0,On Time,1162,179,Overstocked,18,100.0
ORD101818,SUP004,Delta Auto Parts,Pune,P004,Drive Shaft,Automotive,WH001,Chennai Central Warehouse,2026-06-24,2026-06-27,2026-07-03,2026-07-03,259,3200,828800,2228.44,6,0,On Time,772,204,Overstocked,250,100.0
ORD101819,SUP004,Delta Auto Parts,Pune,P010,Pressure Sensor,Electrical,WH002,Coimbatore Distribution Center,2025-12-27,2025-12-29,2026-01-03,2026-01-03,88,1450,127600,1458.23,5,0,On Time,1002,181,Overstocked,89,100.0
ORD101820,SUP005,Epsilon Engineering,Hyderabad,P012,Oil Filter,Maintenance,WH002,Coimbatore Distribution Center,2025-07-22,2025-07-25,2025-07-30,2025-07-30,187,310,57970,1452.44,5,0,On Time,535,261,Healthy,243,100.0
ORD101821,SUP008,Prime Mechanical Works,Salem,P011,Clutch Plate,Automotive,WH004,Pune Logistics Hub,2025-08-27,2025-08-29,2025-08-30,2025-09-07,473,2750,1300750,3466.82,1,8,Delayed,947,255,Overstocked,517,11.11
ORD101822,SUP004,Delta Auto Parts,Pune,P009,Motor Coupling,Electrical,WH005,Hyderabad Warehouse,2026-02-12,2026-02-14,2026-02-20,2026-02-20,493,980,483140,3231.59,6,0,On Time,765,243,Overstocked,383,100.0
ORD101823,SUP004,Delta Auto Parts,Pune,P008,Timing Belt,Automotive,WH004,Pune Logistics Hub,2025-05-10,2025-05-11,2025-05-18,2025-05-18,85,620,52700,1371.67,7,0,On Time,804,254,Overstocked,108,100.0
ORD101824,SUP005,Epsilon Engineering,Hyderabad,P001,Brake Disc,Automotive,WH001,Chennai Central Warehouse,2025-11-26,2025-11-27,2025-12-03,2025-12-03,79,1250,98750,1024.18,6,0,On Time,813,341,Healthy,140,100.0
ORD101825,SUP006,Zeta Industrial Corp,Mumbai,P011,Clutch Plate,Automotive,WH002,Coimbatore Distribution Center,2025-11-09,2025-11-10,2025-11-16,2025-11-16,351,2750,965250,2773.95,6,0,On Time,709,351,Healthy,408,100.0
ORD101826,SUP001,Alpha Industrial Supplies,Chennai,P008,Timing Belt,Automotive,WH001,Chennai Central Warehouse,2025-12-30,2026-01-01,2026-01-07,2026-01-07,211,620,130820,2597.88,6,0,On Time,1155,316,Overstocked,311,100.0
ORD101827,SUP004,Delta Auto Parts,Pune,P004,Drive Shaft,Automotive,WH004,Pune Logistics Hub,2025-08-19,2025-08-22,2025-08-28,2025-08-28,222,3200,710400,2904.17,6,0,On Time,716,231,Overstocked,162,100.0
ORD101828,SUP004,Delta Auto Parts,Pune,P005,Hydraulic Pump,Hydraulics,WH002,Coimbatore Distribution Center,2026-02-08,2026-02-11,2026-02-17,2026-02-25,438,4800,2102400,4338.12,6,8,Delayed,578,171,Overstocked,288,42.86
ORD101829,SUP008,Prime Mechanical Works,Salem,P014,Industrial Fan,Electrical,WH003,Bengaluru Warehouse,2025-02-09,2025-02-12,2025-02-17,2025-02-17,462,3900,1801800,2936.43,5,0,On Time,1676,153,Overstocked,289,100.0
ORD101830,SUP004,Delta Auto Parts,Pune,P009,Motor Coupling,Electrical,WH004,Pune Logistics Hub,2026-02-14,2026-02-16,2026-02-21,2026-02-21,452,980,442960,3720.47,5,0,On Time,246,170,Healthy,405,100.0
ORD101831,SUP004,Delta Auto Parts,Pune,P007,Steel Gear,Mechanical,WH004,Pune Logistics Hub,2026-03-20,2026-03-22,2026-03-27,2026-04-03,394,1650,650100,4143.01,5,7,Delayed,1078,238,Overstocked,425,41.67
ORD101832,SUP008,Prime Mechanical Works,Salem,P009,Motor Coupling,Electrical,WH002,Coimbatore Distribution Center,2026-04-29,2026-05-02,2026-05-06,2026-05-06,491,980,481180,2581.05,4,0,On Time,930,243,Overstocked,515,100.0
ORD101833,SUP004,Delta Auto Parts,Pune,P006,Control Valve,Hydraulics,WH002,Coimbatore Distribution Center,2026-05-19,2026-05-20,2026-05-24,2026-05-24,363,2150,780450,2991.86,4,0,On Time,452,195,Healthy,408,100.0
ORD101834,SUP002,Beta Components Ltd,Coimbatore,P007,Steel Gear,Mechanical,WH003,Bengaluru Warehouse,2025-07-10,2025-07-13,2025-07-18,2025-07-18,444,1650,732600,4949.8,5,0,On Time,557,226,Healthy,497,100.0
ORD101835,SUP002,Beta Components Ltd,Coimbatore,P004,Drive Shaft,Automotive,WH003,Bengaluru Warehouse,2025-01-26,2025-01-29,2025-02-02,2025-02-02,275,3200,880000,1928.23,4,0,On Time,491,176,Overstocked,199,100.0
ORD101836,SUP001,Alpha Industrial Supplies,Chennai,P007,Steel Gear,Mechanical,WH001,Chennai Central Warehouse,2025-12-23,2025-12-26,2025-12-29,2025-12-29,35,1650,57750,1041.92,3,0,On Time,912,318,Overstocked,41,100.0
ORD101837,SUP001,Alpha Industrial Supplies,Chennai,P010,Pressure Sensor,Electrical,WH005,Hyderabad Warehouse,2025-02-19,2025-02-20,2025-02-23,2025-02-23,410,1450,594500,2885.66,3,0,On Time,575,180,Overstocked,312,100.0
ORD101838,SUP004,Delta Auto Parts,Pune,P001,Brake Disc,Automotive,WH003,Bengaluru Warehouse,2025-06-03,2025-06-06,2025-06-12,2025-06-20,466,1250,582500,3063.38,6,8,Delayed,792,376,Healthy,683,42.86
ORD101839,SUP006,Zeta Industrial Corp,Mumbai,P012,Oil Filter,Maintenance,WH003,Bengaluru Warehouse,2026-01-19,2026-01-21,2026-01-27,2026-01-27,163,310,50530,1531.81,6,0,On Time,588,333,Healthy,195,100.0
ORD101840,SUP006,Zeta Industrial Corp,Mumbai,P004,Drive Shaft,Automotive,WH001,Chennai Central Warehouse,2025-11-21,2025-11-23,2025-11-26,2025-11-26,220,3200,704000,2671.14,3,0,On Time,896,191,Overstocked,213,100.0
ORD101841,SUP001,Alpha Industrial Supplies,Chennai,P010,Pressure Sensor,Electrical,WH002,Coimbatore Distribution Center,2025-11-28,2025-11-29,2025-12-01,2025-12-01,290,1450,420500,2815.5,2,0,On Time,1182,289,Overstocked,262,100.0
ORD101842,SUP005,Epsilon Engineering,Hyderabad,P009,Motor Coupling,Electrical,WH002,Coimbatore Distribution Center,2026-02-15,2026-02-17,2026-02-22,2026-02-22,329,980,322420,3358.96,5,0,On Time,1084,232,Overstocked,232,100.0
ORD101843,SUP002,Beta Components Ltd,Coimbatore,P009,Motor Coupling,Electrical,WH002,Coimbatore Distribution Center,2025-03-31,2025-04-02,2025-04-04,2025-04-04,341,980,334180,2688.02,2,0,On Time,1239,196,Overstocked,303,100.0
ORD101844,SUP008,Prime Mechanical Works,Salem,P009,Motor Coupling,Electrical,WH003,Bengaluru Warehouse,2026-03-08,2026-03-11,2026-03-16,2026-03-16,203,980,198940,2587.15,5,0,On Time,747,218,Overstocked,201,100.0
ORD101845,SUP002,Beta Components Ltd,Coimbatore,P014,Industrial Fan,Electrical,WH003,Bengaluru Warehouse,2025-11-17,2025-11-19,2025-11-25,2025-11-25,429,3900,1673100,4004.61,6,0,On Time,1295,181,Overstocked,376,100.0
ORD101846,SUP005,Epsilon Engineering,Hyderabad,P007,Steel Gear,Mechanical,WH005,Hyderabad Warehouse,2025-08-18,2025-08-19,2025-08-25,2025-08-25,409,1650,674850,3954.62,6,0,On Time,615,322,Healthy,523,100.0
ORD101847,SUP003,Gamma Manufacturing,Bengaluru,P011,Clutch Plate,Automotive,WH005,Hyderabad Warehouse,2025-09-11,2025-09-14,2025-09-18,2025-09-24,472,2750,1298000,4951.46,4,6,Delayed,861,254,Overstocked,546,40.0
ORD101848,SUP005,Epsilon Engineering,Hyderabad,P010,Pressure Sensor,Electrical,WH001,Chennai Central Warehouse,2025-10-05,2025-10-06,2025-10-11,2025-10-11,292,1450,423400,2999.33,5,0,On Time,790,219,Overstocked,254,100.0
ORD101849,SUP004,Delta Auto Parts,Pune,P003,Bearing Assembly,Mechanical,WH001,Chennai Central Warehouse,2025-10-28,2025-10-31,2025-11-08,2025-11-16,48,540,25920,1063.98,8,8,Delayed,665,377,Healthy,66,50.0
ORD101850,SUP006,Zeta Industrial Corp,Mumbai,P004,Drive Shaft,Automotive,WH004,Pune Logistics Hub,2025-07-02,2025-07-05,2025-07-07,2025-07-07,425,3200,1360000,2866.7,2,0,On Time,818,210,Overstocked,385,100.0
ORD101851,SUP002,Beta Components Ltd,Coimbatore,P006,Control Valve,Hydraulics,WH005,Hyderabad Warehouse,2025-05-02,2025-05-03,2025-05-06,2025-05-11,49,2150,105350,1250.35,3,5,Delayed,943,208,Overstocked,52,37.5
ORD101852,SUP008,Prime Mechanical Works,Salem,P004,Drive Shaft,Automotive,WH005,Hyderabad Warehouse,2025-04-03,2025-04-06,2025-04-12,2025-04-12,105,3200,336000,1383.63,6,0,On Time,1023,217,Overstocked,88,100.0
ORD101853,SUP004,Delta Auto Parts,Pune,P005,Hydraulic Pump,Hydraulics,WH001,Chennai Central Warehouse,2025-07-06,2025-07-09,2025-07-14,2025-07-16,150,4800,720000,2132.54,5,2,Delayed,1322,214,Overstocked,120,71.43
ORD101854,SUP006,Zeta Industrial Corp,Mumbai,P006,Control Valve,Hydraulics,WH002,Coimbatore Distribution Center,2025-05-23,2025-05-25,2025-05-31,2025-05-31,100,2150,215000,1363.58,6,0,On Time,822,231,Overstocked,88,100.0
ORD101855,SUP007,Omega Components,Delhi,P009,Motor Coupling,Electrical,WH001,Chennai Central Warehouse,2025-10-09,2025-10-12,2025-10-15,2025-10-15,365,980,357700,2245.44,3,0,On Time,764,262,Overstocked,360,100.0
ORD101856,SUP008,Prime Mechanical Works,Salem,P003,Bearing Assembly,Mechanical,WH004,Pune Logistics Hub,2026-05-14,2026-05-15,2026-05-20,2026-05-20,226,540,122040,2141.46,5,0,On Time,733,307,Healthy,241,100.0
ORD101857,SUP002,Beta Components Ltd,Coimbatore,P012,Oil Filter,Maintenance,WH003,Bengaluru Warehouse,2025-03-01,2025-03-03,2025-03-07,2025-03-07,117,310,36270,1566.69,4,0,On Time,456,318,Healthy,148,100.0
ORD101858,SUP003,Gamma Manufacturing,Bengaluru,P007,Steel Gear,Mechanical,WH003,Bengaluru Warehouse,2025-06-18,2025-06-20,2025-06-22,2025-06-22,12,1650,19800,834.54,2,0,On Time,961,353,Overstocked,16,100.0
ORD101859,SUP003,Gamma Manufacturing,Bengaluru,P010,Pressure Sensor,Electrical,WH003,Bengaluru Warehouse,2025-01-27,2025-01-29,2025-01-31,2025-01-31,116,1450,168200,1766.45,2,0,On Time,963,186,Overstocked,80,100.0
ORD101860,SUP003,Gamma Manufacturing,Bengaluru,P001,Brake Disc,Automotive,WH002,Coimbatore Distribution Center,2026-06-17,2026-06-20,2026-06-23,2026-06-24,350,1250,437500,3397.06,3,1,Delayed,691,364,Healthy,427,75.0
ORD101861,SUP005,Epsilon Engineering,Hyderabad,P007,Steel Gear,Mechanical,WH003,Bengaluru Warehouse,2026-01-18,2026-01-21,2026-01-24,2026-01-24,399,1650,658350,2805.4,3,0,On Time,868,276,Overstocked,431,100.0
ORD101862,SUP008,Prime Mechanical Works,Salem,P001,Brake Disc,Automotive,WH001,Chennai Central Warehouse,2025-05-12,2025-05-14,2025-05-20,2025-05-20,155,1250,193750,1718.31,6,0,On Time,1039,274,Overstocked,232,100.0
ORD101863,SUP008,Prime Mechanical Works,Salem,P010,Pressure Sensor,Electrical,WH003,Bengaluru Warehouse,2025-08-15,2025-08-17,2025-08-22,2025-08-22,45,1450,65250,1104.51,5,0,On Time,1196,163,Overstocked,39,100.0
ORD101864,SUP004,Delta Auto Parts,Pune,P005,Hydraulic Pump,Hydraulics,WH004,Pune Logistics Hub,2026-01-30,2026-02-01,2026-02-08,2026-02-08,283,4800,1358400,3742.9,7,0,On Time,1036,212,Overstocked,194,100.0
ORD101865,SUP005,Epsilon Engineering,Hyderabad,P014,Industrial Fan,Electrical,WH004,Pune Logistics Hub,2026-06-07,2026-06-08,2026-06-11,2026-06-11,394,3900,1536600,3528.02,3,0,On Time,901,196,Overstocked,281,100.0
ORD101866,SUP007,Omega Components,Delhi,P005,Hydraulic Pump,Hydraulics,WH002,Coimbatore Distribution Center,2025-11-10,2025-11-12,2025-11-13,2025-11-13,44,4800,211200,1282.22,1,0,On Time,1365,217,Overstocked,43,100.0
ORD101867,SUP008,Prime Mechanical Works,Salem,P008,Timing Belt,Automotive,WH004,Pune Logistics Hub,2025-05-28,2025-05-29,2025-06-02,2025-06-02,400,620,248000,2482.32,4,0,On Time,586,241,Healthy,560,100.0
ORD101868,SUP002,Beta Components Ltd,Coimbatore,P003,Bearing Assembly,Mechanical,WH004,Pune Logistics Hub,2026-01-16,2026-01-19,2026-01-26,2026-01-26,93,540,50220,1515.72,7,0,On Time,343,215,Healthy,88,100.0
ORD101869,SUP004,Delta Auto Parts,Pune,P009,Motor Coupling,Electrical,WH001,Chennai Central Warehouse,2026-01-10,2026-01-13,2026-01-20,2026-01-20,136,980,133280,1797.23,7,0,On Time,884,161,Overstocked,130,100.0
ORD101870,SUP007,Omega Components,Delhi,P007,Steel Gear,Mechanical,WH001,Chennai Central Warehouse,2025-12-18,2025-12-21,2025-12-24,2025-12-24,315,1650,519750,2559.99,3,0,On Time,861,280,Overstocked,398,100.0
ORD101871,SUP003,Gamma Manufacturing,Bengaluru,P006,Control Valve,Hydraulics,WH003,Bengaluru Warehouse,2025-01-26,2025-01-29,2025-02-02,2025-02-02,35,2150,75250,887.69,4,0,On Time,653,226,Overstocked,34,100.0
ORD101872,SUP004,Delta Auto Parts,Pune,P003,Bearing Assembly,Mechanical,WH002,Coimbatore Distribution Center,2026-01-21,2026-01-23,2026-01-29,2026-01-29,160,540,86400,1933.75,6,0,On Time,707,215,Overstocked,146,100.0
ORD101873,SUP008,Prime Mechanical Works,Salem,P002,Brake Pad Set,Automotive,WH001,Chennai Central Warehouse,2025-01-11,2025-01-13,2025-01-16,2025-01-16,78,780,60840,1148.35,3,0,On Time,692,296,Healthy,100,100.0
ORD101874,SUP008,Prime Mechanical Works,Salem,P002,Brake Pad Set,Automotive,WH001,Chennai Central Warehouse,2026-05-10,2026-05-12,2026-05-18,2026-05-18,115,780,89700,1218.44,6,0,On Time,695,382,Healthy,150,100.0
ORD101875,SUP008,Prime Mechanical Works,Salem,P015,Pneumatic Cylinder,Pneumatics,WH001,Chennai Central Warehouse,2026-04-27,2026-04-29,2026-05-03,2026-05-09,389,1850,719650,2432.25,4,6,Delayed,1407,267,Overstocked,333,40.0
ORD101876,SUP007,Omega Components,Delhi,P006,Control Valve,Hydraulics,WH003,Bengaluru Warehouse,2025-11-04,2025-11-05,2025-11-08,2025-11-16,122,2150,262300,1792.74,3,8,Delayed,508,334,Healthy,140,27.27
ORD101877,SUP003,Gamma Manufacturing,Bengaluru,P001,Brake Disc,Automotive,WH003,Bengaluru Warehouse,2025-12-19,2025-12-22,2025-12-25,2025-12-25,31,1250,38750,871.21,3,0,On Time,1136,341,Overstocked,42,100.0
ORD101878,SUP003,Gamma Manufacturing,Bengaluru,P014,Industrial Fan,Electrical,WH001,Chennai Central Warehouse,2025-02-07,2025-02-09,2025-02-13,2025-02-13,115,3900,448500,1533.24,4,0,On Time,1294,149,Overstocked,62,100.0
ORD101879,SUP005,Epsilon Engineering,Hyderabad,P001,Brake Disc,Automotive,WH004,Pune Logistics Hub,2026-04-23,2026-04-26,2026-04-29,2026-04-29,52,1250,65000,1287.13,3,0,On Time,723,320,Healthy,59,100.0
ORD101880,SUP005,Epsilon Engineering,Hyderabad,P006,Control Valve,Hydraulics,WH002,Coimbatore Distribution Center,2025-05-28,2025-05-29,2025-05-31,2025-05-31,315,2150,677250,3298.26,2,0,On Time,888,210,Overstocked,300,100.0
ORD101881,SUP004,Delta Auto Parts,Pune,P010,Pressure Sensor,Electrical,WH002,Coimbatore Distribution Center,2025-05-24,2025-05-26,2025-06-01,2025-06-01,487,1450,706150,4062.21,6,0,On Time,437,245,Healthy,420,100.0
ORD101882,SUP005,Epsilon Engineering,Hyderabad,P013,Air Filter,Maintenance,WH001,Chennai Central Warehouse,2026-01-22,2026-01-24,2026-01-26,2026-01-26,92,260,23920,1294.2,2,0,On Time,482,288,Healthy,106,100.0
ORD101883,SUP004,Delta Auto Parts,Pune,P010,Pressure Sensor,Electrical,WH004,Pune Logistics Hub,2026-05-28,2026-05-31,2026-06-05,2026-06-05,367,1450,532150,2664.04,5,0,On Time,785,224,Overstocked,339,100.0
ORD101884,SUP006,Zeta Industrial Corp,Mumbai,P007,Steel Gear,Mechanical,WH005,Hyderabad Warehouse,2025-09-27,2025-09-29,2025-10-05,2025-10-05,188,1650,310200,2050.92,6,0,On Time,1033,245,Overstocked,223,100.0
ORD101885,SUP003,Gamma Manufacturing,Bengaluru,P015,Pneumatic Cylinder,Pneumatics,WH003,Bengaluru Warehouse,2025-10-05,2025-10-06,2025-10-10,2025-10-10,45,1850,83250,954.32,4,0,On Time,544,205,Overstocked,40,100.0
ORD101886,SUP003,Gamma Manufacturing,Bengaluru,P001,Brake Disc,Automotive,WH001,Chennai Central Warehouse,2025-10-27,2025-10-29,2025-11-02,2025-11-02,347,1250,433750,2105.11,4,0,On Time,488,421,Healthy,501,100.0
ORD101887,SUP002,Beta Components Ltd,Coimbatore,P015,Pneumatic Cylinder,Pneumatics,WH002,Coimbatore Distribution Center,2025-06-08,2025-06-11,2025-06-16,2025-06-16,113,1850,209050,1225.85,5,0,On Time,1004,198,Overstocked,113,100.0
ORD101888,SUP002,Beta Components Ltd,Coimbatore,P012,Oil Filter,Maintenance,WH001,Chennai Central Warehouse,2025-11-22,2025-11-23,2025-11-30,2025-12-08,262,310,81220,2503.41,7,8,Delayed,756,318,Healthy,457,46.67
ORD101889,SUP007,Omega Components,Delhi,P013,Air Filter,Maintenance,WH005,Hyderabad Warehouse,2026-06-09,2026-06-11,2026-06-13,2026-06-13,258,260,67080,2063.11,2,0,On Time,814,332,Healthy,315,100.0
ORD101890,SUP004,Delta Auto Parts,Pune,P003,Bearing Assembly,Mechanical,WH001,Chennai Central Warehouse,2025-07-28,2025-07-29,2025-08-04,2025-08-04,303,540,163620,2016.34,6,0,On Time,522,302,Healthy,387,100.0
ORD101891,SUP002,Beta Components Ltd,Coimbatore,P002,Brake Pad Set,Automotive,WH005,Hyderabad Warehouse,2026-02-27,2026-03-02,2026-03-05,2026-03-05,76,780,59280,1444.76,3,0,On Time,323,222,Healthy,91,100.0
ORD101892,SUP006,Zeta Industrial Corp,Mumbai,P009,Motor Coupling,Electrical,WH003,Bengaluru Warehouse,2026-02-27,2026-02-28,2026-03-06,2026-03-06,133,980,130340,1334.28,6,0,On Time,1112,175,Overstocked,122,100.0
ORD101893,SUP005,Epsilon Engineering,Hyderabad,P008,Timing Belt,Automotive,WH003,Bengaluru Warehouse,2026-04-10,2026-04-12,2026-04-16,2026-04-16,372,620,230640,3741.26,4,0,On Time,1060,342,Overstocked,484,100.0
ORD101894,SUP001,Alpha Industrial Supplies,Chennai,P008,Timing Belt,Automotive,WH005,Hyderabad Warehouse,2026-01-31,2026-02-03,2026-02-09,2026-02-12,467,620,289540,3836.15,6,3,Delayed,614,327,Healthy,510,66.67
ORD101895,SUP003,Gamma Manufacturing,Bengaluru,P013,Air Filter,Maintenance,WH001,Chennai Central Warehouse,2026-05-19,2026-05-22,2026-05-24,2026-05-24,15,260,3900,808.68,2,0,On Time,460,299,Healthy,21,100.0
ORD101896,SUP002,Beta Components Ltd,Coimbatore,P009,Motor Coupling,Electrical,WH004,Pune Logistics Hub,2026-01-26,2026-01-27,2026-02-02,2026-02-02,213,980,208740,1662.66,6,0,On Time,724,236,Overstocked,204,100.0
ORD101897,SUP005,Epsilon Engineering,Hyderabad,P004,Drive Shaft,Automotive,WH001,Chennai Central Warehouse,2026-06-17,2026-06-18,2026-06-23,2026-06-23,442,3200,1414400,2327.3,5,0,On Time,1200,200,Overstocked,435,100.0
ORD101898,SUP003,Gamma Manufacturing,Bengaluru,P006,Control Valve,Hydraulics,WH005,Hyderabad Warehouse,2026-01-26,2026-01-27,2026-01-30,2026-01-30,150,2150,322500,2124.71,3,0,On Time,794,241,Overstocked,151,100.0
ORD101899,SUP001,Alpha Industrial Supplies,Chennai,P002,Brake Pad Set,Automotive,WH003,Bengaluru Warehouse,2026-04-02,2026-04-04,2026-04-08,2026-04-08,229,780,178620,2263.2,4,0,On Time,1037,315,Overstocked,325,100.0
ORD101900,SUP001,Alpha Industrial Supplies,Chennai,P003,Bearing Assembly,Mechanical,WH001,Chennai Central Warehouse,2026-05-02,2026-05-05,2026-05-09,2026-05-09,454,540,245160,2484.59,4,0,On Time,1008,335,Overstocked,579,100.0
ORD101901,SUP005,Epsilon Engineering,Hyderabad,P002,Brake Pad Set,Automotive,WH004,Pune Logistics Hub,2026-06-21,2026-06-22,2026-06-27,2026-06-27,485,780,378300,3849.53,5,0,On Time,671,369,Healthy,593,100.0
ORD101902,SUP001,Alpha Industrial Supplies,Chennai,P012,Oil Filter,Maintenance,WH001,Chennai Central Warehouse,2025-11-22,2025-11-23,2025-11-26,2025-11-26,331,310,102610,2788.1,3,0,On Time,233,357,Low,544,100.0
ORD101903,SUP007,Omega Components,Delhi,P010,Pressure Sensor,Electrical,WH001,Chennai Central Warehouse,2026-01-23,2026-01-25,2026-01-27,2026-01-27,350,1450,507500,2205.27,2,0,On Time,820,155,Overstocked,275,100.0
ORD101904,SUP002,Beta Components Ltd,Coimbatore,P008,Timing Belt,Automotive,WH004,Pune Logistics Hub,2026-06-13,2026-06-16,2026-06-20,2026-06-20,311,620,192820,3137.84,4,0,On Time,527,368,Healthy,445,100.0
ORD101905,SUP005,Epsilon Engineering,Hyderabad,P006,Control Valve,Hydraulics,WH003,Bengaluru Warehouse,2025-07-27,2025-07-29,2025-07-31,2025-07-31,149,2150,320350,1828.67,2,0,On Time,675,187,Overstocked,146,100.0
ORD101906,SUP004,Delta Auto Parts,Pune,P009,Motor Coupling,Electrical,WH005,Hyderabad Warehouse,2025-03-07,2025-03-09,2025-03-16,2025-03-20,445,980,436100,4201.94,7,4,Delayed,965,238,Overstocked,402,63.64
ORD101907,SUP004,Delta Auto Parts,Pune,P012,Oil Filter,Maintenance,WH003,Bengaluru Warehouse,2026-04-28,2026-05-01,2026-05-05,2026-05-05,26,310,8060,938.2,4,0,On Time,699,329,Healthy,41,100.0
ORD101908,SUP001,Alpha Industrial Supplies,Chennai,P013,Air Filter,Maintenance,WH003,Bengaluru Warehouse,2025-12-12,2025-12-15,2025-12-18,2025-12-18,38,260,9880,946.7,3,0,On Time,332,259,Healthy,50,100.0
ORD101909,SUP007,Omega Components,Delhi,P008,Timing Belt,Automotive,WH002,Coimbatore Distribution Center,2025-08-22,2025-08-24,2025-08-28,2025-08-28,305,620,189100,3404.5,4,0,On Time,868,331,Overstocked,339,100.0
ORD101910,SUP007,Omega Components,Delhi,P012,Oil Filter,Maintenance,WH001,Chennai Central Warehouse,2026-01-27,2026-01-29,2026-02-02,2026-02-02,421,310,130510,3284.17,4,0,On Time,657,299,Healthy,553,100.0
ORD101911,SUP001,Alpha Industrial Supplies,Chennai,P008,Timing Belt,Automotive,WH005,Hyderabad Warehouse,2025-01-18,2025-01-20,2025-01-21,2025-01-21,409,620,253580,3549.56,1,0,On Time,774,319,Healthy,440,100.0
ORD101912,SUP002,Beta Components Ltd,Coimbatore,P007,Steel Gear,Mechanical,WH001,Chennai Central Warehouse,2025-09-18,2025-09-19,2025-09-23,2025-09-23,342,1650,564300,3187.73,4,0,On Time,1008,244,Overstocked,365,100.0
ORD101913,SUP008,Prime Mechanical Works,Salem,P012,Oil Filter,Maintenance,WH003,Bengaluru Warehouse,2025-05-25,2025-05-27,2025-06-01,2025-06-01,194,310,60140,2177.21,5,0,On Time,489,264,Healthy,283,100.0
ORD101914,SUP005,Epsilon Engineering,Hyderabad,P006,Control Valve,Hydraulics,WH002,Coimbatore Distribution Center,2025-06-07,2025-06-10,2025-06-14,2025-06-14,186,2150,399900,1440.66,4,0,On Time,1206,215,Overstocked,225,100.0
ORD101915,SUP002,Beta Components Ltd,Coimbatore,P006,Control Valve,Hydraulics,WH002,Coimbatore Distribution Center,2026-06-14,2026-06-15,2026-06-21,2026-06-23,218,2150,468700,2806.75,6,2,Delayed,812,232,Overstocked,219,75.0
ORD101916,SUP002,Beta Components Ltd,Coimbatore,P004,Drive Shaft,Automotive,WH003,Bengaluru Warehouse,2025-10-28,2025-10-31,2025-11-03,2025-11-03,135,3200,432000,2096.31,3,0,On Time,1592,246,Overstocked,123,100.0
ORD101917,SUP005,Epsilon Engineering,Hyderabad,P008,Timing Belt,Automotive,WH004,Pune Logistics Hub,2025-03-18,2025-03-20,2025-03-22,2025-03-22,215,620,133300,2023.04,2,0,On Time,454,269,Healthy,251,100.0
ORD101918,SUP006,Zeta Industrial Corp,Mumbai,P008,Timing Belt,Automotive,WH004,Pune Logistics Hub,2025-07-19,2025-07-21,2025-07-27,2025-07-27,61,620,37820,1201.05,6,0,On Time,948,244,Overstocked,78,100.0
ORD101919,SUP005,Epsilon Engineering,Hyderabad,P009,Motor Coupling,Electrical,WH005,Hyderabad Warehouse,2025-05-13,2025-05-14,2025-05-18,2025-05-18,167,980,163660,2202.63,4,0,On Time,638,290,Healthy,157,100.0
ORD101920,SUP008,Prime Mechanical Works,Salem,P007,Steel Gear,Mechanical,WH002,Coimbatore Distribution Center,2026-05-12,2026-05-15,2026-05-17,2026-05-17,472,1650,778800,4974.42,2,0,On Time,1418,226,Overstocked,523,100.0
ORD101921,SUP004,Delta Auto Parts,Pune,P003,Bearing Assembly,Mechanical,WH003,Bengaluru Warehouse,2025-06-09,2025-06-10,2025-06-15,2025-06-15,357,540,192780,3360.58,5,0,On Time,530,280,Healthy,466,100.0
ORD101922,SUP003,Gamma Manufacturing,Bengaluru,P012,Oil Filter,Maintenance,WH001,Chennai Central Warehouse,2025-07-14,2025-07-16,2025-07-20,2025-07-20,79,310,24490,992.98,4,0,On Time,881,383,Healthy,121,100.0
ORD101923,SUP004,Delta Auto Parts,Pune,P005,Hydraulic Pump,Hydraulics,WH004,Pune Logistics Hub,2025-07-02,2025-07-03,2025-07-07,2025-07-07,150,4800,720000,2160.51,4,0,On Time,891,202,Overstocked,109,100.0
ORD101924,SUP003,Gamma Manufacturing,Bengaluru,P013,Air Filter,Maintenance,WH002,Coimbatore Distribution Center,2025-04-06,2025-04-09,2025-04-15,2025-04-15,137,260,35620,1284.39,6,0,On Time,870,270,Overstocked,170,100.0
ORD101925,SUP002,Beta Components Ltd,Coimbatore,P003,Bearing Assembly,Mechanical,WH003,Bengaluru Warehouse,2026-03-02,2026-03-03,2026-03-06,2026-03-06,148,540,79920,1891.15,3,0,On Time,762,326,Healthy,177,100.0
ORD101926,SUP001,Alpha Industrial Supplies,Chennai,P008,Timing Belt,Automotive,WH001,Chennai Central Warehouse,2025-11-11,2025-11-14,2025-11-18,2025-11-18,349,620,216380,3071.43,4,0,On Time,461,360,Healthy,470,100.0
ORD101927,SUP003,Gamma Manufacturing,Bengaluru,P008,Timing Belt,Automotive,WH004,Pune Logistics Hub,2025-08-27,2025-08-29,2025-08-31,2025-08-31,449,620,278380,4495.42,2,0,On Time,51,236,Critical,615,100.0
ORD101928,SUP006,Zeta Industrial Corp,Mumbai,P012,Oil Filter,Maintenance,WH004,Pune Logistics Hub,2025-08-05,2025-08-06,2025-08-11,2025-08-11,358,310,110980,2662.11,5,0,On Time,1066,259,Overstocked,472,100.0
ORD101929,SUP001,Alpha Industrial Supplies,Chennai,P002,Brake Pad Set,Automotive,WH005,Hyderabad Warehouse,2025-12-31,2026-01-03,2026-01-06,2026-01-06,249,780,194220,2494.44,3,0,On Time,697,405,Healthy,304,100.0
ORD101930,SUP004,Delta Auto Parts,Pune,P013,Air Filter,Maintenance,WH001,Chennai Central Warehouse,2025-02-22,2025-02-25,2025-03-01,2025-03-01,88,260,22880,1313.13,4,0,On Time,22,232,Critical,80,100.0
ORD101931,SUP005,Epsilon Engineering,Hyderabad,P008,Timing Belt,Automotive,WH005,Hyderabad Warehouse,2026-05-24,2026-05-25,2026-06-02,2026-06-02,80,620,49600,1195.98,8,0,On Time,762,355,Healthy,88,100.0
ORD101932,SUP005,Epsilon Engineering,Hyderabad,P008,Timing Belt,Automotive,WH002,Coimbatore Distribution Center,2025-11-05,2025-11-08,2025-11-12,2025-11-20,409,620,253580,2644.29,4,8,Delayed,842,284,Overstocked,657,33.33
ORD101933,SUP007,Omega Components,Delhi,P008,Timing Belt,Automotive,WH002,Coimbatore Distribution Center,2025-05-05,2025-05-08,2025-05-11,2025-05-11,342,620,212040,2408.26,3,0,On Time,524,260,Healthy,459,100.0
ORD101934,SUP007,Omega Components,Delhi,P001,Brake Disc,Automotive,WH002,Coimbatore Distribution Center,2025-10-21,2025-10-24,2025-10-28,2025-10-28,260,1250,325000,2981.39,4,0,On Time,497,419,Healthy,417,100.0
ORD101935,SUP006,Zeta Industrial Corp,Mumbai,P007,Steel Gear,Mechanical,WH002,Coimbatore Distribution Center,2026-04-11,2026-04-13,2026-04-20,2026-04-20,293,1650,483450,2628.8,7,0,On Time,766,330,Healthy,348,100.0
ORD101936,SUP001,Alpha Industrial Supplies,Chennai,P003,Bearing Assembly,Mechanical,WH003,Bengaluru Warehouse,2025-04-05,2025-04-06,2025-04-11,2025-04-11,426,540,230040,4051.41,5,0,On Time,1079,223,Overstocked,474,100.0
ORD101937,SUP004,Delta Auto Parts,Pune,P005,Hydraulic Pump,Hydraulics,WH001,Chennai Central Warehouse,2025-10-14,2025-10-16,2025-10-20,2025-10-20,409,4800,1963200,3438.7,4,0,On Time,1171,183,Overstocked,409,100.0
ORD101938,SUP005,Epsilon Engineering,Hyderabad,P009,Motor Coupling,Electrical,WH002,Coimbatore Distribution Center,2025-11-23,2025-11-26,2025-11-30,2025-11-30,52,980,50960,1166.88,4,0,On Time,1333,302,Overstocked,65,100.0
ORD101939,SUP002,Beta Components Ltd,Coimbatore,P007,Steel Gear,Mechanical,WH003,Bengaluru Warehouse,2026-03-19,2026-03-21,2026-03-23,2026-03-23,203,1650,334950,2142.88,2,0,On Time,1111,259,Overstocked,203,100.0
ORD101940,SUP001,Alpha Industrial Supplies,Chennai,P001,Brake Disc,Automotive,WH004,Pune Logistics Hub,2025-11-06,2025-11-08,2025-11-13,2025-11-13,31,1250,38750,889.91,5,0,On Time,561,364,Healthy,52,100.0
ORD101941,SUP002,Beta Components Ltd,Coimbatore,P001,Brake Disc,Automotive,WH004,Pune Logistics Hub,2026-02-07,2026-02-10,2026-02-12,2026-02-12,198,1250,247500,1823.63,2,0,On Time,293,241,Healthy,250,100.0
ORD101942,SUP004,Delta Auto Parts,Pune,P002,Brake Pad Set,Automotive,WH003,Bengaluru Warehouse,2026-02-27,2026-03-01,2026-03-06,2026-03-06,322,780,251160,1992.01,5,0,On Time,655,324,Healthy,354,100.0
ORD101943,SUP004,Delta Auto Parts,Pune,P003,Bearing Assembly,Mechanical,WH001,Chennai Central Warehouse,2026-05-02,2026-05-03,2026-05-08,2026-05-08,112,540,60480,1621.67,5,0,On Time,907,246,Overstocked,118,100.0
ORD101944,SUP002,Beta Components Ltd,Coimbatore,P009,Motor Coupling,Electrical,WH004,Pune Logistics Hub,2025-07-17,2025-07-20,2025-07-25,2025-07-25,83,980,81340,1450.7,5,0,On Time,860,201,Overstocked,73,100.0
ORD101945,SUP007,Omega Components,Delhi,P002,Brake Pad Set,Automotive,WH001,Chennai Central Warehouse,2026-01-20,2026-01-22,2026-01-25,2026-01-25,251,780,195780,2653.35,3,0,On Time,856,255,Overstocked,328,100.0
ORD101946,SUP008,Prime Mechanical Works,Salem,P013,Air Filter,Maintenance,WH002,Coimbatore Distribution Center,2025-05-16,2025-05-18,2025-05-24,2025-05-28,267,260,69420,2786.85,6,4,Delayed,904,252,Overstocked,353,60.0
ORD101947,SUP002,Beta Components Ltd,Coimbatore,P003,Bearing Assembly,Mechanical,WH001,Chennai Central Warehouse,2026-04-06,2026-04-08,2026-04-13,2026-04-13,360,540,194400,3610.5,5,0,On Time,908,286,Overstocked,450,100.0
ORD101948,SUP008,Prime Mechanical Works,Salem,P001,Brake Disc,Automotive,WH004,Pune Logistics Hub,2026-06-04,2026-06-07,2026-06-12,2026-06-12,16,1250,20000,908.29,5,0,On Time,552,316,Healthy,25,100.0
ORD101949,SUP001,Alpha Industrial Supplies,Chennai,P013,Air Filter,Maintenance,WH002,Coimbatore Distribution Center,2025-06-10,2025-06-13,2025-06-15,2025-06-22,131,260,34060,1679.09,2,7,Delayed,824,330,Healthy,154,22.22
ORD101950,SUP008,Prime Mechanical Works,Salem,P004,Drive Shaft,Automotive,WH003,Bengaluru Warehouse,2025-11-03,2025-11-06,2025-11-13,2025-11-13,392,3200,1254400,2897.6,7,0,On Time,1845,229,Overstocked,447,100.0
ORD101951,SUP008,Prime Mechanical Works,Salem,P006,Control Valve,Hydraulics,WH002,Coimbatore Distribution Center,2026-03-25,2026-03-28,2026-04-01,2026-04-07,344,2150,739600,2235.55,4,6,Delayed,434,191,Healthy,329,40.0
ORD101952,SUP001,Alpha Industrial Supplies,Chennai,P014,Industrial Fan,Electrical,WH002,Coimbatore Distribution Center,2025-01-15,2025-01-16,2025-01-22,2025-01-22,451,3900,1758900,3955.51,6,0,On Time,1445,176,Overstocked,299,100.0
ORD101953,SUP006,Zeta Industrial Corp,Mumbai,P014,Industrial Fan,Electrical,WH002,Coimbatore Distribution Center,2026-01-20,2026-01-23,2026-01-30,2026-01-30,410,3900,1599000,4121.59,7,0,On Time,1997,151,Overstocked,239,100.0
ORD101954,SUP008,Prime Mechanical Works,Salem,P010,Pressure Sensor,Electrical,WH001,Chennai Central Warehouse,2026-03-25,2026-03-28,2026-04-02,2026-04-02,421,1450,610450,3511.92,5,0,On Time,651,179,Overstocked,320,100.0
ORD101955,SUP008,Prime Mechanical Works,Salem,P001,Brake Disc,Automotive,WH002,Coimbatore Distribution Center,2026-04-21,2026-04-22,2026-04-28,2026-04-28,260,1250,325000,2139.28,6,0,On Time,861,249,Overstocked,327,100.0
ORD101956,SUP008,Prime Mechanical Works,Salem,P008,Timing Belt,Automotive,WH003,Bengaluru Warehouse,2025-04-18,2025-04-20,2025-04-21,2025-04-24,480,620,297600,4660.6,1,3,Delayed,990,316,Overstocked,568,25.0
ORD101957,SUP005,Epsilon Engineering,Hyderabad,P015,Pneumatic Cylinder,Pneumatics,WH003,Bengaluru Warehouse,2026-02-18,2026-02-21,2026-02-25,2026-02-25,214,1850,395900,2131.76,4,0,On Time,514,215,Healthy,145,100.0
ORD101958,SUP001,Alpha Industrial Supplies,Chennai,P014,Industrial Fan,Electrical,WH001,Chennai Central Warehouse,2026-03-06,2026-03-08,2026-03-13,2026-03-13,453,3900,1766700,3128.81,5,0,On Time,1615,169,Overstocked,278,100.0
ORD101959,SUP007,Omega Components,Delhi,P002,Brake Pad Set,Automotive,WH004,Pune Logistics Hub,2025-01-02,2025-01-05,2025-01-09,2025-01-09,202,780,157560,2695.74,4,0,On Time,576,315,Healthy,240,100.0
ORD101960,SUP005,Epsilon Engineering,Hyderabad,P006,Control Valve,Hydraulics,WH002,Coimbatore Distribution Center,2026-01-21,2026-01-23,2026-01-26,2026-01-28,228,2150,490200,2347.4,3,2,Delayed,835,185,Overstocked,231,60.0
ORD101961,SUP005,Epsilon Engineering,Hyderabad,P004,Drive Shaft,Automotive,WH001,Chennai Central Warehouse,2025-12-08,2025-12-09,2025-12-13,2025-12-13,346,3200,1107200,2534.19,4,0,On Time,949,273,Overstocked,275,100.0
ORD101962,SUP004,Delta Auto Parts,Pune,P002,Brake Pad Set,Automotive,WH001,Chennai Central Warehouse,2026-06-13,2026-06-14,2026-06-16,2026-06-16,205,780,159900,1799.39,2,0,On Time,1015,284,Overstocked,236,100.0
ORD101963,SUP005,Epsilon Engineering,Hyderabad,P010,Pressure Sensor,Electrical,WH003,Bengaluru Warehouse,2025-01-24,2025-01-27,2025-02-01,2025-02-01,82,1450,118900,1322.29,5,0,On Time,1023,165,Overstocked,64,100.0
ORD101964,SUP002,Beta Components Ltd,Coimbatore,P004,Drive Shaft,Automotive,WH002,Coimbatore Distribution Center,2026-06-12,2026-06-15,2026-06-17,2026-06-17,450,3200,1440000,3535.86,2,0,On Time,857,220,Overstocked,427,100.0
ORD101965,SUP006,Zeta Industrial Corp,Mumbai,P005,Hydraulic Pump,Hydraulics,WH004,Pune Logistics Hub,2025-11-08,2025-11-10,2025-11-16,2025-11-16,232,4800,1113600,2000.54,6,0,On Time,863,176,Overstocked,225,100.0
ORD101966,SUP001,Alpha Industrial Supplies,Chennai,P001,Brake Disc,Automotive,WH002,Coimbatore Distribution Center,2025-05-30,2025-06-01,2025-06-06,2025-06-06,465,1250,581250,4090.96,5,0,On Time,575,320,Healthy,717,100.0
ORD101967,SUP006,Zeta Industrial Corp,Mumbai,P007,Steel Gear,Mechanical,WH004,Pune Logistics Hub,2025-07-31,2025-08-02,2025-08-06,2025-08-06,205,1650,338250,2540.37,4,0,On Time,466,227,Healthy,204,100.0
ORD101968,SUP007,Omega Components,Delhi,P002,Brake Pad Set,Automotive,WH002,Coimbatore Distribution Center,2026-02-23,2026-02-26,2026-03-02,2026-03-02,487,780,379860,2499.15,4,0,On Time,570,300,Healthy,535,100.0
ORD101969,SUP004,Delta Auto Parts,Pune,P007,Steel Gear,Mechanical,WH003,Bengaluru Warehouse,2026-06-28,2026-07-01,2026-07-06,2026-07-06,306,1650,504900,2906.22,5,0,On Time,841,321,Overstocked,405,100.0
ORD101970,SUP004,Delta Auto Parts,Pune,P002,Brake Pad Set,Automotive,WH004,Pune Logistics Hub,2025-06-23,2025-06-26,2025-07-02,2025-07-02,387,780,301860,3827.47,6,0,On Time,717,345,Healthy,538,100.0
ORD101971,SUP003,Gamma Manufacturing,Bengaluru,P014,Industrial Fan,Electrical,WH002,Coimbatore Distribution Center,2026-06-22,2026-06-25,2026-06-27,2026-06-27,380,3900,1482000,2896.68,2,0,On Time,1739,171,Overstocked,283,100.0
ORD101972,SUP008,Prime Mechanical Works,Salem,P002,Brake Pad Set,Automotive,WH001,Chennai Central Warehouse,2025-12-10,2025-12-13,2025-12-18,2025-12-18,109,780,85020,1309.21,5,0,On Time,765,307,Healthy,170,100.0
ORD101973,SUP006,Zeta Industrial Corp,Mumbai,P008,Timing Belt,Automotive,WH003,Bengaluru Warehouse,2025-04-15,2025-04-17,2025-04-20,2025-04-22,410,620,254200,3074.4,3,2,Delayed,608,348,Healthy,483,60.0
ORD101974,SUP003,Gamma Manufacturing,Bengaluru,P003,Bearing Assembly,Mechanical,WH005,Hyderabad Warehouse,2025-11-23,2025-11-24,2025-11-25,2025-11-25,473,540,255420,3956.6,1,0,On Time,496,336,Healthy,583,100.0
ORD101975,SUP002,Beta Components Ltd,Coimbatore,P001,Brake Disc,Automotive,WH005,Hyderabad Warehouse,2026-03-14,2026-03-16,2026-03-20,2026-03-20,334,1250,417500,3788.96,4,0,On Time,717,304,Healthy,371,100.0
ORD101976,SUP002,Beta Components Ltd,Coimbatore,P003,Bearing Assembly,Mechanical,WH001,Chennai Central Warehouse,2025-01-30,2025-02-02,2025-02-06,2025-02-06,475,540,256500,3601.19,4,0,On Time,743,209,Overstocked,544,100.0
ORD101977,SUP004,Delta Auto Parts,Pune,P001,Brake Disc,Automotive,WH004,Pune Logistics Hub,2025-02-13,2025-02-15,2025-02-21,2025-03-04,425,1250,531250,5306.05,6,11,Delayed,590,244,Healthy,541,35.29
ORD101978,SUP008,Prime Mechanical Works,Salem,P002,Brake Pad Set,Automotive,WH002,Coimbatore Distribution Center,2025-01-03,2025-01-04,2025-01-08,2025-01-08,337,780,262860,2686.85,4,0,On Time,733,260,Overstocked,354,100.0
ORD101979,SUP006,Zeta Industrial Corp,Mumbai,P007,Steel Gear,Mechanical,WH001,Chennai Central Warehouse,2025-11-08,2025-11-11,2025-11-18,2025-11-18,244,1650,402600,2544.81,7,0,On Time,948,349,Overstocked,316,100.0
ORD101980,SUP002,Beta Components Ltd,Coimbatore,P009,Motor Coupling,Electrical,WH004,Pune Logistics Hub,2025-02-01,2025-02-04,2025-02-08,2025-02-08,430,980,421400,4074.19,4,0,On Time,918,234,Overstocked,365,100.0
ORD101981,SUP007,Omega Components,Delhi,P001,Brake Disc,Automotive,WH003,Bengaluru Warehouse,2026-05-24,2026-05-26,2026-05-29,2026-05-29,101,1250,126250,1573.23,3,0,On Time,642,404,Healthy,122,100.0
ORD101982,SUP003,Gamma Manufacturing,Bengaluru,P007,Steel Gear,Mechanical,WH003,Bengaluru Warehouse,2025-03-11,2025-03-13,2025-03-16,2025-03-19,285,1650,470250,3354.86,3,3,Delayed,596,247,Healthy,331,50.0
ORD101983,SUP007,Omega Components,Delhi,P008,Timing Belt,Automotive,WH004,Pune Logistics Hub,2025-02-09,2025-02-10,2025-02-14,2025-02-14,410,620,254200,3824.63,4,0,On Time,513,259,Healthy,434,100.0
ORD101984,SUP002,Beta Components Ltd,Coimbatore,P003,Bearing Assembly,Mechanical,WH002,Coimbatore Distribution Center,2025-05-21,2025-05-24,2025-05-29,2025-05-30,473,540,255420,3808.81,5,1,Delayed,942,325,Overstocked,623,83.33
ORD101985,SUP005,Epsilon Engineering,Hyderabad,P006,Control Valve,Hydraulics,WH004,Pune Logistics Hub,2026-02-21,2026-02-22,2026-02-27,2026-02-27,141,2150,303150,2195.1,5,0,On Time,687,195,Overstocked,133,100.0
ORD101986,SUP008,Prime Mechanical Works,Salem,P001,Brake Disc,Automotive,WH002,Coimbatore Distribution Center,2026-05-11,2026-05-13,2026-05-18,2026-05-19,56,1250,70000,1252.21,5,1,Delayed,360,335,Healthy,71,83.33
ORD101987,SUP003,Gamma Manufacturing,Bengaluru,P003,Bearing Assembly,Mechanical,WH001,Chennai Central Warehouse,2025-05-18,2025-05-20,2025-05-21,2025-05-21,173,540,93420,2272.82,1,0,On Time,1068,313,Overstocked,219,100.0
ORD101988,SUP006,Zeta Industrial Corp,Mumbai,P007,Steel Gear,Mechanical,WH002,Coimbatore Distribution Center,2025-10-11,2025-10-12,2025-10-15,2025-10-15,434,1650,716100,2707.43,3,0,On Time,532,265,Healthy,577,100.0
ORD101989,SUP008,Prime Mechanical Works,Salem,P015,Pneumatic Cylinder,Pneumatics,WH005,Hyderabad Warehouse,2026-02-27,2026-03-01,2026-03-05,2026-03-05,267,1850,493950,1807.15,4,0,On Time,973,171,Overstocked,197,100.0
ORD101990,SUP002,Beta Components Ltd,Coimbatore,P015,Pneumatic Cylinder,Pneumatics,WH003,Bengaluru Warehouse,2026-03-12,2026-03-15,2026-03-19,2026-03-19,37,1850,68450,978.27,4,0,On Time,1162,193,Overstocked,29,100.0
ORD101991,SUP001,Alpha Industrial Supplies,Chennai,P015,Pneumatic Cylinder,Pneumatics,WH001,Chennai Central Warehouse,2025-03-25,2025-03-28,2025-04-01,2025-04-01,68,1850,125800,1237.13,4,0,On Time,1001,215,Overstocked,63,100.0
ORD101992,SUP006,Zeta Industrial Corp,Mumbai,P006,Control Valve,Hydraulics,WH004,Pune Logistics Hub,2026-04-03,2026-04-05,2026-04-10,2026-04-10,176,2150,378400,1594.24,5,0,On Time,147,217,Low,185,100.0
ORD101993,SUP003,Gamma Manufacturing,Bengaluru,P001,Brake Disc,Automotive,WH005,Hyderabad Warehouse,2026-04-19,2026-04-20,2026-04-24,2026-04-25,178,1250,222500,1868.47,4,1,Delayed,738,277,Overstocked,250,80.0
ORD101994,SUP001,Alpha Industrial Supplies,Chennai,P005,Hydraulic Pump,Hydraulics,WH005,Hyderabad Warehouse,2026-02-06,2026-02-09,2026-02-11,2026-02-11,76,4800,364800,1392.56,2,0,On Time,1566,141,Overstocked,49,100.0
ORD101995,SUP004,Delta Auto Parts,Pune,P003,Bearing Assembly,Mechanical,WH003,Bengaluru Warehouse,2025-10-15,2025-10-16,2025-10-21,2025-10-21,252,540,136080,2011.39,5,0,On Time,973,362,Overstocked,349,100.0
ORD101996,SUP006,Zeta Industrial Corp,Mumbai,P001,Brake Disc,Automotive,WH002,Coimbatore Distribution Center,2025-08-02,2025-08-05,2025-08-08,2025-08-08,245,1250,306250,2658.33,3,0,On Time,195,381,Critical,345,100.0
ORD101997,SUP003,Gamma Manufacturing,Bengaluru,P001,Brake Disc,Automotive,WH003,Bengaluru Warehouse,2026-05-01,2026-05-03,2026-05-06,2026-05-06,107,1250,133750,1305.72,3,0,On Time,1157,391,Overstocked,137,100.0
ORD101998,SUP003,Gamma Manufacturing,Bengaluru,P007,Steel Gear,Mechanical,WH004,Pune Logistics Hub,2026-04-17,2026-04-19,2026-04-20,2026-04-20,124,1650,204600,1957.68,1,0,On Time,407,309,Healthy,127,100.0
ORD101999,SUP007,Omega Components,Delhi,P005,Hydraulic Pump,Hydraulics,WH005,Hyderabad Warehouse,2025-10-10,2025-10-12,2025-10-16,2025-10-16,336,4800,1612800,2890.45,4,0,On Time,703,180,Overstocked,291,100.0
ORD102000,SUP004,Delta Auto Parts,Pune,P002,Brake Pad Set,Automotive,WH004,Pune Logistics Hub,2026-02-10,2026-02-12,2026-02-16,2026-02-21,477,780,372060,4608.5,4,5,Delayed,795,219,Overstocked,564,44.44
